Timestamp,Hour,Prob_Severe,Prob_Very Poor,Prob_Poor,Prob_Moderate,Prob_Satisfactory,Prob_Good
01-01-2025 00:00,0,0.143192488,0.323552426,0.205790297,0.246087637,0.068075117,0.012910798
01-01-2025 01:00,1,0.140453834,0.299687011,0.196400626,0.258607199,0.088028169,0.016823161
01-01-2025 02:00,2,0.131455399,0.299687011,0.198748044,0.25743349,0.092331768,0.019953052
01-01-2025 03:00,3,0.113067293,0.300469484,0.197965571,0.272300469,0.09428795,0.021517997
01-01-2025 04:00,4,0.106025039,0.291471049,0.207746479,0.274256651,0.099374022,0.021126761
01-01-2025 05:00,5,0.103286385,0.299295775,0.206964006,0.273474178,0.093505477,0.022691706
01-01-2025 06:00,6,0.089593114,0.3114241,0.218701095,0.270344288,0.08685446,0.023082942
01-01-2025 07:00,7,0.09741784,0.330203443,0.216353678,0.258215962,0.078638498,0.019170579
01-01-2025 08:00,8,0.122065728,0.362676056,0.20970266,0.222613459,0.069248826,0.013693271
01-01-2025 09:00,9,0.153364632,0.338028169,0.197574335,0.222222222,0.073552426,0.015258216
01-01-2025 10:00,10,0.156103286,0.297730829,0.207355243,0.249217527,0.075899844,0.012910798
01-01-2025 11:00,11,0.123239437,0.275039124,0.220657277,0.29342723,0.075117371,0.012519562
01-01-2025 12:00,12,0.098200313,0.248043818,0.205399061,0.347809077,0.087245696,0.012519562
01-01-2025 13:00,13,0.063771518,0.209311424,0.213223787,0.399843505,0.104068858,0.009780908
01-01-2025 14:00,14,0.052425665,0.167057903,0.185054773,0.460485133,0.123630673,0.011345853
01-01-2025 15:00,15,0.039906103,0.143192488,0.154147105,0.504303599,0.140062598,0.018388106
01-01-2025 16:00,16,0.041471049,0.121283255,0.148669797,0.511737089,0.157276995,0.019561815
01-01-2025 17:00,17,0.036776213,0.127543036,0.153364632,0.490610329,0.16627543,0.025039124
01-01-2025 18:00,18,0.045383412,0.160015649,0.175665102,0.460093897,0.142018779,0.016431925
01-01-2025 19:00,19,0.0614241,0.200704225,0.216744914,0.405320814,0.10172144,0.014084507
01-01-2025 20:00,20,0.096244131,0.254303599,0.246087637,0.327073552,0.064945227,0.011345853
01-01-2025 21:00,21,0.129890454,0.309859155,0.238654147,0.253912363,0.058685446,0.008607199
01-01-2025 22:00,22,0.143192488,0.329029734,0.223395931,0.231611894,0.064162754,0.008607199
01-01-2025 23:00,23,0.145539906,0.332550861,0.206181534,0.240610329,0.066510172,0.008607199
02-01-2025 00:00,0,0.143192488,0.323552426,0.205790297,0.246087637,0.068075117,0.012910798
02-01-2025 01:00,1,0.140453834,0.299687011,0.196400626,0.258607199,0.088028169,0.016823161
02-01-2025 02:00,2,0.131455399,0.299687011,0.198748044,0.25743349,0.092331768,0.019953052
02-01-2025 03:00,3,0.113067293,0.300469484,0.197965571,0.272300469,0.09428795,0.021517997
02-01-2025 04:00,4,0.106025039,0.291471049,0.207746479,0.274256651,0.099374022,0.021126761
02-01-2025 05:00,5,0.103286385,0.299295775,0.206964006,0.273474178,0.093505477,0.022691706
02-01-2025 06:00,6,0.089593114,0.3114241,0.218701095,0.270344288,0.08685446,0.023082942
02-01-2025 07:00,7,0.09741784,0.330203443,0.216353678,0.258215962,0.078638498,0.019170579
02-01-2025 08:00,8,0.122065728,0.362676056,0.20970266,0.222613459,0.069248826,0.013693271
02-01-2025 09:00,9,0.153364632,0.338028169,0.197574335,0.222222222,0.073552426,0.015258216
02-01-2025 10:00,10,0.156103286,0.297730829,0.207355243,0.249217527,0.075899844,0.012910798
02-01-2025 11:00,11,0.123239437,0.275039124,0.220657277,0.29342723,0.075117371,0.012519562
02-01-2025 12:00,12,0.098200313,0.248043818,0.205399061,0.347809077,0.087245696,0.012519562
02-01-2025 13:00,13,0.063771518,0.209311424,0.213223787,0.399843505,0.104068858,0.009780908
02-01-2025 14:00,14,0.052425665,0.167057903,0.185054773,0.460485133,0.123630673,0.011345853
02-01-2025 15:00,15,0.039906103,0.143192488,0.154147105,0.504303599,0.140062598,0.018388106
02-01-2025 16:00,16,0.041471049,0.121283255,0.148669797,0.511737089,0.157276995,0.019561815
02-01-2025 17:00,17,0.036776213,0.127543036,0.153364632,0.490610329,0.16627543,0.025039124
02-01-2025 18:00,18,0.045383412,0.160015649,0.175665102,0.460093897,0.142018779,0.016431925
02-01-2025 19:00,19,0.0614241,0.200704225,0.216744914,0.405320814,0.10172144,0.014084507
02-01-2025 20:00,20,0.096244131,0.254303599,0.246087637,0.327073552,0.064945227,0.011345853
02-01-2025 21:00,21,0.129890454,0.309859155,0.238654147,0.253912363,0.058685446,0.008607199
02-01-2025 22:00,22,0.143192488,0.329029734,0.223395931,0.231611894,0.064162754,0.008607199
02-01-2025 23:00,23,0.145539906,0.332550861,0.206181534,0.240610329,0.066510172,0.008607199
03-01-2025 00:00,0,0.143192488,0.323552426,0.205790297,0.246087637,0.068075117,0.012910798
03-01-2025 01:00,1,0.140453834,0.299687011,0.196400626,0.258607199,0.088028169,0.016823161
03-01-2025 02:00,2,0.131455399,0.299687011,0.198748044,0.25743349,0.092331768,0.019953052
03-01-2025 03:00,3,0.113067293,0.300469484,0.197965571,0.272300469,0.09428795,0.021517997
03-01-2025 04:00,4,0.106025039,0.291471049,0.207746479,0.274256651,0.099374022,0.021126761
03-01-2025 05:00,5,0.103286385,0.299295775,0.206964006,0.273474178,0.093505477,0.022691706
03-01-2025 06:00,6,0.089593114,0.3114241,0.218701095,0.270344288,0.08685446,0.023082942
03-01-2025 07:00,7,0.09741784,0.330203443,0.216353678,0.258215962,0.078638498,0.019170579
03-01-2025 08:00,8,0.122065728,0.362676056,0.20970266,0.222613459,0.069248826,0.013693271
03-01-2025 09:00,9,0.153364632,0.338028169,0.197574335,0.222222222,0.073552426,0.015258216
03-01-2025 10:00,10,0.156103286,0.297730829,0.207355243,0.249217527,0.075899844,0.012910798
03-01-2025 11:00,11,0.123239437,0.275039124,0.220657277,0.29342723,0.075117371,0.012519562
03-01-2025 12:00,12,0.098200313,0.248043818,0.205399061,0.347809077,0.087245696,0.012519562
03-01-2025 13:00,13,0.063771518,0.209311424,0.213223787,0.399843505,0.104068858,0.009780908
03-01-2025 14:00,14,0.052425665,0.167057903,0.185054773,0.460485133,0.123630673,0.011345853
03-01-2025 15:00,15,0.039906103,0.143192488,0.154147105,0.504303599,0.140062598,0.018388106
03-01-2025 16:00,16,0.041471049,0.121283255,0.148669797,0.511737089,0.157276995,0.019561815
03-01-2025 17:00,17,0.036776213,0.127543036,0.153364632,0.490610329,0.16627543,0.025039124
03-01-2025 18:00,18,0.045383412,0.160015649,0.175665102,0.460093897,0.142018779,0.016431925
03-01-2025 19:00,19,0.0614241,0.200704225,0.216744914,0.405320814,0.10172144,0.014084507
03-01-2025 20:00,20,0.096244131,0.254303599,0.246087637,0.327073552,0.064945227,0.011345853
03-01-2025 21:00,21,0.129890454,0.309859155,0.238654147,0.253912363,0.058685446,0.008607199
03-01-2025 22:00,22,0.143192488,0.329029734,0.223395931,0.231611894,0.064162754,0.008607199
03-01-2025 23:00,23,0.145539906,0.332550861,0.206181534,0.240610329,0.066510172,0.008607199
04-01-2025 00:00,0,0.143192488,0.323552426,0.205790297,0.246087637,0.068075117,0.012910798
04-01-2025 01:00,1,0.140453834,0.299687011,0.196400626,0.258607199,0.088028169,0.016823161
04-01-2025 02:00,2,0.131455399,0.299687011,0.198748044,0.25743349,0.092331768,0.019953052
04-01-2025 03:00,3,0.113067293,0.300469484,0.197965571,0.272300469,0.09428795,0.021517997
04-01-2025 04:00,4,0.106025039,0.291471049,0.207746479,0.274256651,0.099374022,0.021126761
04-01-2025 05:00,5,0.103286385,0.299295775,0.206964006,0.273474178,0.093505477,0.022691706
04-01-2025 06:00,6,0.089593114,0.3114241,0.218701095,0.270344288,0.08685446,0.023082942
04-01-2025 07:00,7,0.09741784,0.330203443,0.216353678,0.258215962,0.078638498,0.019170579
04-01-2025 08:00,8,0.122065728,0.362676056,0.20970266,0.222613459,0.069248826,0.013693271
04-01-2025 09:00,9,0.153364632,0.338028169,0.197574335,0.222222222,0.073552426,0.015258216
04-01-2025 10:00,10,0.156103286,0.297730829,0.207355243,0.249217527,0.075899844,0.012910798
04-01-2025 11:00,11,0.123239437,0.275039124,0.220657277,0.29342723,0.075117371,0.012519562
04-01-2025 12:00,12,0.098200313,0.248043818,0.205399061,0.347809077,0.087245696,0.012519562
04-01-2025 13:00,13,0.063771518,0.209311424,0.213223787,0.399843505,0.104068858,0.009780908
04-01-2025 14:00,14,0.052425665,0.167057903,0.185054773,0.460485133,0.123630673,0.011345853
04-01-2025 15:00,15,0.039906103,0.143192488,0.154147105,0.504303599,0.140062598,0.018388106
04-01-2025 16:00,16,0.041471049,0.121283255,0.148669797,0.511737089,0.157276995,0.019561815
04-01-2025 17:00,17,0.036776213,0.127543036,0.153364632,0.490610329,0.16627543,0.025039124
04-01-2025 18:00,18,0.045383412,0.160015649,0.175665102,0.460093897,0.142018779,0.016431925
04-01-2025 19:00,19,0.0614241,0.200704225,0.216744914,0.405320814,0.10172144,0.014084507
04-01-2025 20:00,20,0.096244131,0.254303599,0.246087637,0.327073552,0.064945227,0.011345853
04-01-2025 21:00,21,0.129890454,0.309859155,0.238654147,0.253912363,0.058685446,0.008607199
04-01-2025 22:00,22,0.143192488,0.329029734,0.223395931,0.231611894,0.064162754,0.008607199
04-01-2025 23:00,23,0.145539906,0.332550861,0.206181534,0.240610329,0.066510172,0.008607199
05-01-2025 00:00,0,0.143192488,0.323552426,0.205790297,0.246087637,0.068075117,0.012910798
05-01-2025 01:00,1,0.140453834,0.299687011,0.196400626,0.258607199,0.088028169,0.016823161
05-01-2025 02:00,2,0.131455399,0.299687011,0.198748044,0.25743349,0.092331768,0.019953052
05-01-2025 03:00,3,0.113067293,0.300469484,0.197965571,0.272300469,0.09428795,0.021517997
05-01-2025 04:00,4,0.106025039,0.291471049,0.207746479,0.274256651,0.099374022,0.021126761
05-01-2025 05:00,5,0.103286385,0.299295775,0.206964006,0.273474178,0.093505477,0.022691706
05-01-2025 06:00,6,0.089593114,0.3114241,0.218701095,0.270344288,0.08685446,0.023082942
05-01-2025 07:00,7,0.09741784,0.330203443,0.216353678,0.258215962,0.078638498,0.019170579
05-01-2025 08:00,8,0.122065728,0.362676056,0.20970266,0.222613459,0.069248826,0.013693271
05-01-2025 09:00,9,0.153364632,0.338028169,0.197574335,0.222222222,0.073552426,0.015258216
05-01-2025 10:00,10,0.156103286,0.297730829,0.207355243,0.249217527,0.075899844,0.012910798
05-01-2025 11:00,11,0.123239437,0.275039124,0.220657277,0.29342723,0.075117371,0.012519562
05-01-2025 12:00,12,0.098200313,0.248043818,0.205399061,0.347809077,0.087245696,0.012519562
05-01-2025 13:00,13,0.063771518,0.209311424,0.213223787,0.399843505,0.104068858,0.009780908
05-01-2025 14:00,14,0.052425665,0.167057903,0.185054773,0.460485133,0.123630673,0.011345853
05-01-2025 15:00,15,0.039906103,0.143192488,0.154147105,0.504303599,0.140062598,0.018388106
05-01-2025 16:00,16,0.041471049,0.121283255,0.148669797,0.511737089,0.157276995,0.019561815
05-01-2025 17:00,17,0.036776213,0.127543036,0.153364632,0.490610329,0.16627543,0.025039124
05-01-2025 18:00,18,0.045383412,0.160015649,0.175665102,0.460093897,0.142018779,0.016431925
05-01-2025 19:00,19,0.0614241,0.200704225,0.216744914,0.405320814,0.10172144,0.014084507
05-01-2025 20:00,20,0.096244131,0.254303599,0.246087637,0.327073552,0.064945227,0.011345853
05-01-2025 21:00,21,0.129890454,0.309859155,0.238654147,0.253912363,0.058685446,0.008607199
05-01-2025 22:00,22,0.143192488,0.329029734,0.223395931,0.231611894,0.064162754,0.008607199
05-01-2025 23:00,23,0.145539906,0.332550861,0.206181534,0.240610329,0.066510172,0.008607199
06-01-2025 00:00,0,0.143192488,0.323552426,0.205790297,0.246087637,0.068075117,0.012910798
06-01-2025 01:00,1,0.140453834,0.299687011,0.196400626,0.258607199,0.088028169,0.016823161
06-01-2025 02:00,2,0.131455399,0.299687011,0.198748044,0.25743349,0.092331768,0.019953052
06-01-2025 03:00,3,0.113067293,0.300469484,0.197965571,0.272300469,0.09428795,0.021517997
06-01-2025 04:00,4,0.106025039,0.291471049,0.207746479,0.274256651,0.099374022,0.021126761
06-01-2025 05:00,5,0.103286385,0.299295775,0.206964006,0.273474178,0.093505477,0.022691706
06-01-2025 06:00,6,0.089593114,0.3114241,0.218701095,0.270344288,0.08685446,0.023082942
06-01-2025 07:00,7,0.09741784,0.330203443,0.216353678,0.258215962,0.078638498,0.019170579
06-01-2025 08:00,8,0.122065728,0.362676056,0.20970266,0.222613459,0.069248826,0.013693271
06-01-2025 09:00,9,0.153364632,0.338028169,0.197574335,0.222222222,0.073552426,0.015258216
06-01-2025 10:00,10,0.156103286,0.297730829,0.207355243,0.249217527,0.075899844,0.012910798
06-01-2025 11:00,11,0.123239437,0.275039124,0.220657277,0.29342723,0.075117371,0.012519562
06-01-2025 12:00,12,0.098200313,0.248043818,0.205399061,0.347809077,0.087245696,0.012519562
06-01-2025 13:00,13,0.063771518,0.209311424,0.213223787,0.399843505,0.104068858,0.009780908
06-01-2025 14:00,14,0.052425665,0.167057903,0.185054773,0.460485133,0.123630673,0.011345853
06-01-2025 15:00,15,0.039906103,0.143192488,0.154147105,0.504303599,0.140062598,0.018388106
06-01-2025 16:00,16,0.041471049,0.121283255,0.148669797,0.511737089,0.157276995,0.019561815
06-01-2025 17:00,17,0.036776213,0.127543036,0.153364632,0.490610329,0.16627543,0.025039124
06-01-2025 18:00,18,0.045383412,0.160015649,0.175665102,0.460093897,0.142018779,0.016431925
06-01-2025 19:00,19,0.0614241,0.200704225,0.216744914,0.405320814,0.10172144,0.014084507
06-01-2025 20:00,20,0.096244131,0.254303599,0.246087637,0.327073552,0.064945227,0.011345853
06-01-2025 21:00,21,0.129890454,0.309859155,0.238654147,0.253912363,0.058685446,0.008607199
06-01-2025 22:00,22,0.143192488,0.329029734,0.223395931,0.231611894,0.064162754,0.008607199
06-01-2025 23:00,23,0.145539906,0.332550861,0.206181534,0.240610329,0.066510172,0.008607199
07-01-2025 00:00,0,0.143192488,0.323552426,0.205790297,0.246087637,0.068075117,0.012910798
07-01-2025 01:00,1,0.140453834,0.299687011,0.196400626,0.258607199,0.088028169,0.016823161
07-01-2025 02:00,2,0.131455399,0.299687011,0.198748044,0.25743349,0.092331768,0.019953052
07-01-2025 03:00,3,0.113067293,0.300469484,0.197965571,0.272300469,0.09428795,0.021517997
07-01-2025 04:00,4,0.106025039,0.291471049,0.207746479,0.274256651,0.099374022,0.021126761
07-01-2025 05:00,5,0.103286385,0.299295775,0.206964006,0.273474178,0.093505477,0.022691706
07-01-2025 06:00,6,0.089593114,0.3114241,0.218701095,0.270344288,0.08685446,0.023082942
07-01-2025 07:00,7,0.09741784,0.330203443,0.216353678,0.258215962,0.078638498,0.019170579
07-01-2025 08:00,8,0.122065728,0.362676056,0.20970266,0.222613459,0.069248826,0.013693271
07-01-2025 09:00,9,0.153364632,0.338028169,0.197574335,0.222222222,0.073552426,0.015258216
07-01-2025 10:00,10,0.156103286,0.297730829,0.207355243,0.249217527,0.075899844,0.012910798
07-01-2025 11:00,11,0.123239437,0.275039124,0.220657277,0.29342723,0.075117371,0.012519562
07-01-2025 12:00,12,0.098200313,0.248043818,0.205399061,0.347809077,0.087245696,0.012519562
07-01-2025 13:00,13,0.063771518,0.209311424,0.213223787,0.399843505,0.104068858,0.009780908
07-01-2025 14:00,14,0.052425665,0.167057903,0.185054773,0.460485133,0.123630673,0.011345853
07-01-2025 15:00,15,0.039906103,0.143192488,0.154147105,0.504303599,0.140062598,0.018388106
07-01-2025 16:00,16,0.041471049,0.121283255,0.148669797,0.511737089,0.157276995,0.019561815
07-01-2025 17:00,17,0.036776213,0.127543036,0.153364632,0.490610329,0.16627543,0.025039124
07-01-2025 18:00,18,0.045383412,0.160015649,0.175665102,0.460093897,0.142018779,0.016431925
07-01-2025 19:00,19,0.0614241,0.200704225,0.216744914,0.405320814,0.10172144,0.014084507
07-01-2025 20:00,20,0.096244131,0.254303599,0.246087637,0.327073552,0.064945227,0.011345853
07-01-2025 21:00,21,0.129890454,0.309859155,0.238654147,0.253912363,0.058685446,0.008607199
07-01-2025 22:00,22,0.143192488,0.329029734,0.223395931,0.231611894,0.064162754,0.008607199
07-01-2025 23:00,23,0.145539906,0.332550861,0.206181534,0.240610329,0.066510172,0.008607199
08-01-2025 00:00,0,0.143192488,0.323552426,0.205790297,0.246087637,0.068075117,0.012910798
08-01-2025 01:00,1,0.140453834,0.299687011,0.196400626,0.258607199,0.088028169,0.016823161
08-01-2025 02:00,2,0.131455399,0.299687011,0.198748044,0.25743349,0.092331768,0.019953052
08-01-2025 03:00,3,0.113067293,0.300469484,0.197965571,0.272300469,0.09428795,0.021517997
08-01-2025 04:00,4,0.106025039,0.291471049,0.207746479,0.274256651,0.099374022,0.021126761
08-01-2025 05:00,5,0.103286385,0.299295775,0.206964006,0.273474178,0.093505477,0.022691706
08-01-2025 06:00,6,0.089593114,0.3114241,0.218701095,0.270344288,0.08685446,0.023082942
08-01-2025 07:00,7,0.09741784,0.330203443,0.216353678,0.258215962,0.078638498,0.019170579
08-01-2025 08:00,8,0.122065728,0.362676056,0.20970266,0.222613459,0.069248826,0.013693271
08-01-2025 09:00,9,0.153364632,0.338028169,0.197574335,0.222222222,0.073552426,0.015258216
08-01-2025 10:00,10,0.156103286,0.297730829,0.207355243,0.249217527,0.075899844,0.012910798
08-01-2025 11:00,11,0.123239437,0.275039124,0.220657277,0.29342723,0.075117371,0.012519562
08-01-2025 12:00,12,0.098200313,0.248043818,0.205399061,0.347809077,0.087245696,0.012519562
08-01-2025 13:00,13,0.063771518,0.209311424,0.213223787,0.399843505,0.104068858,0.009780908
08-01-2025 14:00,14,0.052425665,0.167057903,0.185054773,0.460485133,0.123630673,0.011345853
08-01-2025 15:00,15,0.039906103,0.143192488,0.154147105,0.504303599,0.140062598,0.018388106
08-01-2025 16:00,16,0.041471049,0.121283255,0.148669797,0.511737089,0.157276995,0.019561815
08-01-2025 17:00,17,0.036776213,0.127543036,0.153364632,0.490610329,0.16627543,0.025039124
08-01-2025 18:00,18,0.045383412,0.160015649,0.175665102,0.460093897,0.142018779,0.016431925
08-01-2025 19:00,19,0.0614241,0.200704225,0.216744914,0.405320814,0.10172144,0.014084507
08-01-2025 20:00,20,0.096244131,0.254303599,0.246087637,0.327073552,0.064945227,0.011345853
08-01-2025 21:00,21,0.129890454,0.309859155,0.238654147,0.253912363,0.058685446,0.008607199
08-01-2025 22:00,22,0.143192488,0.329029734,0.223395931,0.231611894,0.064162754,0.008607199
08-01-2025 23:00,23,0.145539906,0.332550861,0.206181534,0.240610329,0.066510172,0.008607199
09-01-2025 00:00,0,0.143192488,0.323552426,0.205790297,0.246087637,0.068075117,0.012910798
09-01-2025 01:00,1,0.140453834,0.299687011,0.196400626,0.258607199,0.088028169,0.016823161
09-01-2025 02:00,2,0.131455399,0.299687011,0.198748044,0.25743349,0.092331768,0.019953052
09-01-2025 03:00,3,0.113067293,0.300469484,0.197965571,0.272300469,0.09428795,0.021517997
09-01-2025 04:00,4,0.106025039,0.291471049,0.207746479,0.274256651,0.099374022,0.021126761
09-01-2025 05:00,5,0.103286385,0.299295775,0.206964006,0.273474178,0.093505477,0.022691706
09-01-2025 06:00,6,0.089593114,0.3114241,0.218701095,0.270344288,0.08685446,0.023082942
09-01-2025 07:00,7,0.09741784,0.330203443,0.216353678,0.258215962,0.078638498,0.019170579
09-01-2025 08:00,8,0.122065728,0.362676056,0.20970266,0.222613459,0.069248826,0.013693271
09-01-2025 09:00,9,0.153364632,0.338028169,0.197574335,0.222222222,0.073552426,0.015258216
09-01-2025 10:00,10,0.156103286,0.297730829,0.207355243,0.249217527,0.075899844,0.012910798
09-01-2025 11:00,11,0.123239437,0.275039124,0.220657277,0.29342723,0.075117371,0.012519562
09-01-2025 12:00,12,0.098200313,0.248043818,0.205399061,0.347809077,0.087245696,0.012519562
09-01-2025 13:00,13,0.063771518,0.209311424,0.213223787,0.399843505,0.104068858,0.009780908
09-01-2025 14:00,14,0.052425665,0.167057903,0.185054773,0.460485133,0.123630673,0.011345853
09-01-2025 15:00,15,0.039906103,0.143192488,0.154147105,0.504303599,0.140062598,0.018388106
09-01-2025 16:00,16,0.041471049,0.121283255,0.148669797,0.511737089,0.157276995,0.019561815
09-01-2025 17:00,17,0.036776213,0.127543036,0.153364632,0.490610329,0.16627543,0.025039124
09-01-2025 18:00,18,0.045383412,0.160015649,0.175665102,0.460093897,0.142018779,0.016431925
09-01-2025 19:00,19,0.0614241,0.200704225,0.216744914,0.405320814,0.10172144,0.014084507
09-01-2025 20:00,20,0.096244131,0.254303599,0.246087637,0.327073552,0.064945227,0.011345853
09-01-2025 21:00,21,0.129890454,0.309859155,0.238654147,0.253912363,0.058685446,0.008607199
09-01-2025 22:00,22,0.143192488,0.329029734,0.223395931,0.231611894,0.064162754,0.008607199
09-01-2025 23:00,23,0.145539906,0.332550861,0.206181534,0.240610329,0.066510172,0.008607199
10-01-2025 00:00,0,0.143192488,0.323552426,0.205790297,0.246087637,0.068075117,0.012910798
10-01-2025 01:00,1,0.140453834,0.299687011,0.196400626,0.258607199,0.088028169,0.016823161
10-01-2025 02:00,2,0.131455399,0.299687011,0.198748044,0.25743349,0.092331768,0.019953052
10-01-2025 03:00,3,0.113067293,0.300469484,0.197965571,0.272300469,0.09428795,0.021517997
10-01-2025 04:00,4,0.106025039,0.291471049,0.207746479,0.274256651,0.099374022,0.021126761
10-01-2025 05:00,5,0.103286385,0.299295775,0.206964006,0.273474178,0.093505477,0.022691706
10-01-2025 06:00,6,0.089593114,0.3114241,0.218701095,0.270344288,0.08685446,0.023082942
10-01-2025 07:00,7,0.09741784,0.330203443,0.216353678,0.258215962,0.078638498,0.019170579
10-01-2025 08:00,8,0.122065728,0.362676056,0.20970266,0.222613459,0.069248826,0.013693271
10-01-2025 09:00,9,0.153364632,0.338028169,0.197574335,0.222222222,0.073552426,0.015258216
10-01-2025 10:00,10,0.156103286,0.297730829,0.207355243,0.249217527,0.075899844,0.012910798
10-01-2025 11:00,11,0.123239437,0.275039124,0.220657277,0.29342723,0.075117371,0.012519562
10-01-2025 12:00,12,0.098200313,0.248043818,0.205399061,0.347809077,0.087245696,0.012519562
10-01-2025 13:00,13,0.063771518,0.209311424,0.213223787,0.399843505,0.104068858,0.009780908
10-01-2025 14:00,14,0.052425665,0.167057903,0.185054773,0.460485133,0.123630673,0.011345853
10-01-2025 15:00,15,0.039906103,0.143192488,0.154147105,0.504303599,0.140062598,0.018388106
10-01-2025 16:00,16,0.041471049,0.121283255,0.148669797,0.511737089,0.157276995,0.019561815
10-01-2025 17:00,17,0.036776213,0.127543036,0.153364632,0.490610329,0.16627543,0.025039124
10-01-2025 18:00,18,0.045383412,0.160015649,0.175665102,0.460093897,0.142018779,0.016431925
10-01-2025 19:00,19,0.0614241,0.200704225,0.216744914,0.405320814,0.10172144,0.014084507
10-01-2025 20:00,20,0.096244131,0.254303599,0.246087637,0.327073552,0.064945227,0.011345853
10-01-2025 21:00,21,0.129890454,0.309859155,0.238654147,0.253912363,0.058685446,0.008607199
10-01-2025 22:00,22,0.143192488,0.329029734,0.223395931,0.231611894,0.064162754,0.008607199
10-01-2025 23:00,23,0.145539906,0.332550861,0.206181534,0.240610329,0.066510172,0.008607199
11-01-2025 00:00,0,0.143192488,0.323552426,0.205790297,0.246087637,0.068075117,0.012910798
11-01-2025 01:00,1,0.140453834,0.299687011,0.196400626,0.258607199,0.088028169,0.016823161
11-01-2025 02:00,2,0.131455399,0.299687011,0.198748044,0.25743349,0.092331768,0.019953052
11-01-2025 03:00,3,0.113067293,0.300469484,0.197965571,0.272300469,0.09428795,0.021517997
11-01-2025 04:00,4,0.106025039,0.291471049,0.207746479,0.274256651,0.099374022,0.021126761
11-01-2025 05:00,5,0.103286385,0.299295775,0.206964006,0.273474178,0.093505477,0.022691706
11-01-2025 06:00,6,0.089593114,0.3114241,0.218701095,0.270344288,0.08685446,0.023082942
11-01-2025 07:00,7,0.09741784,0.330203443,0.216353678,0.258215962,0.078638498,0.019170579
11-01-2025 08:00,8,0.122065728,0.362676056,0.20970266,0.222613459,0.069248826,0.013693271
11-01-2025 09:00,9,0.153364632,0.338028169,0.197574335,0.222222222,0.073552426,0.015258216
11-01-2025 10:00,10,0.156103286,0.297730829,0.207355243,0.249217527,0.075899844,0.012910798
11-01-2025 11:00,11,0.123239437,0.275039124,0.220657277,0.29342723,0.075117371,0.012519562
11-01-2025 12:00,12,0.098200313,0.248043818,0.205399061,0.347809077,0.087245696,0.012519562
11-01-2025 13:00,13,0.063771518,0.209311424,0.213223787,0.399843505,0.104068858,0.009780908
11-01-2025 14:00,14,0.052425665,0.167057903,0.185054773,0.460485133,0.123630673,0.011345853
11-01-2025 15:00,15,0.039906103,0.143192488,0.154147105,0.504303599,0.140062598,0.018388106
11-01-2025 16:00,16,0.041471049,0.121283255,0.148669797,0.511737089,0.157276995,0.019561815
11-01-2025 17:00,17,0.036776213,0.127543036,0.153364632,0.490610329,0.16627543,0.025039124
11-01-2025 18:00,18,0.045383412,0.160015649,0.175665102,0.460093897,0.142018779,0.016431925
11-01-2025 19:00,19,0.0614241,0.200704225,0.216744914,0.405320814,0.10172144,0.014084507
11-01-2025 20:00,20,0.096244131,0.254303599,0.246087637,0.327073552,0.064945227,0.011345853
11-01-2025 21:00,21,0.129890454,0.309859155,0.238654147,0.253912363,0.058685446,0.008607199
11-01-2025 22:00,22,0.143192488,0.329029734,0.223395931,0.231611894,0.064162754,0.008607199
11-01-2025 23:00,23,0.145539906,0.332550861,0.206181534,0.240610329,0.066510172,0.008607199
12-01-2025 00:00,0,0.143192488,0.323552426,0.205790297,0.246087637,0.068075117,0.012910798
12-01-2025 01:00,1,0.140453834,0.299687011,0.196400626,0.258607199,0.088028169,0.016823161
12-01-2025 02:00,2,0.131455399,0.299687011,0.198748044,0.25743349,0.092331768,0.019953052
12-01-2025 03:00,3,0.113067293,0.300469484,0.197965571,0.272300469,0.09428795,0.021517997
12-01-2025 04:00,4,0.106025039,0.291471049,0.207746479,0.274256651,0.099374022,0.021126761
12-01-2025 05:00,5,0.103286385,0.299295775,0.206964006,0.273474178,0.093505477,0.022691706
12-01-2025 06:00,6,0.089593114,0.3114241,0.218701095,0.270344288,0.08685446,0.023082942
12-01-2025 07:00,7,0.09741784,0.330203443,0.216353678,0.258215962,0.078638498,0.019170579
12-01-2025 08:00,8,0.122065728,0.362676056,0.20970266,0.222613459,0.069248826,0.013693271
12-01-2025 09:00,9,0.153364632,0.338028169,0.197574335,0.222222222,0.073552426,0.015258216
12-01-2025 10:00,10,0.156103286,0.297730829,0.207355243,0.249217527,0.075899844,0.012910798
12-01-2025 11:00,11,0.123239437,0.275039124,0.220657277,0.29342723,0.075117371,0.012519562
12-01-2025 12:00,12,0.098200313,0.248043818,0.205399061,0.347809077,0.087245696,0.012519562
12-01-2025 13:00,13,0.063771518,0.209311424,0.213223787,0.399843505,0.104068858,0.009780908
12-01-2025 14:00,14,0.052425665,0.167057903,0.185054773,0.460485133,0.123630673,0.011345853
12-01-2025 15:00,15,0.039906103,0.143192488,0.154147105,0.504303599,0.140062598,0.018388106
12-01-2025 16:00,16,0.041471049,0.121283255,0.148669797,0.511737089,0.157276995,0.019561815
12-01-2025 17:00,17,0.036776213,0.127543036,0.153364632,0.490610329,0.16627543,0.025039124
12-01-2025 18:00,18,0.045383412,0.160015649,0.175665102,0.460093897,0.142018779,0.016431925
12-01-2025 19:00,19,0.0614241,0.200704225,0.216744914,0.405320814,0.10172144,0.014084507
12-01-2025 20:00,20,0.096244131,0.254303599,0.246087637,0.327073552,0.064945227,0.011345853
12-01-2025 21:00,21,0.129890454,0.309859155,0.238654147,0.253912363,0.058685446,0.008607199
12-01-2025 22:00,22,0.143192488,0.329029734,0.223395931,0.231611894,0.064162754,0.008607199
12-01-2025 23:00,23,0.145539906,0.332550861,0.206181534,0.240610329,0.066510172,0.008607199
13-01-2025 00:00,0,0.143192488,0.323552426,0.205790297,0.246087637,0.068075117,0.012910798
13-01-2025 01:00,1,0.140453834,0.299687011,0.196400626,0.258607199,0.088028169,0.016823161
13-01-2025 02:00,2,0.131455399,0.299687011,0.198748044,0.25743349,0.092331768,0.019953052
13-01-2025 03:00,3,0.113067293,0.300469484,0.197965571,0.272300469,0.09428795,0.021517997
13-01-2025 04:00,4,0.106025039,0.291471049,0.207746479,0.274256651,0.099374022,0.021126761
13-01-2025 05:00,5,0.103286385,0.299295775,0.206964006,0.273474178,0.093505477,0.022691706
13-01-2025 06:00,6,0.089593114,0.3114241,0.218701095,0.270344288,0.08685446,0.023082942
13-01-2025 07:00,7,0.09741784,0.330203443,0.216353678,0.258215962,0.078638498,0.019170579
13-01-2025 08:00,8,0.122065728,0.362676056,0.20970266,0.222613459,0.069248826,0.013693271
13-01-2025 09:00,9,0.153364632,0.338028169,0.197574335,0.222222222,0.073552426,0.015258216
13-01-2025 10:00,10,0.156103286,0.297730829,0.207355243,0.249217527,0.075899844,0.012910798
13-01-2025 11:00,11,0.123239437,0.275039124,0.220657277,0.29342723,0.075117371,0.012519562
13-01-2025 12:00,12,0.098200313,0.248043818,0.205399061,0.347809077,0.087245696,0.012519562
13-01-2025 13:00,13,0.063771518,0.209311424,0.213223787,0.399843505,0.104068858,0.009780908
13-01-2025 14:00,14,0.052425665,0.167057903,0.185054773,0.460485133,0.123630673,0.011345853
13-01-2025 15:00,15,0.039906103,0.143192488,0.154147105,0.504303599,0.140062598,0.018388106
13-01-2025 16:00,16,0.041471049,0.121283255,0.148669797,0.511737089,0.157276995,0.019561815
13-01-2025 17:00,17,0.036776213,0.127543036,0.153364632,0.490610329,0.16627543,0.025039124
13-01-2025 18:00,18,0.045383412,0.160015649,0.175665102,0.460093897,0.142018779,0.016431925
13-01-2025 19:00,19,0.0614241,0.200704225,0.216744914,0.405320814,0.10172144,0.014084507
13-01-2025 20:00,20,0.096244131,0.254303599,0.246087637,0.327073552,0.064945227,0.011345853
13-01-2025 21:00,21,0.129890454,0.309859155,0.238654147,0.253912363,0.058685446,0.008607199
13-01-2025 22:00,22,0.143192488,0.329029734,0.223395931,0.231611894,0.064162754,0.008607199
13-01-2025 23:00,23,0.145539906,0.332550861,0.206181534,0.240610329,0.066510172,0.008607199
14-01-2025 00:00,0,0.143192488,0.323552426,0.205790297,0.246087637,0.068075117,0.012910798
14-01-2025 01:00,1,0.140453834,0.299687011,0.196400626,0.258607199,0.088028169,0.016823161
14-01-2025 02:00,2,0.131455399,0.299687011,0.198748044,0.25743349,0.092331768,0.019953052
14-01-2025 03:00,3,0.113067293,0.300469484,0.197965571,0.272300469,0.09428795,0.021517997
14-01-2025 04:00,4,0.106025039,0.291471049,0.207746479,0.274256651,0.099374022,0.021126761
14-01-2025 05:00,5,0.103286385,0.299295775,0.206964006,0.273474178,0.093505477,0.022691706
14-01-2025 06:00,6,0.089593114,0.3114241,0.218701095,0.270344288,0.08685446,0.023082942
14-01-2025 07:00,7,0.09741784,0.330203443,0.216353678,0.258215962,0.078638498,0.019170579
14-01-2025 08:00,8,0.122065728,0.362676056,0.20970266,0.222613459,0.069248826,0.013693271
14-01-2025 09:00,9,0.153364632,0.338028169,0.197574335,0.222222222,0.073552426,0.015258216
14-01-2025 10:00,10,0.156103286,0.297730829,0.207355243,0.249217527,0.075899844,0.012910798
14-01-2025 11:00,11,0.123239437,0.275039124,0.220657277,0.29342723,0.075117371,0.012519562
14-01-2025 12:00,12,0.098200313,0.248043818,0.205399061,0.347809077,0.087245696,0.012519562
14-01-2025 13:00,13,0.063771518,0.209311424,0.213223787,0.399843505,0.104068858,0.009780908
14-01-2025 14:00,14,0.052425665,0.167057903,0.185054773,0.460485133,0.123630673,0.011345853
14-01-2025 15:00,15,0.039906103,0.143192488,0.154147105,0.504303599,0.140062598,0.018388106
14-01-2025 16:00,16,0.041471049,0.121283255,0.148669797,0.511737089,0.157276995,0.019561815
14-01-2025 17:00,17,0.036776213,0.127543036,0.153364632,0.490610329,0.16627543,0.025039124
14-01-2025 18:00,18,0.045383412,0.160015649,0.175665102,0.460093897,0.142018779,0.016431925
14-01-2025 19:00,19,0.0614241,0.200704225,0.216744914,0.405320814,0.10172144,0.014084507
14-01-2025 20:00,20,0.096244131,0.254303599,0.246087637,0.327073552,0.064945227,0.011345853
14-01-2025 21:00,21,0.129890454,0.309859155,0.238654147,0.253912363,0.058685446,0.008607199
14-01-2025 22:00,22,0.143192488,0.329029734,0.223395931,0.231611894,0.064162754,0.008607199
14-01-2025 23:00,23,0.145539906,0.332550861,0.206181534,0.240610329,0.066510172,0.008607199
15-01-2025 00:00,0,0.143192488,0.323552426,0.205790297,0.246087637,0.068075117,0.012910798
15-01-2025 01:00,1,0.140453834,0.299687011,0.196400626,0.258607199,0.088028169,0.016823161
15-01-2025 02:00,2,0.131455399,0.299687011,0.198748044,0.25743349,0.092331768,0.019953052
15-01-2025 03:00,3,0.113067293,0.300469484,0.197965571,0.272300469,0.09428795,0.021517997
15-01-2025 04:00,4,0.106025039,0.291471049,0.207746479,0.274256651,0.099374022,0.021126761
15-01-2025 05:00,5,0.103286385,0.299295775,0.206964006,0.273474178,0.093505477,0.022691706
15-01-2025 06:00,6,0.089593114,0.3114241,0.218701095,0.270344288,0.08685446,0.023082942
15-01-2025 07:00,7,0.09741784,0.330203443,0.216353678,0.258215962,0.078638498,0.019170579
15-01-2025 08:00,8,0.122065728,0.362676056,0.20970266,0.222613459,0.069248826,0.013693271
15-01-2025 09:00,9,0.153364632,0.338028169,0.197574335,0.222222222,0.073552426,0.015258216
15-01-2025 10:00,10,0.156103286,0.297730829,0.207355243,0.249217527,0.075899844,0.012910798
15-01-2025 11:00,11,0.123239437,0.275039124,0.220657277,0.29342723,0.075117371,0.012519562
15-01-2025 12:00,12,0.098200313,0.248043818,0.205399061,0.347809077,0.087245696,0.012519562
15-01-2025 13:00,13,0.063771518,0.209311424,0.213223787,0.399843505,0.104068858,0.009780908
15-01-2025 14:00,14,0.052425665,0.167057903,0.185054773,0.460485133,0.123630673,0.011345853
15-01-2025 15:00,15,0.039906103,0.143192488,0.154147105,0.504303599,0.140062598,0.018388106
15-01-2025 16:00,16,0.041471049,0.121283255,0.148669797,0.511737089,0.157276995,0.019561815
15-01-2025 17:00,17,0.036776213,0.127543036,0.153364632,0.490610329,0.16627543,0.025039124
15-01-2025 18:00,18,0.045383412,0.160015649,0.175665102,0.460093897,0.142018779,0.016431925
15-01-2025 19:00,19,0.0614241,0.200704225,0.216744914,0.405320814,0.10172144,0.014084507
15-01-2025 20:00,20,0.096244131,0.254303599,0.246087637,0.327073552,0.064945227,0.011345853
15-01-2025 21:00,21,0.129890454,0.309859155,0.238654147,0.253912363,0.058685446,0.008607199
15-01-2025 22:00,22,0.143192488,0.329029734,0.223395931,0.231611894,0.064162754,0.008607199
15-01-2025 23:00,23,0.145539906,0.332550861,0.206181534,0.240610329,0.066510172,0.008607199
16-01-2025 00:00,0,0.143192488,0.323552426,0.205790297,0.246087637,0.068075117,0.012910798
16-01-2025 01:00,1,0.140453834,0.299687011,0.196400626,0.258607199,0.088028169,0.016823161
16-01-2025 02:00,2,0.131455399,0.299687011,0.198748044,0.25743349,0.092331768,0.019953052
16-01-2025 03:00,3,0.113067293,0.300469484,0.197965571,0.272300469,0.09428795,0.021517997
16-01-2025 04:00,4,0.106025039,0.291471049,0.207746479,0.274256651,0.099374022,0.021126761
16-01-2025 05:00,5,0.103286385,0.299295775,0.206964006,0.273474178,0.093505477,0.022691706
16-01-2025 06:00,6,0.089593114,0.3114241,0.218701095,0.270344288,0.08685446,0.023082942
16-01-2025 07:00,7,0.09741784,0.330203443,0.216353678,0.258215962,0.078638498,0.019170579
16-01-2025 08:00,8,0.122065728,0.362676056,0.20970266,0.222613459,0.069248826,0.013693271
16-01-2025 09:00,9,0.153364632,0.338028169,0.197574335,0.222222222,0.073552426,0.015258216
16-01-2025 10:00,10,0.156103286,0.297730829,0.207355243,0.249217527,0.075899844,0.012910798
16-01-2025 11:00,11,0.123239437,0.275039124,0.220657277,0.29342723,0.075117371,0.012519562
16-01-2025 12:00,12,0.098200313,0.248043818,0.205399061,0.347809077,0.087245696,0.012519562
16-01-2025 13:00,13,0.063771518,0.209311424,0.213223787,0.399843505,0.104068858,0.009780908
16-01-2025 14:00,14,0.052425665,0.167057903,0.185054773,0.460485133,0.123630673,0.011345853
16-01-2025 15:00,15,0.039906103,0.143192488,0.154147105,0.504303599,0.140062598,0.018388106
16-01-2025 16:00,16,0.041471049,0.121283255,0.148669797,0.511737089,0.157276995,0.019561815
16-01-2025 17:00,17,0.036776213,0.127543036,0.153364632,0.490610329,0.16627543,0.025039124
16-01-2025 18:00,18,0.045383412,0.160015649,0.175665102,0.460093897,0.142018779,0.016431925
16-01-2025 19:00,19,0.0614241,0.200704225,0.216744914,0.405320814,0.10172144,0.014084507
16-01-2025 20:00,20,0.096244131,0.254303599,0.246087637,0.327073552,0.064945227,0.011345853
16-01-2025 21:00,21,0.129890454,0.309859155,0.238654147,0.253912363,0.058685446,0.008607199
16-01-2025 22:00,22,0.143192488,0.329029734,0.223395931,0.231611894,0.064162754,0.008607199
16-01-2025 23:00,23,0.145539906,0.332550861,0.206181534,0.240610329,0.066510172,0.008607199
17-01-2025 00:00,0,0.143192488,0.323552426,0.205790297,0.246087637,0.068075117,0.012910798
17-01-2025 01:00,1,0.140453834,0.299687011,0.196400626,0.258607199,0.088028169,0.016823161
17-01-2025 02:00,2,0.131455399,0.299687011,0.198748044,0.25743349,0.092331768,0.019953052
17-01-2025 03:00,3,0.113067293,0.300469484,0.197965571,0.272300469,0.09428795,0.021517997
17-01-2025 04:00,4,0.106025039,0.291471049,0.207746479,0.274256651,0.099374022,0.021126761
17-01-2025 05:00,5,0.103286385,0.299295775,0.206964006,0.273474178,0.093505477,0.022691706
17-01-2025 06:00,6,0.089593114,0.3114241,0.218701095,0.270344288,0.08685446,0.023082942
17-01-2025 07:00,7,0.09741784,0.330203443,0.216353678,0.258215962,0.078638498,0.019170579
17-01-2025 08:00,8,0.122065728,0.362676056,0.20970266,0.222613459,0.069248826,0.013693271
17-01-2025 09:00,9,0.153364632,0.338028169,0.197574335,0.222222222,0.073552426,0.015258216
17-01-2025 10:00,10,0.156103286,0.297730829,0.207355243,0.249217527,0.075899844,0.012910798
17-01-2025 11:00,11,0.123239437,0.275039124,0.220657277,0.29342723,0.075117371,0.012519562
17-01-2025 12:00,12,0.098200313,0.248043818,0.205399061,0.347809077,0.087245696,0.012519562
17-01-2025 13:00,13,0.063771518,0.209311424,0.213223787,0.399843505,0.104068858,0.009780908
17-01-2025 14:00,14,0.052425665,0.167057903,0.185054773,0.460485133,0.123630673,0.011345853
17-01-2025 15:00,15,0.039906103,0.143192488,0.154147105,0.504303599,0.140062598,0.018388106
17-01-2025 16:00,16,0.041471049,0.121283255,0.148669797,0.511737089,0.157276995,0.019561815
17-01-2025 17:00,17,0.036776213,0.127543036,0.153364632,0.490610329,0.16627543,0.025039124
17-01-2025 18:00,18,0.045383412,0.160015649,0.175665102,0.460093897,0.142018779,0.016431925
17-01-2025 19:00,19,0.0614241,0.200704225,0.216744914,0.405320814,0.10172144,0.014084507
17-01-2025 20:00,20,0.096244131,0.254303599,0.246087637,0.327073552,0.064945227,0.011345853
17-01-2025 21:00,21,0.129890454,0.309859155,0.238654147,0.253912363,0.058685446,0.008607199
17-01-2025 22:00,22,0.143192488,0.329029734,0.223395931,0.231611894,0.064162754,0.008607199
17-01-2025 23:00,23,0.145539906,0.332550861,0.206181534,0.240610329,0.066510172,0.008607199
18-01-2025 00:00,0,0.143192488,0.323552426,0.205790297,0.246087637,0.068075117,0.012910798
18-01-2025 01:00,1,0.140453834,0.299687011,0.196400626,0.258607199,0.088028169,0.016823161
18-01-2025 02:00,2,0.131455399,0.299687011,0.198748044,0.25743349,0.092331768,0.019953052
18-01-2025 03:00,3,0.113067293,0.300469484,0.197965571,0.272300469,0.09428795,0.021517997
18-01-2025 04:00,4,0.106025039,0.291471049,0.207746479,0.274256651,0.099374022,0.021126761
18-01-2025 05:00,5,0.103286385,0.299295775,0.206964006,0.273474178,0.093505477,0.022691706
18-01-2025 06:00,6,0.089593114,0.3114241,0.218701095,0.270344288,0.08685446,0.023082942
18-01-2025 07:00,7,0.09741784,0.330203443,0.216353678,0.258215962,0.078638498,0.019170579
18-01-2025 08:00,8,0.122065728,0.362676056,0.20970266,0.222613459,0.069248826,0.013693271
18-01-2025 09:00,9,0.153364632,0.338028169,0.197574335,0.222222222,0.073552426,0.015258216
18-01-2025 10:00,10,0.156103286,0.297730829,0.207355243,0.249217527,0.075899844,0.012910798
18-01-2025 11:00,11,0.123239437,0.275039124,0.220657277,0.29342723,0.075117371,0.012519562
18-01-2025 12:00,12,0.098200313,0.248043818,0.205399061,0.347809077,0.087245696,0.012519562
18-01-2025 13:00,13,0.063771518,0.209311424,0.213223787,0.399843505,0.104068858,0.009780908
18-01-2025 14:00,14,0.052425665,0.167057903,0.185054773,0.460485133,0.123630673,0.011345853
18-01-2025 15:00,15,0.039906103,0.143192488,0.154147105,0.504303599,0.140062598,0.018388106
18-01-2025 16:00,16,0.041471049,0.121283255,0.148669797,0.511737089,0.157276995,0.019561815
18-01-2025 17:00,17,0.036776213,0.127543036,0.153364632,0.490610329,0.16627543,0.025039124
18-01-2025 18:00,18,0.045383412,0.160015649,0.175665102,0.460093897,0.142018779,0.016431925
18-01-2025 19:00,19,0.0614241,0.200704225,0.216744914,0.405320814,0.10172144,0.014084507
18-01-2025 20:00,20,0.096244131,0.254303599,0.246087637,0.327073552,0.064945227,0.011345853
18-01-2025 21:00,21,0.129890454,0.309859155,0.238654147,0.253912363,0.058685446,0.008607199
18-01-2025 22:00,22,0.143192488,0.329029734,0.223395931,0.231611894,0.064162754,0.008607199
18-01-2025 23:00,23,0.145539906,0.332550861,0.206181534,0.240610329,0.066510172,0.008607199
19-01-2025 00:00,0,0.143192488,0.323552426,0.205790297,0.246087637,0.068075117,0.012910798
19-01-2025 01:00,1,0.140453834,0.299687011,0.196400626,0.258607199,0.088028169,0.016823161
19-01-2025 02:00,2,0.131455399,0.299687011,0.198748044,0.25743349,0.092331768,0.019953052
19-01-2025 03:00,3,0.113067293,0.300469484,0.197965571,0.272300469,0.09428795,0.021517997
19-01-2025 04:00,4,0.106025039,0.291471049,0.207746479,0.274256651,0.099374022,0.021126761
19-01-2025 05:00,5,0.103286385,0.299295775,0.206964006,0.273474178,0.093505477,0.022691706
19-01-2025 06:00,6,0.089593114,0.3114241,0.218701095,0.270344288,0.08685446,0.023082942
19-01-2025 07:00,7,0.09741784,0.330203443,0.216353678,0.258215962,0.078638498,0.019170579
19-01-2025 08:00,8,0.122065728,0.362676056,0.20970266,0.222613459,0.069248826,0.013693271
19-01-2025 09:00,9,0.153364632,0.338028169,0.197574335,0.222222222,0.073552426,0.015258216
19-01-2025 10:00,10,0.156103286,0.297730829,0.207355243,0.249217527,0.075899844,0.012910798
19-01-2025 11:00,11,0.123239437,0.275039124,0.220657277,0.29342723,0.075117371,0.012519562
19-01-2025 12:00,12,0.098200313,0.248043818,0.205399061,0.347809077,0.087245696,0.012519562
19-01-2025 13:00,13,0.063771518,0.209311424,0.213223787,0.399843505,0.104068858,0.009780908
19-01-2025 14:00,14,0.052425665,0.167057903,0.185054773,0.460485133,0.123630673,0.011345853
19-01-2025 15:00,15,0.039906103,0.143192488,0.154147105,0.504303599,0.140062598,0.018388106
19-01-2025 16:00,16,0.041471049,0.121283255,0.148669797,0.511737089,0.157276995,0.019561815
19-01-2025 17:00,17,0.036776213,0.127543036,0.153364632,0.490610329,0.16627543,0.025039124
19-01-2025 18:00,18,0.045383412,0.160015649,0.175665102,0.460093897,0.142018779,0.016431925
19-01-2025 19:00,19,0.0614241,0.200704225,0.216744914,0.405320814,0.10172144,0.014084507
19-01-2025 20:00,20,0.096244131,0.254303599,0.246087637,0.327073552,0.064945227,0.011345853
19-01-2025 21:00,21,0.129890454,0.309859155,0.238654147,0.253912363,0.058685446,0.008607199
19-01-2025 22:00,22,0.143192488,0.329029734,0.223395931,0.231611894,0.064162754,0.008607199
19-01-2025 23:00,23,0.145539906,0.332550861,0.206181534,0.240610329,0.066510172,0.008607199
20-01-2025 00:00,0,0.143192488,0.323552426,0.205790297,0.246087637,0.068075117,0.012910798
20-01-2025 01:00,1,0.140453834,0.299687011,0.196400626,0.258607199,0.088028169,0.016823161
20-01-2025 02:00,2,0.131455399,0.299687011,0.198748044,0.25743349,0.092331768,0.019953052
20-01-2025 03:00,3,0.113067293,0.300469484,0.197965571,0.272300469,0.09428795,0.021517997
20-01-2025 04:00,4,0.106025039,0.291471049,0.207746479,0.274256651,0.099374022,0.021126761
20-01-2025 05:00,5,0.103286385,0.299295775,0.206964006,0.273474178,0.093505477,0.022691706
20-01-2025 06:00,6,0.089593114,0.3114241,0.218701095,0.270344288,0.08685446,0.023082942
20-01-2025 07:00,7,0.09741784,0.330203443,0.216353678,0.258215962,0.078638498,0.019170579
20-01-2025 08:00,8,0.122065728,0.362676056,0.20970266,0.222613459,0.069248826,0.013693271
20-01-2025 09:00,9,0.153364632,0.338028169,0.197574335,0.222222222,0.073552426,0.015258216
20-01-2025 10:00,10,0.156103286,0.297730829,0.207355243,0.249217527,0.075899844,0.012910798
20-01-2025 11:00,11,0.123239437,0.275039124,0.220657277,0.29342723,0.075117371,0.012519562
20-01-2025 12:00,12,0.098200313,0.248043818,0.205399061,0.347809077,0.087245696,0.012519562
20-01-2025 13:00,13,0.063771518,0.209311424,0.213223787,0.399843505,0.104068858,0.009780908
20-01-2025 14:00,14,0.052425665,0.167057903,0.185054773,0.460485133,0.123630673,0.011345853
20-01-2025 15:00,15,0.039906103,0.143192488,0.154147105,0.504303599,0.140062598,0.018388106
20-01-2025 16:00,16,0.041471049,0.121283255,0.148669797,0.511737089,0.157276995,0.019561815
20-01-2025 17:00,17,0.036776213,0.127543036,0.153364632,0.490610329,0.16627543,0.025039124
20-01-2025 18:00,18,0.045383412,0.160015649,0.175665102,0.460093897,0.142018779,0.016431925
20-01-2025 19:00,19,0.0614241,0.200704225,0.216744914,0.405320814,0.10172144,0.014084507
20-01-2025 20:00,20,0.096244131,0.254303599,0.246087637,0.327073552,0.064945227,0.011345853
20-01-2025 21:00,21,0.129890454,0.309859155,0.238654147,0.253912363,0.058685446,0.008607199
20-01-2025 22:00,22,0.143192488,0.329029734,0.223395931,0.231611894,0.064162754,0.008607199
20-01-2025 23:00,23,0.145539906,0.332550861,0.206181534,0.240610329,0.066510172,0.008607199
21-01-2025 00:00,0,0.143192488,0.323552426,0.205790297,0.246087637,0.068075117,0.012910798
21-01-2025 01:00,1,0.140453834,0.299687011,0.196400626,0.258607199,0.088028169,0.016823161
21-01-2025 02:00,2,0.131455399,0.299687011,0.198748044,0.25743349,0.092331768,0.019953052
21-01-2025 03:00,3,0.113067293,0.300469484,0.197965571,0.272300469,0.09428795,0.021517997
21-01-2025 04:00,4,0.106025039,0.291471049,0.207746479,0.274256651,0.099374022,0.021126761
21-01-2025 05:00,5,0.103286385,0.299295775,0.206964006,0.273474178,0.093505477,0.022691706
21-01-2025 06:00,6,0.089593114,0.3114241,0.218701095,0.270344288,0.08685446,0.023082942
21-01-2025 07:00,7,0.09741784,0.330203443,0.216353678,0.258215962,0.078638498,0.019170579
21-01-2025 08:00,8,0.122065728,0.362676056,0.20970266,0.222613459,0.069248826,0.013693271
21-01-2025 09:00,9,0.153364632,0.338028169,0.197574335,0.222222222,0.073552426,0.015258216
21-01-2025 10:00,10,0.156103286,0.297730829,0.207355243,0.249217527,0.075899844,0.012910798
21-01-2025 11:00,11,0.123239437,0.275039124,0.220657277,0.29342723,0.075117371,0.012519562
21-01-2025 12:00,12,0.098200313,0.248043818,0.205399061,0.347809077,0.087245696,0.012519562
21-01-2025 13:00,13,0.063771518,0.209311424,0.213223787,0.399843505,0.104068858,0.009780908
21-01-2025 14:00,14,0.052425665,0.167057903,0.185054773,0.460485133,0.123630673,0.011345853
21-01-2025 15:00,15,0.039906103,0.143192488,0.154147105,0.504303599,0.140062598,0.018388106
21-01-2025 16:00,16,0.041471049,0.121283255,0.148669797,0.511737089,0.157276995,0.019561815
21-01-2025 17:00,17,0.036776213,0.127543036,0.153364632,0.490610329,0.16627543,0.025039124
21-01-2025 18:00,18,0.045383412,0.160015649,0.175665102,0.460093897,0.142018779,0.016431925
21-01-2025 19:00,19,0.0614241,0.200704225,0.216744914,0.405320814,0.10172144,0.014084507
21-01-2025 20:00,20,0.096244131,0.254303599,0.246087637,0.327073552,0.064945227,0.011345853
21-01-2025 21:00,21,0.129890454,0.309859155,0.238654147,0.253912363,0.058685446,0.008607199
21-01-2025 22:00,22,0.143192488,0.329029734,0.223395931,0.231611894,0.064162754,0.008607199
21-01-2025 23:00,23,0.145539906,0.332550861,0.206181534,0.240610329,0.066510172,0.008607199
22-01-2025 00:00,0,0.143192488,0.323552426,0.205790297,0.246087637,0.068075117,0.012910798
22-01-2025 01:00,1,0.140453834,0.299687011,0.196400626,0.258607199,0.088028169,0.016823161
22-01-2025 02:00,2,0.131455399,0.299687011,0.198748044,0.25743349,0.092331768,0.019953052
22-01-2025 03:00,3,0.113067293,0.300469484,0.197965571,0.272300469,0.09428795,0.021517997
22-01-2025 04:00,4,0.106025039,0.291471049,0.207746479,0.274256651,0.099374022,0.021126761
22-01-2025 05:00,5,0.103286385,0.299295775,0.206964006,0.273474178,0.093505477,0.022691706
22-01-2025 06:00,6,0.089593114,0.3114241,0.218701095,0.270344288,0.08685446,0.023082942
22-01-2025 07:00,7,0.09741784,0.330203443,0.216353678,0.258215962,0.078638498,0.019170579
22-01-2025 08:00,8,0.122065728,0.362676056,0.20970266,0.222613459,0.069248826,0.013693271
22-01-2025 09:00,9,0.153364632,0.338028169,0.197574335,0.222222222,0.073552426,0.015258216
22-01-2025 10:00,10,0.156103286,0.297730829,0.207355243,0.249217527,0.075899844,0.012910798
22-01-2025 11:00,11,0.123239437,0.275039124,0.220657277,0.29342723,0.075117371,0.012519562
22-01-2025 12:00,12,0.098200313,0.248043818,0.205399061,0.347809077,0.087245696,0.012519562
22-01-2025 13:00,13,0.063771518,0.209311424,0.213223787,0.399843505,0.104068858,0.009780908
22-01-2025 14:00,14,0.052425665,0.167057903,0.185054773,0.460485133,0.123630673,0.011345853
22-01-2025 15:00,15,0.039906103,0.143192488,0.154147105,0.504303599,0.140062598,0.018388106
22-01-2025 16:00,16,0.041471049,0.121283255,0.148669797,0.511737089,0.157276995,0.019561815
22-01-2025 17:00,17,0.036776213,0.127543036,0.153364632,0.490610329,0.16627543,0.025039124
22-01-2025 18:00,18,0.045383412,0.160015649,0.175665102,0.460093897,0.142018779,0.016431925
22-01-2025 19:00,19,0.0614241,0.200704225,0.216744914,0.405320814,0.10172144,0.014084507
22-01-2025 20:00,20,0.096244131,0.254303599,0.246087637,0.327073552,0.064945227,0.011345853
22-01-2025 21:00,21,0.129890454,0.309859155,0.238654147,0.253912363,0.058685446,0.008607199
22-01-2025 22:00,22,0.143192488,0.329029734,0.223395931,0.231611894,0.064162754,0.008607199
22-01-2025 23:00,23,0.145539906,0.332550861,0.206181534,0.240610329,0.066510172,0.008607199
23-01-2025 00:00,0,0.143192488,0.323552426,0.205790297,0.246087637,0.068075117,0.012910798
23-01-2025 01:00,1,0.140453834,0.299687011,0.196400626,0.258607199,0.088028169,0.016823161
23-01-2025 02:00,2,0.131455399,0.299687011,0.198748044,0.25743349,0.092331768,0.019953052
23-01-2025 03:00,3,0.113067293,0.300469484,0.197965571,0.272300469,0.09428795,0.021517997
23-01-2025 04:00,4,0.106025039,0.291471049,0.207746479,0.274256651,0.099374022,0.021126761
23-01-2025 05:00,5,0.103286385,0.299295775,0.206964006,0.273474178,0.093505477,0.022691706
23-01-2025 06:00,6,0.089593114,0.3114241,0.218701095,0.270344288,0.08685446,0.023082942
23-01-2025 07:00,7,0.09741784,0.330203443,0.216353678,0.258215962,0.078638498,0.019170579
23-01-2025 08:00,8,0.122065728,0.362676056,0.20970266,0.222613459,0.069248826,0.013693271
23-01-2025 09:00,9,0.153364632,0.338028169,0.197574335,0.222222222,0.073552426,0.015258216
23-01-2025 10:00,10,0.156103286,0.297730829,0.207355243,0.249217527,0.075899844,0.012910798
23-01-2025 11:00,11,0.123239437,0.275039124,0.220657277,0.29342723,0.075117371,0.012519562
23-01-2025 12:00,12,0.098200313,0.248043818,0.205399061,0.347809077,0.087245696,0.012519562
23-01-2025 13:00,13,0.063771518,0.209311424,0.213223787,0.399843505,0.104068858,0.009780908
23-01-2025 14:00,14,0.052425665,0.167057903,0.185054773,0.460485133,0.123630673,0.011345853
23-01-2025 15:00,15,0.039906103,0.143192488,0.154147105,0.504303599,0.140062598,0.018388106
23-01-2025 16:00,16,0.041471049,0.121283255,0.148669797,0.511737089,0.157276995,0.019561815
23-01-2025 17:00,17,0.036776213,0.127543036,0.153364632,0.490610329,0.16627543,0.025039124
23-01-2025 18:00,18,0.045383412,0.160015649,0.175665102,0.460093897,0.142018779,0.016431925
23-01-2025 19:00,19,0.0614241,0.200704225,0.216744914,0.405320814,0.10172144,0.014084507
23-01-2025 20:00,20,0.096244131,0.254303599,0.246087637,0.327073552,0.064945227,0.011345853
23-01-2025 21:00,21,0.129890454,0.309859155,0.238654147,0.253912363,0.058685446,0.008607199
23-01-2025 22:00,22,0.143192488,0.329029734,0.223395931,0.231611894,0.064162754,0.008607199
23-01-2025 23:00,23,0.145539906,0.332550861,0.206181534,0.240610329,0.066510172,0.008607199
24-01-2025 00:00,0,0.143192488,0.323552426,0.205790297,0.246087637,0.068075117,0.012910798
24-01-2025 01:00,1,0.140453834,0.299687011,0.196400626,0.258607199,0.088028169,0.016823161
24-01-2025 02:00,2,0.131455399,0.299687011,0.198748044,0.25743349,0.092331768,0.019953052
24-01-2025 03:00,3,0.113067293,0.300469484,0.197965571,0.272300469,0.09428795,0.021517997
24-01-2025 04:00,4,0.106025039,0.291471049,0.207746479,0.274256651,0.099374022,0.021126761
24-01-2025 05:00,5,0.103286385,0.299295775,0.206964006,0.273474178,0.093505477,0.022691706
24-01-2025 06:00,6,0.089593114,0.3114241,0.218701095,0.270344288,0.08685446,0.023082942
24-01-2025 07:00,7,0.09741784,0.330203443,0.216353678,0.258215962,0.078638498,0.019170579
24-01-2025 08:00,8,0.122065728,0.362676056,0.20970266,0.222613459,0.069248826,0.013693271
24-01-2025 09:00,9,0.153364632,0.338028169,0.197574335,0.222222222,0.073552426,0.015258216
24-01-2025 10:00,10,0.156103286,0.297730829,0.207355243,0.249217527,0.075899844,0.012910798
24-01-2025 11:00,11,0.123239437,0.275039124,0.220657277,0.29342723,0.075117371,0.012519562
24-01-2025 12:00,12,0.098200313,0.248043818,0.205399061,0.347809077,0.087245696,0.012519562
24-01-2025 13:00,13,0.063771518,0.209311424,0.213223787,0.399843505,0.104068858,0.009780908
24-01-2025 14:00,14,0.052425665,0.167057903,0.185054773,0.460485133,0.123630673,0.011345853
24-01-2025 15:00,15,0.039906103,0.143192488,0.154147105,0.504303599,0.140062598,0.018388106
24-01-2025 16:00,16,0.041471049,0.121283255,0.148669797,0.511737089,0.157276995,0.019561815
24-01-2025 17:00,17,0.036776213,0.127543036,0.153364632,0.490610329,0.16627543,0.025039124
24-01-2025 18:00,18,0.045383412,0.160015649,0.175665102,0.460093897,0.142018779,0.016431925
24-01-2025 19:00,19,0.0614241,0.200704225,0.216744914,0.405320814,0.10172144,0.014084507
24-01-2025 20:00,20,0.096244131,0.254303599,0.246087637,0.327073552,0.064945227,0.011345853
24-01-2025 21:00,21,0.129890454,0.309859155,0.238654147,0.253912363,0.058685446,0.008607199
24-01-2025 22:00,22,0.143192488,0.329029734,0.223395931,0.231611894,0.064162754,0.008607199
24-01-2025 23:00,23,0.145539906,0.332550861,0.206181534,0.240610329,0.066510172,0.008607199
25-01-2025 00:00,0,0.143192488,0.323552426,0.205790297,0.246087637,0.068075117,0.012910798
25-01-2025 01:00,1,0.140453834,0.299687011,0.196400626,0.258607199,0.088028169,0.016823161
25-01-2025 02:00,2,0.131455399,0.299687011,0.198748044,0.25743349,0.092331768,0.019953052
25-01-2025 03:00,3,0.113067293,0.300469484,0.197965571,0.272300469,0.09428795,0.021517997
25-01-2025 04:00,4,0.106025039,0.291471049,0.207746479,0.274256651,0.099374022,0.021126761
25-01-2025 05:00,5,0.103286385,0.299295775,0.206964006,0.273474178,0.093505477,0.022691706
25-01-2025 06:00,6,0.089593114,0.3114241,0.218701095,0.270344288,0.08685446,0.023082942
25-01-2025 07:00,7,0.09741784,0.330203443,0.216353678,0.258215962,0.078638498,0.019170579
25-01-2025 08:00,8,0.122065728,0.362676056,0.20970266,0.222613459,0.069248826,0.013693271
25-01-2025 09:00,9,0.153364632,0.338028169,0.197574335,0.222222222,0.073552426,0.015258216
25-01-2025 10:00,10,0.156103286,0.297730829,0.207355243,0.249217527,0.075899844,0.012910798
25-01-2025 11:00,11,0.123239437,0.275039124,0.220657277,0.29342723,0.075117371,0.012519562
25-01-2025 12:00,12,0.098200313,0.248043818,0.205399061,0.347809077,0.087245696,0.012519562
25-01-2025 13:00,13,0.063771518,0.209311424,0.213223787,0.399843505,0.104068858,0.009780908
25-01-2025 14:00,14,0.052425665,0.167057903,0.185054773,0.460485133,0.123630673,0.011345853
25-01-2025 15:00,15,0.039906103,0.143192488,0.154147105,0.504303599,0.140062598,0.018388106
25-01-2025 16:00,16,0.041471049,0.121283255,0.148669797,0.511737089,0.157276995,0.019561815
25-01-2025 17:00,17,0.036776213,0.127543036,0.153364632,0.490610329,0.16627543,0.025039124
25-01-2025 18:00,18,0.045383412,0.160015649,0.175665102,0.460093897,0.142018779,0.016431925
25-01-2025 19:00,19,0.0614241,0.200704225,0.216744914,0.405320814,0.10172144,0.014084507
25-01-2025 20:00,20,0.096244131,0.254303599,0.246087637,0.327073552,0.064945227,0.011345853
25-01-2025 21:00,21,0.129890454,0.309859155,0.238654147,0.253912363,0.058685446,0.008607199
25-01-2025 22:00,22,0.143192488,0.329029734,0.223395931,0.231611894,0.064162754,0.008607199
25-01-2025 23:00,23,0.145539906,0.332550861,0.206181534,0.240610329,0.066510172,0.008607199
26-01-2025 00:00,0,0.143192488,0.323552426,0.205790297,0.246087637,0.068075117,0.012910798
26-01-2025 01:00,1,0.140453834,0.299687011,0.196400626,0.258607199,0.088028169,0.016823161
26-01-2025 02:00,2,0.131455399,0.299687011,0.198748044,0.25743349,0.092331768,0.019953052
26-01-2025 03:00,3,0.113067293,0.300469484,0.197965571,0.272300469,0.09428795,0.021517997
26-01-2025 04:00,4,0.106025039,0.291471049,0.207746479,0.274256651,0.099374022,0.021126761
26-01-2025 05:00,5,0.103286385,0.299295775,0.206964006,0.273474178,0.093505477,0.022691706
26-01-2025 06:00,6,0.089593114,0.3114241,0.218701095,0.270344288,0.08685446,0.023082942
26-01-2025 07:00,7,0.09741784,0.330203443,0.216353678,0.258215962,0.078638498,0.019170579
26-01-2025 08:00,8,0.122065728,0.362676056,0.20970266,0.222613459,0.069248826,0.013693271
26-01-2025 09:00,9,0.153364632,0.338028169,0.197574335,0.222222222,0.073552426,0.015258216
26-01-2025 10:00,10,0.156103286,0.297730829,0.207355243,0.249217527,0.075899844,0.012910798
26-01-2025 11:00,11,0.123239437,0.275039124,0.220657277,0.29342723,0.075117371,0.012519562
26-01-2025 12:00,12,0.098200313,0.248043818,0.205399061,0.347809077,0.087245696,0.012519562
26-01-2025 13:00,13,0.063771518,0.209311424,0.213223787,0.399843505,0.104068858,0.009780908
26-01-2025 14:00,14,0.052425665,0.167057903,0.185054773,0.460485133,0.123630673,0.011345853
26-01-2025 15:00,15,0.039906103,0.143192488,0.154147105,0.504303599,0.140062598,0.018388106
26-01-2025 16:00,16,0.041471049,0.121283255,0.148669797,0.511737089,0.157276995,0.019561815
26-01-2025 17:00,17,0.036776213,0.127543036,0.153364632,0.490610329,0.16627543,0.025039124
26-01-2025 18:00,18,0.045383412,0.160015649,0.175665102,0.460093897,0.142018779,0.016431925
26-01-2025 19:00,19,0.0614241,0.200704225,0.216744914,0.405320814,0.10172144,0.014084507
26-01-2025 20:00,20,0.096244131,0.254303599,0.246087637,0.327073552,0.064945227,0.011345853
26-01-2025 21:00,21,0.129890454,0.309859155,0.238654147,0.253912363,0.058685446,0.008607199
26-01-2025 22:00,22,0.143192488,0.329029734,0.223395931,0.231611894,0.064162754,0.008607199
26-01-2025 23:00,23,0.145539906,0.332550861,0.206181534,0.240610329,0.066510172,0.008607199
27-01-2025 00:00,0,0.143192488,0.323552426,0.205790297,0.246087637,0.068075117,0.012910798
27-01-2025 01:00,1,0.140453834,0.299687011,0.196400626,0.258607199,0.088028169,0.016823161
27-01-2025 02:00,2,0.131455399,0.299687011,0.198748044,0.25743349,0.092331768,0.019953052
27-01-2025 03:00,3,0.113067293,0.300469484,0.197965571,0.272300469,0.09428795,0.021517997
27-01-2025 04:00,4,0.106025039,0.291471049,0.207746479,0.274256651,0.099374022,0.021126761
27-01-2025 05:00,5,0.103286385,0.299295775,0.206964006,0.273474178,0.093505477,0.022691706
27-01-2025 06:00,6,0.089593114,0.3114241,0.218701095,0.270344288,0.08685446,0.023082942
27-01-2025 07:00,7,0.09741784,0.330203443,0.216353678,0.258215962,0.078638498,0.019170579
27-01-2025 08:00,8,0.122065728,0.362676056,0.20970266,0.222613459,0.069248826,0.013693271
27-01-2025 09:00,9,0.153364632,0.338028169,0.197574335,0.222222222,0.073552426,0.015258216
27-01-2025 10:00,10,0.156103286,0.297730829,0.207355243,0.249217527,0.075899844,0.012910798
27-01-2025 11:00,11,0.123239437,0.275039124,0.220657277,0.29342723,0.075117371,0.012519562
27-01-2025 12:00,12,0.098200313,0.248043818,0.205399061,0.347809077,0.087245696,0.012519562
27-01-2025 13:00,13,0.063771518,0.209311424,0.213223787,0.399843505,0.104068858,0.009780908
27-01-2025 14:00,14,0.052425665,0.167057903,0.185054773,0.460485133,0.123630673,0.011345853
27-01-2025 15:00,15,0.039906103,0.143192488,0.154147105,0.504303599,0.140062598,0.018388106
27-01-2025 16:00,16,0.041471049,0.121283255,0.148669797,0.511737089,0.157276995,0.019561815
27-01-2025 17:00,17,0.036776213,0.127543036,0.153364632,0.490610329,0.16627543,0.025039124
27-01-2025 18:00,18,0.045383412,0.160015649,0.175665102,0.460093897,0.142018779,0.016431925
27-01-2025 19:00,19,0.0614241,0.200704225,0.216744914,0.405320814,0.10172144,0.014084507
27-01-2025 20:00,20,0.096244131,0.254303599,0.246087637,0.327073552,0.064945227,0.011345853
27-01-2025 21:00,21,0.129890454,0.309859155,0.238654147,0.253912363,0.058685446,0.008607199
27-01-2025 22:00,22,0.143192488,0.329029734,0.223395931,0.231611894,0.064162754,0.008607199
27-01-2025 23:00,23,0.145539906,0.332550861,0.206181534,0.240610329,0.066510172,0.008607199
28-01-2025 00:00,0,0.143192488,0.323552426,0.205790297,0.246087637,0.068075117,0.012910798
28-01-2025 01:00,1,0.140453834,0.299687011,0.196400626,0.258607199,0.088028169,0.016823161
28-01-2025 02:00,2,0.131455399,0.299687011,0.198748044,0.25743349,0.092331768,0.019953052
28-01-2025 03:00,3,0.113067293,0.300469484,0.197965571,0.272300469,0.09428795,0.021517997
28-01-2025 04:00,4,0.106025039,0.291471049,0.207746479,0.274256651,0.099374022,0.021126761
28-01-2025 05:00,5,0.103286385,0.299295775,0.206964006,0.273474178,0.093505477,0.022691706
28-01-2025 06:00,6,0.089593114,0.3114241,0.218701095,0.270344288,0.08685446,0.023082942
28-01-2025 07:00,7,0.09741784,0.330203443,0.216353678,0.258215962,0.078638498,0.019170579
28-01-2025 08:00,8,0.122065728,0.362676056,0.20970266,0.222613459,0.069248826,0.013693271
28-01-2025 09:00,9,0.153364632,0.338028169,0.197574335,0.222222222,0.073552426,0.015258216
28-01-2025 10:00,10,0.156103286,0.297730829,0.207355243,0.249217527,0.075899844,0.012910798
28-01-2025 11:00,11,0.123239437,0.275039124,0.220657277,0.29342723,0.075117371,0.012519562
28-01-2025 12:00,12,0.098200313,0.248043818,0.205399061,0.347809077,0.087245696,0.012519562
28-01-2025 13:00,13,0.063771518,0.209311424,0.213223787,0.399843505,0.104068858,0.009780908
28-01-2025 14:00,14,0.052425665,0.167057903,0.185054773,0.460485133,0.123630673,0.011345853
28-01-2025 15:00,15,0.039906103,0.143192488,0.154147105,0.504303599,0.140062598,0.018388106
28-01-2025 16:00,16,0.041471049,0.121283255,0.148669797,0.511737089,0.157276995,0.019561815
28-01-2025 17:00,17,0.036776213,0.127543036,0.153364632,0.490610329,0.16627543,0.025039124
28-01-2025 18:00,18,0.045383412,0.160015649,0.175665102,0.460093897,0.142018779,0.016431925
28-01-2025 19:00,19,0.0614241,0.200704225,0.216744914,0.405320814,0.10172144,0.014084507
28-01-2025 20:00,20,0.096244131,0.254303599,0.246087637,0.327073552,0.064945227,0.011345853
28-01-2025 21:00,21,0.129890454,0.309859155,0.238654147,0.253912363,0.058685446,0.008607199
28-01-2025 22:00,22,0.143192488,0.329029734,0.223395931,0.231611894,0.064162754,0.008607199
28-01-2025 23:00,23,0.145539906,0.332550861,0.206181534,0.240610329,0.066510172,0.008607199
29-01-2025 00:00,0,0.143192488,0.323552426,0.205790297,0.246087637,0.068075117,0.012910798
29-01-2025 01:00,1,0.140453834,0.299687011,0.196400626,0.258607199,0.088028169,0.016823161
29-01-2025 02:00,2,0.131455399,0.299687011,0.198748044,0.25743349,0.092331768,0.019953052
29-01-2025 03:00,3,0.113067293,0.300469484,0.197965571,0.272300469,0.09428795,0.021517997
29-01-2025 04:00,4,0.106025039,0.291471049,0.207746479,0.274256651,0.099374022,0.021126761
29-01-2025 05:00,5,0.103286385,0.299295775,0.206964006,0.273474178,0.093505477,0.022691706
29-01-2025 06:00,6,0.089593114,0.3114241,0.218701095,0.270344288,0.08685446,0.023082942
29-01-2025 07:00,7,0.09741784,0.330203443,0.216353678,0.258215962,0.078638498,0.019170579
29-01-2025 08:00,8,0.122065728,0.362676056,0.20970266,0.222613459,0.069248826,0.013693271
29-01-2025 09:00,9,0.153364632,0.338028169,0.197574335,0.222222222,0.073552426,0.015258216
29-01-2025 10:00,10,0.156103286,0.297730829,0.207355243,0.249217527,0.075899844,0.012910798
29-01-2025 11:00,11,0.123239437,0.275039124,0.220657277,0.29342723,0.075117371,0.012519562
29-01-2025 12:00,12,0.098200313,0.248043818,0.205399061,0.347809077,0.087245696,0.012519562
29-01-2025 13:00,13,0.063771518,0.209311424,0.213223787,0.399843505,0.104068858,0.009780908
29-01-2025 14:00,14,0.052425665,0.167057903,0.185054773,0.460485133,0.123630673,0.011345853
29-01-2025 15:00,15,0.039906103,0.143192488,0.154147105,0.504303599,0.140062598,0.018388106
29-01-2025 16:00,16,0.041471049,0.121283255,0.148669797,0.511737089,0.157276995,0.019561815
29-01-2025 17:00,17,0.036776213,0.127543036,0.153364632,0.490610329,0.16627543,0.025039124
29-01-2025 18:00,18,0.045383412,0.160015649,0.175665102,0.460093897,0.142018779,0.016431925
29-01-2025 19:00,19,0.0614241,0.200704225,0.216744914,0.405320814,0.10172144,0.014084507
29-01-2025 20:00,20,0.096244131,0.254303599,0.246087637,0.327073552,0.064945227,0.011345853
29-01-2025 21:00,21,0.129890454,0.309859155,0.238654147,0.253912363,0.058685446,0.008607199
29-01-2025 22:00,22,0.143192488,0.329029734,0.223395931,0.231611894,0.064162754,0.008607199
29-01-2025 23:00,23,0.145539906,0.332550861,0.206181534,0.240610329,0.066510172,0.008607199
30-01-2025 00:00,0,0.143192488,0.323552426,0.205790297,0.246087637,0.068075117,0.012910798
30-01-2025 01:00,1,0.140453834,0.299687011,0.196400626,0.258607199,0.088028169,0.016823161
30-01-2025 02:00,2,0.131455399,0.299687011,0.198748044,0.25743349,0.092331768,0.019953052
30-01-2025 03:00,3,0.113067293,0.300469484,0.197965571,0.272300469,0.09428795,0.021517997
30-01-2025 04:00,4,0.106025039,0.291471049,0.207746479,0.274256651,0.099374022,0.021126761
30-01-2025 05:00,5,0.103286385,0.299295775,0.206964006,0.273474178,0.093505477,0.022691706
30-01-2025 06:00,6,0.089593114,0.3114241,0.218701095,0.270344288,0.08685446,0.023082942
30-01-2025 07:00,7,0.09741784,0.330203443,0.216353678,0.258215962,0.078638498,0.019170579
30-01-2025 08:00,8,0.122065728,0.362676056,0.20970266,0.222613459,0.069248826,0.013693271
30-01-2025 09:00,9,0.153364632,0.338028169,0.197574335,0.222222222,0.073552426,0.015258216
30-01-2025 10:00,10,0.156103286,0.297730829,0.207355243,0.249217527,0.075899844,0.012910798
30-01-2025 11:00,11,0.123239437,0.275039124,0.220657277,0.29342723,0.075117371,0.012519562
30-01-2025 12:00,12,0.098200313,0.248043818,0.205399061,0.347809077,0.087245696,0.012519562
30-01-2025 13:00,13,0.063771518,0.209311424,0.213223787,0.399843505,0.104068858,0.009780908
30-01-2025 14:00,14,0.052425665,0.167057903,0.185054773,0.460485133,0.123630673,0.011345853
30-01-2025 15:00,15,0.039906103,0.143192488,0.154147105,0.504303599,0.140062598,0.018388106
30-01-2025 16:00,16,0.041471049,0.121283255,0.148669797,0.511737089,0.157276995,0.019561815
30-01-2025 17:00,17,0.036776213,0.127543036,0.153364632,0.490610329,0.16627543,0.025039124
30-01-2025 18:00,18,0.045383412,0.160015649,0.175665102,0.460093897,0.142018779,0.016431925
30-01-2025 19:00,19,0.0614241,0.200704225,0.216744914,0.405320814,0.10172144,0.014084507
30-01-2025 20:00,20,0.096244131,0.254303599,0.246087637,0.327073552,0.064945227,0.011345853
30-01-2025 21:00,21,0.129890454,0.309859155,0.238654147,0.253912363,0.058685446,0.008607199
30-01-2025 22:00,22,0.143192488,0.329029734,0.223395931,0.231611894,0.064162754,0.008607199
30-01-2025 23:00,23,0.145539906,0.332550861,0.206181534,0.240610329,0.066510172,0.008607199
31-01-2025 00:00,0,0.143192488,0.323552426,0.205790297,0.246087637,0.068075117,0.012910798
31-01-2025 01:00,1,0.140453834,0.299687011,0.196400626,0.258607199,0.088028169,0.016823161
31-01-2025 02:00,2,0.131455399,0.299687011,0.198748044,0.25743349,0.092331768,0.019953052
31-01-2025 03:00,3,0.113067293,0.300469484,0.197965571,0.272300469,0.09428795,0.021517997
31-01-2025 04:00,4,0.106025039,0.291471049,0.207746479,0.274256651,0.099374022,0.021126761
31-01-2025 05:00,5,0.103286385,0.299295775,0.206964006,0.273474178,0.093505477,0.022691706
31-01-2025 06:00,6,0.089593114,0.3114241,0.218701095,0.270344288,0.08685446,0.023082942
31-01-2025 07:00,7,0.09741784,0.330203443,0.216353678,0.258215962,0.078638498,0.019170579
31-01-2025 08:00,8,0.122065728,0.362676056,0.20970266,0.222613459,0.069248826,0.013693271
31-01-2025 09:00,9,0.153364632,0.338028169,0.197574335,0.222222222,0.073552426,0.015258216
31-01-2025 10:00,10,0.156103286,0.297730829,0.207355243,0.249217527,0.075899844,0.012910798
31-01-2025 11:00,11,0.123239437,0.275039124,0.220657277,0.29342723,0.075117371,0.012519562
31-01-2025 12:00,12,0.098200313,0.248043818,0.205399061,0.347809077,0.087245696,0.012519562
31-01-2025 13:00,13,0.063771518,0.209311424,0.213223787,0.399843505,0.104068858,0.009780908
31-01-2025 14:00,14,0.052425665,0.167057903,0.185054773,0.460485133,0.123630673,0.011345853
31-01-2025 15:00,15,0.039906103,0.143192488,0.154147105,0.504303599,0.140062598,0.018388106
31-01-2025 16:00,16,0.041471049,0.121283255,0.148669797,0.511737089,0.157276995,0.019561815
31-01-2025 17:00,17,0.036776213,0.127543036,0.153364632,0.490610329,0.16627543,0.025039124
31-01-2025 18:00,18,0.045383412,0.160015649,0.175665102,0.460093897,0.142018779,0.016431925
31-01-2025 19:00,19,0.0614241,0.200704225,0.216744914,0.405320814,0.10172144,0.014084507
31-01-2025 20:00,20,0.096244131,0.254303599,0.246087637,0.327073552,0.064945227,0.011345853
31-01-2025 21:00,21,0.129890454,0.309859155,0.238654147,0.253912363,0.058685446,0.008607199
31-01-2025 22:00,22,0.143192488,0.329029734,0.223395931,0.231611894,0.064162754,0.008607199
31-01-2025 23:00,23,0.145539906,0.332550861,0.206181534,0.240610329,0.066510172,0.008607199
01-02-2025 00:00,0,0.143192488,0.323552426,0.205790297,0.246087637,0.068075117,0.012910798
01-02-2025 01:00,1,0.140453834,0.299687011,0.196400626,0.258607199,0.088028169,0.016823161
01-02-2025 02:00,2,0.131455399,0.299687011,0.198748044,0.25743349,0.092331768,0.019953052
01-02-2025 03:00,3,0.113067293,0.300469484,0.197965571,0.272300469,0.09428795,0.021517997
01-02-2025 04:00,4,0.106025039,0.291471049,0.207746479,0.274256651,0.099374022,0.021126761
01-02-2025 05:00,5,0.103286385,0.299295775,0.206964006,0.273474178,0.093505477,0.022691706
01-02-2025 06:00,6,0.089593114,0.3114241,0.218701095,0.270344288,0.08685446,0.023082942
01-02-2025 07:00,7,0.09741784,0.330203443,0.216353678,0.258215962,0.078638498,0.019170579
01-02-2025 08:00,8,0.122065728,0.362676056,0.20970266,0.222613459,0.069248826,0.013693271
01-02-2025 09:00,9,0.153364632,0.338028169,0.197574335,0.222222222,0.073552426,0.015258216
01-02-2025 10:00,10,0.156103286,0.297730829,0.207355243,0.249217527,0.075899844,0.012910798
01-02-2025 11:00,11,0.123239437,0.275039124,0.220657277,0.29342723,0.075117371,0.012519562
01-02-2025 12:00,12,0.098200313,0.248043818,0.205399061,0.347809077,0.087245696,0.012519562
01-02-2025 13:00,13,0.063771518,0.209311424,0.213223787,0.399843505,0.104068858,0.009780908
01-02-2025 14:00,14,0.052425665,0.167057903,0.185054773,0.460485133,0.123630673,0.011345853
01-02-2025 15:00,15,0.039906103,0.143192488,0.154147105,0.504303599,0.140062598,0.018388106
01-02-2025 16:00,16,0.041471049,0.121283255,0.148669797,0.511737089,0.157276995,0.019561815
01-02-2025 17:00,17,0.036776213,0.127543036,0.153364632,0.490610329,0.16627543,0.025039124
01-02-2025 18:00,18,0.045383412,0.160015649,0.175665102,0.460093897,0.142018779,0.016431925
01-02-2025 19:00,19,0.0614241,0.200704225,0.216744914,0.405320814,0.10172144,0.014084507
01-02-2025 20:00,20,0.096244131,0.254303599,0.246087637,0.327073552,0.064945227,0.011345853
01-02-2025 21:00,21,0.129890454,0.309859155,0.238654147,0.253912363,0.058685446,0.008607199
01-02-2025 22:00,22,0.143192488,0.329029734,0.223395931,0.231611894,0.064162754,0.008607199
01-02-2025 23:00,23,0.145539906,0.332550861,0.206181534,0.240610329,0.066510172,0.008607199
02-02-2025 00:00,0,0.143192488,0.323552426,0.205790297,0.246087637,0.068075117,0.012910798
02-02-2025 01:00,1,0.140453834,0.299687011,0.196400626,0.258607199,0.088028169,0.016823161
02-02-2025 02:00,2,0.131455399,0.299687011,0.198748044,0.25743349,0.092331768,0.019953052
02-02-2025 03:00,3,0.113067293,0.300469484,0.197965571,0.272300469,0.09428795,0.021517997
02-02-2025 04:00,4,0.106025039,0.291471049,0.207746479,0.274256651,0.099374022,0.021126761
02-02-2025 05:00,5,0.103286385,0.299295775,0.206964006,0.273474178,0.093505477,0.022691706
02-02-2025 06:00,6,0.089593114,0.3114241,0.218701095,0.270344288,0.08685446,0.023082942
02-02-2025 07:00,7,0.09741784,0.330203443,0.216353678,0.258215962,0.078638498,0.019170579
02-02-2025 08:00,8,0.122065728,0.362676056,0.20970266,0.222613459,0.069248826,0.013693271
02-02-2025 09:00,9,0.153364632,0.338028169,0.197574335,0.222222222,0.073552426,0.015258216
02-02-2025 10:00,10,0.156103286,0.297730829,0.207355243,0.249217527,0.075899844,0.012910798
02-02-2025 11:00,11,0.123239437,0.275039124,0.220657277,0.29342723,0.075117371,0.012519562
02-02-2025 12:00,12,0.098200313,0.248043818,0.205399061,0.347809077,0.087245696,0.012519562
02-02-2025 13:00,13,0.063771518,0.209311424,0.213223787,0.399843505,0.104068858,0.009780908
02-02-2025 14:00,14,0.052425665,0.167057903,0.185054773,0.460485133,0.123630673,0.011345853
02-02-2025 15:00,15,0.039906103,0.143192488,0.154147105,0.504303599,0.140062598,0.018388106
02-02-2025 16:00,16,0.041471049,0.121283255,0.148669797,0.511737089,0.157276995,0.019561815
02-02-2025 17:00,17,0.036776213,0.127543036,0.153364632,0.490610329,0.16627543,0.025039124
02-02-2025 18:00,18,0.045383412,0.160015649,0.175665102,0.460093897,0.142018779,0.016431925
02-02-2025 19:00,19,0.0614241,0.200704225,0.216744914,0.405320814,0.10172144,0.014084507
02-02-2025 20:00,20,0.096244131,0.254303599,0.246087637,0.327073552,0.064945227,0.011345853
02-02-2025 21:00,21,0.129890454,0.309859155,0.238654147,0.253912363,0.058685446,0.008607199
02-02-2025 22:00,22,0.143192488,0.329029734,0.223395931,0.231611894,0.064162754,0.008607199
02-02-2025 23:00,23,0.145539906,0.332550861,0.206181534,0.240610329,0.066510172,0.008607199
03-02-2025 00:00,0,0.143192488,0.323552426,0.205790297,0.246087637,0.068075117,0.012910798
03-02-2025 01:00,1,0.140453834,0.299687011,0.196400626,0.258607199,0.088028169,0.016823161
03-02-2025 02:00,2,0.131455399,0.299687011,0.198748044,0.25743349,0.092331768,0.019953052
03-02-2025 03:00,3,0.113067293,0.300469484,0.197965571,0.272300469,0.09428795,0.021517997
03-02-2025 04:00,4,0.106025039,0.291471049,0.207746479,0.274256651,0.099374022,0.021126761
03-02-2025 05:00,5,0.103286385,0.299295775,0.206964006,0.273474178,0.093505477,0.022691706
03-02-2025 06:00,6,0.089593114,0.3114241,0.218701095,0.270344288,0.08685446,0.023082942
03-02-2025 07:00,7,0.09741784,0.330203443,0.216353678,0.258215962,0.078638498,0.019170579
03-02-2025 08:00,8,0.122065728,0.362676056,0.20970266,0.222613459,0.069248826,0.013693271
03-02-2025 09:00,9,0.153364632,0.338028169,0.197574335,0.222222222,0.073552426,0.015258216
03-02-2025 10:00,10,0.156103286,0.297730829,0.207355243,0.249217527,0.075899844,0.012910798
03-02-2025 11:00,11,0.123239437,0.275039124,0.220657277,0.29342723,0.075117371,0.012519562
03-02-2025 12:00,12,0.098200313,0.248043818,0.205399061,0.347809077,0.087245696,0.012519562
03-02-2025 13:00,13,0.063771518,0.209311424,0.213223787,0.399843505,0.104068858,0.009780908
03-02-2025 14:00,14,0.052425665,0.167057903,0.185054773,0.460485133,0.123630673,0.011345853
03-02-2025 15:00,15,0.039906103,0.143192488,0.154147105,0.504303599,0.140062598,0.018388106
03-02-2025 16:00,16,0.041471049,0.121283255,0.148669797,0.511737089,0.157276995,0.019561815
03-02-2025 17:00,17,0.036776213,0.127543036,0.153364632,0.490610329,0.16627543,0.025039124
03-02-2025 18:00,18,0.045383412,0.160015649,0.175665102,0.460093897,0.142018779,0.016431925
03-02-2025 19:00,19,0.0614241,0.200704225,0.216744914,0.405320814,0.10172144,0.014084507
03-02-2025 20:00,20,0.096244131,0.254303599,0.246087637,0.327073552,0.064945227,0.011345853
03-02-2025 21:00,21,0.129890454,0.309859155,0.238654147,0.253912363,0.058685446,0.008607199
03-02-2025 22:00,22,0.143192488,0.329029734,0.223395931,0.231611894,0.064162754,0.008607199
03-02-2025 23:00,23,0.145539906,0.332550861,0.206181534,0.240610329,0.066510172,0.008607199
04-02-2025 00:00,0,0.143192488,0.323552426,0.205790297,0.246087637,0.068075117,0.012910798
04-02-2025 01:00,1,0.140453834,0.299687011,0.196400626,0.258607199,0.088028169,0.016823161
04-02-2025 02:00,2,0.131455399,0.299687011,0.198748044,0.25743349,0.092331768,0.019953052
04-02-2025 03:00,3,0.113067293,0.300469484,0.197965571,0.272300469,0.09428795,0.021517997
04-02-2025 04:00,4,0.106025039,0.291471049,0.207746479,0.274256651,0.099374022,0.021126761
04-02-2025 05:00,5,0.103286385,0.299295775,0.206964006,0.273474178,0.093505477,0.022691706
04-02-2025 06:00,6,0.089593114,0.3114241,0.218701095,0.270344288,0.08685446,0.023082942
04-02-2025 07:00,7,0.09741784,0.330203443,0.216353678,0.258215962,0.078638498,0.019170579
04-02-2025 08:00,8,0.122065728,0.362676056,0.20970266,0.222613459,0.069248826,0.013693271
04-02-2025 09:00,9,0.153364632,0.338028169,0.197574335,0.222222222,0.073552426,0.015258216
04-02-2025 10:00,10,0.156103286,0.297730829,0.207355243,0.249217527,0.075899844,0.012910798
04-02-2025 11:00,11,0.123239437,0.275039124,0.220657277,0.29342723,0.075117371,0.012519562
04-02-2025 12:00,12,0.098200313,0.248043818,0.205399061,0.347809077,0.087245696,0.012519562
04-02-2025 13:00,13,0.063771518,0.209311424,0.213223787,0.399843505,0.104068858,0.009780908
04-02-2025 14:00,14,0.052425665,0.167057903,0.185054773,0.460485133,0.123630673,0.011345853
04-02-2025 15:00,15,0.039906103,0.143192488,0.154147105,0.504303599,0.140062598,0.018388106
04-02-2025 16:00,16,0.041471049,0.121283255,0.148669797,0.511737089,0.157276995,0.019561815
04-02-2025 17:00,17,0.036776213,0.127543036,0.153364632,0.490610329,0.16627543,0.025039124
04-02-2025 18:00,18,0.045383412,0.160015649,0.175665102,0.460093897,0.142018779,0.016431925
04-02-2025 19:00,19,0.0614241,0.200704225,0.216744914,0.405320814,0.10172144,0.014084507
04-02-2025 20:00,20,0.096244131,0.254303599,0.246087637,0.327073552,0.064945227,0.011345853
04-02-2025 21:00,21,0.129890454,0.309859155,0.238654147,0.253912363,0.058685446,0.008607199
04-02-2025 22:00,22,0.143192488,0.329029734,0.223395931,0.231611894,0.064162754,0.008607199
04-02-2025 23:00,23,0.145539906,0.332550861,0.206181534,0.240610329,0.066510172,0.008607199
05-02-2025 00:00,0,0.143192488,0.323552426,0.205790297,0.246087637,0.068075117,0.012910798
05-02-2025 01:00,1,0.140453834,0.299687011,0.196400626,0.258607199,0.088028169,0.016823161
05-02-2025 02:00,2,0.131455399,0.299687011,0.198748044,0.25743349,0.092331768,0.019953052
05-02-2025 03:00,3,0.113067293,0.300469484,0.197965571,0.272300469,0.09428795,0.021517997
05-02-2025 04:00,4,0.106025039,0.291471049,0.207746479,0.274256651,0.099374022,0.021126761
05-02-2025 05:00,5,0.103286385,0.299295775,0.206964006,0.273474178,0.093505477,0.022691706
05-02-2025 06:00,6,0.089593114,0.3114241,0.218701095,0.270344288,0.08685446,0.023082942
05-02-2025 07:00,7,0.09741784,0.330203443,0.216353678,0.258215962,0.078638498,0.019170579
05-02-2025 08:00,8,0.122065728,0.362676056,0.20970266,0.222613459,0.069248826,0.013693271
05-02-2025 09:00,9,0.153364632,0.338028169,0.197574335,0.222222222,0.073552426,0.015258216
05-02-2025 10:00,10,0.156103286,0.297730829,0.207355243,0.249217527,0.075899844,0.012910798
05-02-2025 11:00,11,0.123239437,0.275039124,0.220657277,0.29342723,0.075117371,0.012519562
05-02-2025 12:00,12,0.098200313,0.248043818,0.205399061,0.347809077,0.087245696,0.012519562
05-02-2025 13:00,13,0.063771518,0.209311424,0.213223787,0.399843505,0.104068858,0.009780908
05-02-2025 14:00,14,0.052425665,0.167057903,0.185054773,0.460485133,0.123630673,0.011345853
05-02-2025 15:00,15,0.039906103,0.143192488,0.154147105,0.504303599,0.140062598,0.018388106
05-02-2025 16:00,16,0.041471049,0.121283255,0.148669797,0.511737089,0.157276995,0.019561815
05-02-2025 17:00,17,0.036776213,0.127543036,0.153364632,0.490610329,0.16627543,0.025039124
05-02-2025 18:00,18,0.045383412,0.160015649,0.175665102,0.460093897,0.142018779,0.016431925
05-02-2025 19:00,19,0.0614241,0.200704225,0.216744914,0.405320814,0.10172144,0.014084507
05-02-2025 20:00,20,0.096244131,0.254303599,0.246087637,0.327073552,0.064945227,0.011345853
05-02-2025 21:00,21,0.129890454,0.309859155,0.238654147,0.253912363,0.058685446,0.008607199
05-02-2025 22:00,22,0.143192488,0.329029734,0.223395931,0.231611894,0.064162754,0.008607199
05-02-2025 23:00,23,0.145539906,0.332550861,0.206181534,0.240610329,0.066510172,0.008607199
06-02-2025 00:00,0,0.143192488,0.323552426,0.205790297,0.246087637,0.068075117,0.012910798
06-02-2025 01:00,1,0.140453834,0.299687011,0.196400626,0.258607199,0.088028169,0.016823161
06-02-2025 02:00,2,0.131455399,0.299687011,0.198748044,0.25743349,0.092331768,0.019953052
06-02-2025 03:00,3,0.113067293,0.300469484,0.197965571,0.272300469,0.09428795,0.021517997
06-02-2025 04:00,4,0.106025039,0.291471049,0.207746479,0.274256651,0.099374022,0.021126761
06-02-2025 05:00,5,0.103286385,0.299295775,0.206964006,0.273474178,0.093505477,0.022691706
06-02-2025 06:00,6,0.089593114,0.3114241,0.218701095,0.270344288,0.08685446,0.023082942
06-02-2025 07:00,7,0.09741784,0.330203443,0.216353678,0.258215962,0.078638498,0.019170579
06-02-2025 08:00,8,0.122065728,0.362676056,0.20970266,0.222613459,0.069248826,0.013693271
06-02-2025 09:00,9,0.153364632,0.338028169,0.197574335,0.222222222,0.073552426,0.015258216
06-02-2025 10:00,10,0.156103286,0.297730829,0.207355243,0.249217527,0.075899844,0.012910798
06-02-2025 11:00,11,0.123239437,0.275039124,0.220657277,0.29342723,0.075117371,0.012519562
06-02-2025 12:00,12,0.098200313,0.248043818,0.205399061,0.347809077,0.087245696,0.012519562
06-02-2025 13:00,13,0.063771518,0.209311424,0.213223787,0.399843505,0.104068858,0.009780908
06-02-2025 14:00,14,0.052425665,0.167057903,0.185054773,0.460485133,0.123630673,0.011345853
06-02-2025 15:00,15,0.039906103,0.143192488,0.154147105,0.504303599,0.140062598,0.018388106
06-02-2025 16:00,16,0.041471049,0.121283255,0.148669797,0.511737089,0.157276995,0.019561815
06-02-2025 17:00,17,0.036776213,0.127543036,0.153364632,0.490610329,0.16627543,0.025039124
06-02-2025 18:00,18,0.045383412,0.160015649,0.175665102,0.460093897,0.142018779,0.016431925
06-02-2025 19:00,19,0.0614241,0.200704225,0.216744914,0.405320814,0.10172144,0.014084507
06-02-2025 20:00,20,0.096244131,0.254303599,0.246087637,0.327073552,0.064945227,0.011345853
06-02-2025 21:00,21,0.129890454,0.309859155,0.238654147,0.253912363,0.058685446,0.008607199
06-02-2025 22:00,22,0.143192488,0.329029734,0.223395931,0.231611894,0.064162754,0.008607199
06-02-2025 23:00,23,0.145539906,0.332550861,0.206181534,0.240610329,0.066510172,0.008607199
07-02-2025 00:00,0,0.143192488,0.323552426,0.205790297,0.246087637,0.068075117,0.012910798
07-02-2025 01:00,1,0.140453834,0.299687011,0.196400626,0.258607199,0.088028169,0.016823161
07-02-2025 02:00,2,0.131455399,0.299687011,0.198748044,0.25743349,0.092331768,0.019953052
07-02-2025 03:00,3,0.113067293,0.300469484,0.197965571,0.272300469,0.09428795,0.021517997
07-02-2025 04:00,4,0.106025039,0.291471049,0.207746479,0.274256651,0.099374022,0.021126761
07-02-2025 05:00,5,0.103286385,0.299295775,0.206964006,0.273474178,0.093505477,0.022691706
07-02-2025 06:00,6,0.089593114,0.3114241,0.218701095,0.270344288,0.08685446,0.023082942
07-02-2025 07:00,7,0.09741784,0.330203443,0.216353678,0.258215962,0.078638498,0.019170579
07-02-2025 08:00,8,0.122065728,0.362676056,0.20970266,0.222613459,0.069248826,0.013693271
07-02-2025 09:00,9,0.153364632,0.338028169,0.197574335,0.222222222,0.073552426,0.015258216
07-02-2025 10:00,10,0.156103286,0.297730829,0.207355243,0.249217527,0.075899844,0.012910798
07-02-2025 11:00,11,0.123239437,0.275039124,0.220657277,0.29342723,0.075117371,0.012519562
07-02-2025 12:00,12,0.098200313,0.248043818,0.205399061,0.347809077,0.087245696,0.012519562
07-02-2025 13:00,13,0.063771518,0.209311424,0.213223787,0.399843505,0.104068858,0.009780908
07-02-2025 14:00,14,0.052425665,0.167057903,0.185054773,0.460485133,0.123630673,0.011345853
07-02-2025 15:00,15,0.039906103,0.143192488,0.154147105,0.504303599,0.140062598,0.018388106
07-02-2025 16:00,16,0.041471049,0.121283255,0.148669797,0.511737089,0.157276995,0.019561815
07-02-2025 17:00,17,0.036776213,0.127543036,0.153364632,0.490610329,0.16627543,0.025039124
07-02-2025 18:00,18,0.045383412,0.160015649,0.175665102,0.460093897,0.142018779,0.016431925
07-02-2025 19:00,19,0.0614241,0.200704225,0.216744914,0.405320814,0.10172144,0.014084507
07-02-2025 20:00,20,0.096244131,0.254303599,0.246087637,0.327073552,0.064945227,0.011345853
07-02-2025 21:00,21,0.129890454,0.309859155,0.238654147,0.253912363,0.058685446,0.008607199
07-02-2025 22:00,22,0.143192488,0.329029734,0.223395931,0.231611894,0.064162754,0.008607199
07-02-2025 23:00,23,0.145539906,0.332550861,0.206181534,0.240610329,0.066510172,0.008607199
08-02-2025 00:00,0,0.143192488,0.323552426,0.205790297,0.246087637,0.068075117,0.012910798
08-02-2025 01:00,1,0.140453834,0.299687011,0.196400626,0.258607199,0.088028169,0.016823161
08-02-2025 02:00,2,0.131455399,0.299687011,0.198748044,0.25743349,0.092331768,0.019953052
08-02-2025 03:00,3,0.113067293,0.300469484,0.197965571,0.272300469,0.09428795,0.021517997
08-02-2025 04:00,4,0.106025039,0.291471049,0.207746479,0.274256651,0.099374022,0.021126761
08-02-2025 05:00,5,0.103286385,0.299295775,0.206964006,0.273474178,0.093505477,0.022691706
08-02-2025 06:00,6,0.089593114,0.3114241,0.218701095,0.270344288,0.08685446,0.023082942
08-02-2025 07:00,7,0.09741784,0.330203443,0.216353678,0.258215962,0.078638498,0.019170579
08-02-2025 08:00,8,0.122065728,0.362676056,0.20970266,0.222613459,0.069248826,0.013693271
08-02-2025 09:00,9,0.153364632,0.338028169,0.197574335,0.222222222,0.073552426,0.015258216
08-02-2025 10:00,10,0.156103286,0.297730829,0.207355243,0.249217527,0.075899844,0.012910798
08-02-2025 11:00,11,0.123239437,0.275039124,0.220657277,0.29342723,0.075117371,0.012519562
08-02-2025 12:00,12,0.098200313,0.248043818,0.205399061,0.347809077,0.087245696,0.012519562
08-02-2025 13:00,13,0.063771518,0.209311424,0.213223787,0.399843505,0.104068858,0.009780908
08-02-2025 14:00,14,0.052425665,0.167057903,0.185054773,0.460485133,0.123630673,0.011345853
08-02-2025 15:00,15,0.039906103,0.143192488,0.154147105,0.504303599,0.140062598,0.018388106
08-02-2025 16:00,16,0.041471049,0.121283255,0.148669797,0.511737089,0.157276995,0.019561815
08-02-2025 17:00,17,0.036776213,0.127543036,0.153364632,0.490610329,0.16627543,0.025039124
08-02-2025 18:00,18,0.045383412,0.160015649,0.175665102,0.460093897,0.142018779,0.016431925
08-02-2025 19:00,19,0.0614241,0.200704225,0.216744914,0.405320814,0.10172144,0.014084507
08-02-2025 20:00,20,0.096244131,0.254303599,0.246087637,0.327073552,0.064945227,0.011345853
08-02-2025 21:00,21,0.129890454,0.309859155,0.238654147,0.253912363,0.058685446,0.008607199
08-02-2025 22:00,22,0.143192488,0.329029734,0.223395931,0.231611894,0.064162754,0.008607199
08-02-2025 23:00,23,0.145539906,0.332550861,0.206181534,0.240610329,0.066510172,0.008607199
09-02-2025 00:00,0,0.143192488,0.323552426,0.205790297,0.246087637,0.068075117,0.012910798
09-02-2025 01:00,1,0.140453834,0.299687011,0.196400626,0.258607199,0.088028169,0.016823161
09-02-2025 02:00,2,0.131455399,0.299687011,0.198748044,0.25743349,0.092331768,0.019953052
09-02-2025 03:00,3,0.113067293,0.300469484,0.197965571,0.272300469,0.09428795,0.021517997
09-02-2025 04:00,4,0.106025039,0.291471049,0.207746479,0.274256651,0.099374022,0.021126761
09-02-2025 05:00,5,0.103286385,0.299295775,0.206964006,0.273474178,0.093505477,0.022691706
09-02-2025 06:00,6,0.089593114,0.3114241,0.218701095,0.270344288,0.08685446,0.023082942
09-02-2025 07:00,7,0.09741784,0.330203443,0.216353678,0.258215962,0.078638498,0.019170579
09-02-2025 08:00,8,0.122065728,0.362676056,0.20970266,0.222613459,0.069248826,0.013693271
09-02-2025 09:00,9,0.153364632,0.338028169,0.197574335,0.222222222,0.073552426,0.015258216
09-02-2025 10:00,10,0.156103286,0.297730829,0.207355243,0.249217527,0.075899844,0.012910798
09-02-2025 11:00,11,0.123239437,0.275039124,0.220657277,0.29342723,0.075117371,0.012519562
09-02-2025 12:00,12,0.098200313,0.248043818,0.205399061,0.347809077,0.087245696,0.012519562
09-02-2025 13:00,13,0.063771518,0.209311424,0.213223787,0.399843505,0.104068858,0.009780908
09-02-2025 14:00,14,0.052425665,0.167057903,0.185054773,0.460485133,0.123630673,0.011345853
09-02-2025 15:00,15,0.039906103,0.143192488,0.154147105,0.504303599,0.140062598,0.018388106
09-02-2025 16:00,16,0.041471049,0.121283255,0.148669797,0.511737089,0.157276995,0.019561815
09-02-2025 17:00,17,0.036776213,0.127543036,0.153364632,0.490610329,0.16627543,0.025039124
09-02-2025 18:00,18,0.045383412,0.160015649,0.175665102,0.460093897,0.142018779,0.016431925
09-02-2025 19:00,19,0.0614241,0.200704225,0.216744914,0.405320814,0.10172144,0.014084507
09-02-2025 20:00,20,0.096244131,0.254303599,0.246087637,0.327073552,0.064945227,0.011345853
09-02-2025 21:00,21,0.129890454,0.309859155,0.238654147,0.253912363,0.058685446,0.008607199
09-02-2025 22:00,22,0.143192488,0.329029734,0.223395931,0.231611894,0.064162754,0.008607199
09-02-2025 23:00,23,0.145539906,0.332550861,0.206181534,0.240610329,0.066510172,0.008607199
10-02-2025 00:00,0,0.143192488,0.323552426,0.205790297,0.246087637,0.068075117,0.012910798
10-02-2025 01:00,1,0.140453834,0.299687011,0.196400626,0.258607199,0.088028169,0.016823161
10-02-2025 02:00,2,0.131455399,0.299687011,0.198748044,0.25743349,0.092331768,0.019953052
10-02-2025 03:00,3,0.113067293,0.300469484,0.197965571,0.272300469,0.09428795,0.021517997
10-02-2025 04:00,4,0.106025039,0.291471049,0.207746479,0.274256651,0.099374022,0.021126761
10-02-2025 05:00,5,0.103286385,0.299295775,0.206964006,0.273474178,0.093505477,0.022691706
10-02-2025 06:00,6,0.089593114,0.3114241,0.218701095,0.270344288,0.08685446,0.023082942
10-02-2025 07:00,7,0.09741784,0.330203443,0.216353678,0.258215962,0.078638498,0.019170579
10-02-2025 08:00,8,0.122065728,0.362676056,0.20970266,0.222613459,0.069248826,0.013693271
10-02-2025 09:00,9,0.153364632,0.338028169,0.197574335,0.222222222,0.073552426,0.015258216
10-02-2025 10:00,10,0.156103286,0.297730829,0.207355243,0.249217527,0.075899844,0.012910798
10-02-2025 11:00,11,0.123239437,0.275039124,0.220657277,0.29342723,0.075117371,0.012519562
10-02-2025 12:00,12,0.098200313,0.248043818,0.205399061,0.347809077,0.087245696,0.012519562
10-02-2025 13:00,13,0.063771518,0.209311424,0.213223787,0.399843505,0.104068858,0.009780908
10-02-2025 14:00,14,0.052425665,0.167057903,0.185054773,0.460485133,0.123630673,0.011345853
10-02-2025 15:00,15,0.039906103,0.143192488,0.154147105,0.504303599,0.140062598,0.018388106
10-02-2025 16:00,16,0.041471049,0.121283255,0.148669797,0.511737089,0.157276995,0.019561815
10-02-2025 17:00,17,0.036776213,0.127543036,0.153364632,0.490610329,0.16627543,0.025039124
10-02-2025 18:00,18,0.045383412,0.160015649,0.175665102,0.460093897,0.142018779,0.016431925
10-02-2025 19:00,19,0.0614241,0.200704225,0.216744914,0.405320814,0.10172144,0.014084507
10-02-2025 20:00,20,0.096244131,0.254303599,0.246087637,0.327073552,0.064945227,0.011345853
10-02-2025 21:00,21,0.129890454,0.309859155,0.238654147,0.253912363,0.058685446,0.008607199
10-02-2025 22:00,22,0.143192488,0.329029734,0.223395931,0.231611894,0.064162754,0.008607199
10-02-2025 23:00,23,0.145539906,0.332550861,0.206181534,0.240610329,0.066510172,0.008607199
11-02-2025 00:00,0,0.143192488,0.323552426,0.205790297,0.246087637,0.068075117,0.012910798
11-02-2025 01:00,1,0.140453834,0.299687011,0.196400626,0.258607199,0.088028169,0.016823161
11-02-2025 02:00,2,0.131455399,0.299687011,0.198748044,0.25743349,0.092331768,0.019953052
11-02-2025 03:00,3,0.113067293,0.300469484,0.197965571,0.272300469,0.09428795,0.021517997
11-02-2025 04:00,4,0.106025039,0.291471049,0.207746479,0.274256651,0.099374022,0.021126761
11-02-2025 05:00,5,0.103286385,0.299295775,0.206964006,0.273474178,0.093505477,0.022691706
11-02-2025 06:00,6,0.089593114,0.3114241,0.218701095,0.270344288,0.08685446,0.023082942
11-02-2025 07:00,7,0.09741784,0.330203443,0.216353678,0.258215962,0.078638498,0.019170579
11-02-2025 08:00,8,0.122065728,0.362676056,0.20970266,0.222613459,0.069248826,0.013693271
11-02-2025 09:00,9,0.153364632,0.338028169,0.197574335,0.222222222,0.073552426,0.015258216
11-02-2025 10:00,10,0.156103286,0.297730829,0.207355243,0.249217527,0.075899844,0.012910798
11-02-2025 11:00,11,0.123239437,0.275039124,0.220657277,0.29342723,0.075117371,0.012519562
11-02-2025 12:00,12,0.098200313,0.248043818,0.205399061,0.347809077,0.087245696,0.012519562
11-02-2025 13:00,13,0.063771518,0.209311424,0.213223787,0.399843505,0.104068858,0.009780908
11-02-2025 14:00,14,0.052425665,0.167057903,0.185054773,0.460485133,0.123630673,0.011345853
11-02-2025 15:00,15,0.039906103,0.143192488,0.154147105,0.504303599,0.140062598,0.018388106
11-02-2025 16:00,16,0.041471049,0.121283255,0.148669797,0.511737089,0.157276995,0.019561815
11-02-2025 17:00,17,0.036776213,0.127543036,0.153364632,0.490610329,0.16627543,0.025039124
11-02-2025 18:00,18,0.045383412,0.160015649,0.175665102,0.460093897,0.142018779,0.016431925
11-02-2025 19:00,19,0.0614241,0.200704225,0.216744914,0.405320814,0.10172144,0.014084507
11-02-2025 20:00,20,0.096244131,0.254303599,0.246087637,0.327073552,0.064945227,0.011345853
11-02-2025 21:00,21,0.129890454,0.309859155,0.238654147,0.253912363,0.058685446,0.008607199
11-02-2025 22:00,22,0.143192488,0.329029734,0.223395931,0.231611894,0.064162754,0.008607199
11-02-2025 23:00,23,0.145539906,0.332550861,0.206181534,0.240610329,0.066510172,0.008607199
12-02-2025 00:00,0,0.143192488,0.323552426,0.205790297,0.246087637,0.068075117,0.012910798
12-02-2025 01:00,1,0.140453834,0.299687011,0.196400626,0.258607199,0.088028169,0.016823161
12-02-2025 02:00,2,0.131455399,0.299687011,0.198748044,0.25743349,0.092331768,0.019953052
12-02-2025 03:00,3,0.113067293,0.300469484,0.197965571,0.272300469,0.09428795,0.021517997
12-02-2025 04:00,4,0.106025039,0.291471049,0.207746479,0.274256651,0.099374022,0.021126761
12-02-2025 05:00,5,0.103286385,0.299295775,0.206964006,0.273474178,0.093505477,0.022691706
12-02-2025 06:00,6,0.089593114,0.3114241,0.218701095,0.270344288,0.08685446,0.023082942
12-02-2025 07:00,7,0.09741784,0.330203443,0.216353678,0.258215962,0.078638498,0.019170579
12-02-2025 08:00,8,0.122065728,0.362676056,0.20970266,0.222613459,0.069248826,0.013693271
12-02-2025 09:00,9,0.153364632,0.338028169,0.197574335,0.222222222,0.073552426,0.015258216
12-02-2025 10:00,10,0.156103286,0.297730829,0.207355243,0.249217527,0.075899844,0.012910798
12-02-2025 11:00,11,0.123239437,0.275039124,0.220657277,0.29342723,0.075117371,0.012519562
12-02-2025 12:00,12,0.098200313,0.248043818,0.205399061,0.347809077,0.087245696,0.012519562
12-02-2025 13:00,13,0.063771518,0.209311424,0.213223787,0.399843505,0.104068858,0.009780908
12-02-2025 14:00,14,0.052425665,0.167057903,0.185054773,0.460485133,0.123630673,0.011345853
12-02-2025 15:00,15,0.039906103,0.143192488,0.154147105,0.504303599,0.140062598,0.018388106
12-02-2025 16:00,16,0.041471049,0.121283255,0.148669797,0.511737089,0.157276995,0.019561815
12-02-2025 17:00,17,0.036776213,0.127543036,0.153364632,0.490610329,0.16627543,0.025039124
12-02-2025 18:00,18,0.045383412,0.160015649,0.175665102,0.460093897,0.142018779,0.016431925
12-02-2025 19:00,19,0.0614241,0.200704225,0.216744914,0.405320814,0.10172144,0.014084507
12-02-2025 20:00,20,0.096244131,0.254303599,0.246087637,0.327073552,0.064945227,0.011345853
12-02-2025 21:00,21,0.129890454,0.309859155,0.238654147,0.253912363,0.058685446,0.008607199
12-02-2025 22:00,22,0.143192488,0.329029734,0.223395931,0.231611894,0.064162754,0.008607199
12-02-2025 23:00,23,0.145539906,0.332550861,0.206181534,0.240610329,0.066510172,0.008607199
13-02-2025 00:00,0,0.143192488,0.323552426,0.205790297,0.246087637,0.068075117,0.012910798
13-02-2025 01:00,1,0.140453834,0.299687011,0.196400626,0.258607199,0.088028169,0.016823161
13-02-2025 02:00,2,0.131455399,0.299687011,0.198748044,0.25743349,0.092331768,0.019953052
13-02-2025 03:00,3,0.113067293,0.300469484,0.197965571,0.272300469,0.09428795,0.021517997
13-02-2025 04:00,4,0.106025039,0.291471049,0.207746479,0.274256651,0.099374022,0.021126761
13-02-2025 05:00,5,0.103286385,0.299295775,0.206964006,0.273474178,0.093505477,0.022691706
13-02-2025 06:00,6,0.089593114,0.3114241,0.218701095,0.270344288,0.08685446,0.023082942
13-02-2025 07:00,7,0.09741784,0.330203443,0.216353678,0.258215962,0.078638498,0.019170579
13-02-2025 08:00,8,0.122065728,0.362676056,0.20970266,0.222613459,0.069248826,0.013693271
13-02-2025 09:00,9,0.153364632,0.338028169,0.197574335,0.222222222,0.073552426,0.015258216
13-02-2025 10:00,10,0.156103286,0.297730829,0.207355243,0.249217527,0.075899844,0.012910798
13-02-2025 11:00,11,0.123239437,0.275039124,0.220657277,0.29342723,0.075117371,0.012519562
13-02-2025 12:00,12,0.098200313,0.248043818,0.205399061,0.347809077,0.087245696,0.012519562
13-02-2025 13:00,13,0.063771518,0.209311424,0.213223787,0.399843505,0.104068858,0.009780908
13-02-2025 14:00,14,0.052425665,0.167057903,0.185054773,0.460485133,0.123630673,0.011345853
13-02-2025 15:00,15,0.039906103,0.143192488,0.154147105,0.504303599,0.140062598,0.018388106
13-02-2025 16:00,16,0.041471049,0.121283255,0.148669797,0.511737089,0.157276995,0.019561815
13-02-2025 17:00,17,0.036776213,0.127543036,0.153364632,0.490610329,0.16627543,0.025039124
13-02-2025 18:00,18,0.045383412,0.160015649,0.175665102,0.460093897,0.142018779,0.016431925
13-02-2025 19:00,19,0.0614241,0.200704225,0.216744914,0.405320814,0.10172144,0.014084507
13-02-2025 20:00,20,0.096244131,0.254303599,0.246087637,0.327073552,0.064945227,0.011345853
13-02-2025 21:00,21,0.129890454,0.309859155,0.238654147,0.253912363,0.058685446,0.008607199
13-02-2025 22:00,22,0.143192488,0.329029734,0.223395931,0.231611894,0.064162754,0.008607199
13-02-2025 23:00,23,0.145539906,0.332550861,0.206181534,0.240610329,0.066510172,0.008607199
14-02-2025 00:00,0,0.143192488,0.323552426,0.205790297,0.246087637,0.068075117,0.012910798
14-02-2025 01:00,1,0.140453834,0.299687011,0.196400626,0.258607199,0.088028169,0.016823161
14-02-2025 02:00,2,0.131455399,0.299687011,0.198748044,0.25743349,0.092331768,0.019953052
14-02-2025 03:00,3,0.113067293,0.300469484,0.197965571,0.272300469,0.09428795,0.021517997
14-02-2025 04:00,4,0.106025039,0.291471049,0.207746479,0.274256651,0.099374022,0.021126761
14-02-2025 05:00,5,0.103286385,0.299295775,0.206964006,0.273474178,0.093505477,0.022691706
14-02-2025 06:00,6,0.089593114,0.3114241,0.218701095,0.270344288,0.08685446,0.023082942
14-02-2025 07:00,7,0.09741784,0.330203443,0.216353678,0.258215962,0.078638498,0.019170579
14-02-2025 08:00,8,0.122065728,0.362676056,0.20970266,0.222613459,0.069248826,0.013693271
14-02-2025 09:00,9,0.153364632,0.338028169,0.197574335,0.222222222,0.073552426,0.015258216
14-02-2025 10:00,10,0.156103286,0.297730829,0.207355243,0.249217527,0.075899844,0.012910798
14-02-2025 11:00,11,0.123239437,0.275039124,0.220657277,0.29342723,0.075117371,0.012519562
14-02-2025 12:00,12,0.098200313,0.248043818,0.205399061,0.347809077,0.087245696,0.012519562
14-02-2025 13:00,13,0.063771518,0.209311424,0.213223787,0.399843505,0.104068858,0.009780908
14-02-2025 14:00,14,0.052425665,0.167057903,0.185054773,0.460485133,0.123630673,0.011345853
14-02-2025 15:00,15,0.039906103,0.143192488,0.154147105,0.504303599,0.140062598,0.018388106
14-02-2025 16:00,16,0.041471049,0.121283255,0.148669797,0.511737089,0.157276995,0.019561815
14-02-2025 17:00,17,0.036776213,0.127543036,0.153364632,0.490610329,0.16627543,0.025039124
14-02-2025 18:00,18,0.045383412,0.160015649,0.175665102,0.460093897,0.142018779,0.016431925
14-02-2025 19:00,19,0.0614241,0.200704225,0.216744914,0.405320814,0.10172144,0.014084507
14-02-2025 20:00,20,0.096244131,0.254303599,0.246087637,0.327073552,0.064945227,0.011345853
14-02-2025 21:00,21,0.129890454,0.309859155,0.238654147,0.253912363,0.058685446,0.008607199
14-02-2025 22:00,22,0.143192488,0.329029734,0.223395931,0.231611894,0.064162754,0.008607199
14-02-2025 23:00,23,0.145539906,0.332550861,0.206181534,0.240610329,0.066510172,0.008607199
15-02-2025 00:00,0,0.143192488,0.323552426,0.205790297,0.246087637,0.068075117,0.012910798
15-02-2025 01:00,1,0.140453834,0.299687011,0.196400626,0.258607199,0.088028169,0.016823161
15-02-2025 02:00,2,0.131455399,0.299687011,0.198748044,0.25743349,0.092331768,0.019953052
15-02-2025 03:00,3,0.113067293,0.300469484,0.197965571,0.272300469,0.09428795,0.021517997
15-02-2025 04:00,4,0.106025039,0.291471049,0.207746479,0.274256651,0.099374022,0.021126761
15-02-2025 05:00,5,0.103286385,0.299295775,0.206964006,0.273474178,0.093505477,0.022691706
15-02-2025 06:00,6,0.089593114,0.3114241,0.218701095,0.270344288,0.08685446,0.023082942
15-02-2025 07:00,7,0.09741784,0.330203443,0.216353678,0.258215962,0.078638498,0.019170579
15-02-2025 08:00,8,0.122065728,0.362676056,0.20970266,0.222613459,0.069248826,0.013693271
15-02-2025 09:00,9,0.153364632,0.338028169,0.197574335,0.222222222,0.073552426,0.015258216
15-02-2025 10:00,10,0.156103286,0.297730829,0.207355243,0.249217527,0.075899844,0.012910798
15-02-2025 11:00,11,0.123239437,0.275039124,0.220657277,0.29342723,0.075117371,0.012519562
15-02-2025 12:00,12,0.098200313,0.248043818,0.205399061,0.347809077,0.087245696,0.012519562
15-02-2025 13:00,13,0.063771518,0.209311424,0.213223787,0.399843505,0.104068858,0.009780908
15-02-2025 14:00,14,0.052425665,0.167057903,0.185054773,0.460485133,0.123630673,0.011345853
15-02-2025 15:00,15,0.039906103,0.143192488,0.154147105,0.504303599,0.140062598,0.018388106
15-02-2025 16:00,16,0.041471049,0.121283255,0.148669797,0.511737089,0.157276995,0.019561815
15-02-2025 17:00,17,0.036776213,0.127543036,0.153364632,0.490610329,0.16627543,0.025039124
15-02-2025 18:00,18,0.045383412,0.160015649,0.175665102,0.460093897,0.142018779,0.016431925
15-02-2025 19:00,19,0.0614241,0.200704225,0.216744914,0.405320814,0.10172144,0.014084507
15-02-2025 20:00,20,0.096244131,0.254303599,0.246087637,0.327073552,0.064945227,0.011345853
15-02-2025 21:00,21,0.129890454,0.309859155,0.238654147,0.253912363,0.058685446,0.008607199
15-02-2025 22:00,22,0.143192488,0.329029734,0.223395931,0.231611894,0.064162754,0.008607199
15-02-2025 23:00,23,0.145539906,0.332550861,0.206181534,0.240610329,0.066510172,0.008607199
16-02-2025 00:00,0,0.143192488,0.323552426,0.205790297,0.246087637,0.068075117,0.012910798
16-02-2025 01:00,1,0.140453834,0.299687011,0.196400626,0.258607199,0.088028169,0.016823161
16-02-2025 02:00,2,0.131455399,0.299687011,0.198748044,0.25743349,0.092331768,0.019953052
16-02-2025 03:00,3,0.113067293,0.300469484,0.197965571,0.272300469,0.09428795,0.021517997
16-02-2025 04:00,4,0.106025039,0.291471049,0.207746479,0.274256651,0.099374022,0.021126761
16-02-2025 05:00,5,0.103286385,0.299295775,0.206964006,0.273474178,0.093505477,0.022691706
16-02-2025 06:00,6,0.089593114,0.3114241,0.218701095,0.270344288,0.08685446,0.023082942
16-02-2025 07:00,7,0.09741784,0.330203443,0.216353678,0.258215962,0.078638498,0.019170579
16-02-2025 08:00,8,0.122065728,0.362676056,0.20970266,0.222613459,0.069248826,0.013693271
16-02-2025 09:00,9,0.153364632,0.338028169,0.197574335,0.222222222,0.073552426,0.015258216
16-02-2025 10:00,10,0.156103286,0.297730829,0.207355243,0.249217527,0.075899844,0.012910798
16-02-2025 11:00,11,0.123239437,0.275039124,0.220657277,0.29342723,0.075117371,0.012519562
16-02-2025 12:00,12,0.098200313,0.248043818,0.205399061,0.347809077,0.087245696,0.012519562
16-02-2025 13:00,13,0.063771518,0.209311424,0.213223787,0.399843505,0.104068858,0.009780908
16-02-2025 14:00,14,0.052425665,0.167057903,0.185054773,0.460485133,0.123630673,0.011345853
16-02-2025 15:00,15,0.039906103,0.143192488,0.154147105,0.504303599,0.140062598,0.018388106
16-02-2025 16:00,16,0.041471049,0.121283255,0.148669797,0.511737089,0.157276995,0.019561815
16-02-2025 17:00,17,0.036776213,0.127543036,0.153364632,0.490610329,0.16627543,0.025039124
16-02-2025 18:00,18,0.045383412,0.160015649,0.175665102,0.460093897,0.142018779,0.016431925
16-02-2025 19:00,19,0.0614241,0.200704225,0.216744914,0.405320814,0.10172144,0.014084507
16-02-2025 20:00,20,0.096244131,0.254303599,0.246087637,0.327073552,0.064945227,0.011345853
16-02-2025 21:00,21,0.129890454,0.309859155,0.238654147,0.253912363,0.058685446,0.008607199
16-02-2025 22:00,22,0.143192488,0.329029734,0.223395931,0.231611894,0.064162754,0.008607199
16-02-2025 23:00,23,0.145539906,0.332550861,0.206181534,0.240610329,0.066510172,0.008607199
17-02-2025 00:00,0,0.143192488,0.323552426,0.205790297,0.246087637,0.068075117,0.012910798
17-02-2025 01:00,1,0.140453834,0.299687011,0.196400626,0.258607199,0.088028169,0.016823161
17-02-2025 02:00,2,0.131455399,0.299687011,0.198748044,0.25743349,0.092331768,0.019953052
17-02-2025 03:00,3,0.113067293,0.300469484,0.197965571,0.272300469,0.09428795,0.021517997
17-02-2025 04:00,4,0.106025039,0.291471049,0.207746479,0.274256651,0.099374022,0.021126761
17-02-2025 05:00,5,0.103286385,0.299295775,0.206964006,0.273474178,0.093505477,0.022691706
17-02-2025 06:00,6,0.089593114,0.3114241,0.218701095,0.270344288,0.08685446,0.023082942
17-02-2025 07:00,7,0.09741784,0.330203443,0.216353678,0.258215962,0.078638498,0.019170579
17-02-2025 08:00,8,0.122065728,0.362676056,0.20970266,0.222613459,0.069248826,0.013693271
17-02-2025 09:00,9,0.153364632,0.338028169,0.197574335,0.222222222,0.073552426,0.015258216
17-02-2025 10:00,10,0.156103286,0.297730829,0.207355243,0.249217527,0.075899844,0.012910798
17-02-2025 11:00,11,0.123239437,0.275039124,0.220657277,0.29342723,0.075117371,0.012519562
17-02-2025 12:00,12,0.098200313,0.248043818,0.205399061,0.347809077,0.087245696,0.012519562
17-02-2025 13:00,13,0.063771518,0.209311424,0.213223787,0.399843505,0.104068858,0.009780908
17-02-2025 14:00,14,0.052425665,0.167057903,0.185054773,0.460485133,0.123630673,0.011345853
17-02-2025 15:00,15,0.039906103,0.143192488,0.154147105,0.504303599,0.140062598,0.018388106
17-02-2025 16:00,16,0.041471049,0.121283255,0.148669797,0.511737089,0.157276995,0.019561815
17-02-2025 17:00,17,0.036776213,0.127543036,0.153364632,0.490610329,0.16627543,0.025039124
17-02-2025 18:00,18,0.045383412,0.160015649,0.175665102,0.460093897,0.142018779,0.016431925
17-02-2025 19:00,19,0.0614241,0.200704225,0.216744914,0.405320814,0.10172144,0.014084507
17-02-2025 20:00,20,0.096244131,0.254303599,0.246087637,0.327073552,0.064945227,0.011345853
17-02-2025 21:00,21,0.129890454,0.309859155,0.238654147,0.253912363,0.058685446,0.008607199
17-02-2025 22:00,22,0.143192488,0.329029734,0.223395931,0.231611894,0.064162754,0.008607199
17-02-2025 23:00,23,0.145539906,0.332550861,0.206181534,0.240610329,0.066510172,0.008607199
18-02-2025 00:00,0,0.143192488,0.323552426,0.205790297,0.246087637,0.068075117,0.012910798
18-02-2025 01:00,1,0.140453834,0.299687011,0.196400626,0.258607199,0.088028169,0.016823161
18-02-2025 02:00,2,0.131455399,0.299687011,0.198748044,0.25743349,0.092331768,0.019953052
18-02-2025 03:00,3,0.113067293,0.300469484,0.197965571,0.272300469,0.09428795,0.021517997
18-02-2025 04:00,4,0.106025039,0.291471049,0.207746479,0.274256651,0.099374022,0.021126761
18-02-2025 05:00,5,0.103286385,0.299295775,0.206964006,0.273474178,0.093505477,0.022691706
18-02-2025 06:00,6,0.089593114,0.3114241,0.218701095,0.270344288,0.08685446,0.023082942
18-02-2025 07:00,7,0.09741784,0.330203443,0.216353678,0.258215962,0.078638498,0.019170579
18-02-2025 08:00,8,0.122065728,0.362676056,0.20970266,0.222613459,0.069248826,0.013693271
18-02-2025 09:00,9,0.153364632,0.338028169,0.197574335,0.222222222,0.073552426,0.015258216
18-02-2025 10:00,10,0.156103286,0.297730829,0.207355243,0.249217527,0.075899844,0.012910798
18-02-2025 11:00,11,0.123239437,0.275039124,0.220657277,0.29342723,0.075117371,0.012519562
18-02-2025 12:00,12,0.098200313,0.248043818,0.205399061,0.347809077,0.087245696,0.012519562
18-02-2025 13:00,13,0.063771518,0.209311424,0.213223787,0.399843505,0.104068858,0.009780908
18-02-2025 14:00,14,0.052425665,0.167057903,0.185054773,0.460485133,0.123630673,0.011345853
18-02-2025 15:00,15,0.039906103,0.143192488,0.154147105,0.504303599,0.140062598,0.018388106
18-02-2025 16:00,16,0.041471049,0.121283255,0.148669797,0.511737089,0.157276995,0.019561815
18-02-2025 17:00,17,0.036776213,0.127543036,0.153364632,0.490610329,0.16627543,0.025039124
18-02-2025 18:00,18,0.045383412,0.160015649,0.175665102,0.460093897,0.142018779,0.016431925
18-02-2025 19:00,19,0.0614241,0.200704225,0.216744914,0.405320814,0.10172144,0.014084507
18-02-2025 20:00,20,0.096244131,0.254303599,0.246087637,0.327073552,0.064945227,0.011345853
18-02-2025 21:00,21,0.129890454,0.309859155,0.238654147,0.253912363,0.058685446,0.008607199
18-02-2025 22:00,22,0.143192488,0.329029734,0.223395931,0.231611894,0.064162754,0.008607199
18-02-2025 23:00,23,0.145539906,0.332550861,0.206181534,0.240610329,0.066510172,0.008607199
19-02-2025 00:00,0,0.143192488,0.323552426,0.205790297,0.246087637,0.068075117,0.012910798
19-02-2025 01:00,1,0.140453834,0.299687011,0.196400626,0.258607199,0.088028169,0.016823161
19-02-2025 02:00,2,0.131455399,0.299687011,0.198748044,0.25743349,0.092331768,0.019953052
19-02-2025 03:00,3,0.113067293,0.300469484,0.197965571,0.272300469,0.09428795,0.021517997
19-02-2025 04:00,4,0.106025039,0.291471049,0.207746479,0.274256651,0.099374022,0.021126761
19-02-2025 05:00,5,0.103286385,0.299295775,0.206964006,0.273474178,0.093505477,0.022691706
19-02-2025 06:00,6,0.089593114,0.3114241,0.218701095,0.270344288,0.08685446,0.023082942
19-02-2025 07:00,7,0.09741784,0.330203443,0.216353678,0.258215962,0.078638498,0.019170579
19-02-2025 08:00,8,0.122065728,0.362676056,0.20970266,0.222613459,0.069248826,0.013693271
19-02-2025 09:00,9,0.153364632,0.338028169,0.197574335,0.222222222,0.073552426,0.015258216
19-02-2025 10:00,10,0.156103286,0.297730829,0.207355243,0.249217527,0.075899844,0.012910798
19-02-2025 11:00,11,0.123239437,0.275039124,0.220657277,0.29342723,0.075117371,0.012519562
19-02-2025 12:00,12,0.098200313,0.248043818,0.205399061,0.347809077,0.087245696,0.012519562
19-02-2025 13:00,13,0.063771518,0.209311424,0.213223787,0.399843505,0.104068858,0.009780908
19-02-2025 14:00,14,0.052425665,0.167057903,0.185054773,0.460485133,0.123630673,0.011345853
19-02-2025 15:00,15,0.039906103,0.143192488,0.154147105,0.504303599,0.140062598,0.018388106
19-02-2025 16:00,16,0.041471049,0.121283255,0.148669797,0.511737089,0.157276995,0.019561815
19-02-2025 17:00,17,0.036776213,0.127543036,0.153364632,0.490610329,0.16627543,0.025039124
19-02-2025 18:00,18,0.045383412,0.160015649,0.175665102,0.460093897,0.142018779,0.016431925
19-02-2025 19:00,19,0.0614241,0.200704225,0.216744914,0.405320814,0.10172144,0.014084507
19-02-2025 20:00,20,0.096244131,0.254303599,0.246087637,0.327073552,0.064945227,0.011345853
19-02-2025 21:00,21,0.129890454,0.309859155,0.238654147,0.253912363,0.058685446,0.008607199
19-02-2025 22:00,22,0.143192488,0.329029734,0.223395931,0.231611894,0.064162754,0.008607199
19-02-2025 23:00,23,0.145539906,0.332550861,0.206181534,0.240610329,0.066510172,0.008607199
20-02-2025 00:00,0,0.143192488,0.323552426,0.205790297,0.246087637,0.068075117,0.012910798
20-02-2025 01:00,1,0.140453834,0.299687011,0.196400626,0.258607199,0.088028169,0.016823161
20-02-2025 02:00,2,0.131455399,0.299687011,0.198748044,0.25743349,0.092331768,0.019953052
20-02-2025 03:00,3,0.113067293,0.300469484,0.197965571,0.272300469,0.09428795,0.021517997
20-02-2025 04:00,4,0.106025039,0.291471049,0.207746479,0.274256651,0.099374022,0.021126761
20-02-2025 05:00,5,0.103286385,0.299295775,0.206964006,0.273474178,0.093505477,0.022691706
20-02-2025 06:00,6,0.089593114,0.3114241,0.218701095,0.270344288,0.08685446,0.023082942
20-02-2025 07:00,7,0.09741784,0.330203443,0.216353678,0.258215962,0.078638498,0.019170579
20-02-2025 08:00,8,0.122065728,0.362676056,0.20970266,0.222613459,0.069248826,0.013693271
20-02-2025 09:00,9,0.153364632,0.338028169,0.197574335,0.222222222,0.073552426,0.015258216
20-02-2025 10:00,10,0.156103286,0.297730829,0.207355243,0.249217527,0.075899844,0.012910798
20-02-2025 11:00,11,0.123239437,0.275039124,0.220657277,0.29342723,0.075117371,0.012519562
20-02-2025 12:00,12,0.098200313,0.248043818,0.205399061,0.347809077,0.087245696,0.012519562
20-02-2025 13:00,13,0.063771518,0.209311424,0.213223787,0.399843505,0.104068858,0.009780908
20-02-2025 14:00,14,0.052425665,0.167057903,0.185054773,0.460485133,0.123630673,0.011345853
20-02-2025 15:00,15,0.039906103,0.143192488,0.154147105,0.504303599,0.140062598,0.018388106
20-02-2025 16:00,16,0.041471049,0.121283255,0.148669797,0.511737089,0.157276995,0.019561815
20-02-2025 17:00,17,0.036776213,0.127543036,0.153364632,0.490610329,0.16627543,0.025039124
20-02-2025 18:00,18,0.045383412,0.160015649,0.175665102,0.460093897,0.142018779,0.016431925
20-02-2025 19:00,19,0.0614241,0.200704225,0.216744914,0.405320814,0.10172144,0.014084507
20-02-2025 20:00,20,0.096244131,0.254303599,0.246087637,0.327073552,0.064945227,0.011345853
20-02-2025 21:00,21,0.129890454,0.309859155,0.238654147,0.253912363,0.058685446,0.008607199
20-02-2025 22:00,22,0.143192488,0.329029734,0.223395931,0.231611894,0.064162754,0.008607199
20-02-2025 23:00,23,0.145539906,0.332550861,0.206181534,0.240610329,0.066510172,0.008607199
21-02-2025 00:00,0,0.143192488,0.323552426,0.205790297,0.246087637,0.068075117,0.012910798
21-02-2025 01:00,1,0.140453834,0.299687011,0.196400626,0.258607199,0.088028169,0.016823161
21-02-2025 02:00,2,0.131455399,0.299687011,0.198748044,0.25743349,0.092331768,0.019953052
21-02-2025 03:00,3,0.113067293,0.300469484,0.197965571,0.272300469,0.09428795,0.021517997
21-02-2025 04:00,4,0.106025039,0.291471049,0.207746479,0.274256651,0.099374022,0.021126761
21-02-2025 05:00,5,0.103286385,0.299295775,0.206964006,0.273474178,0.093505477,0.022691706
21-02-2025 06:00,6,0.089593114,0.3114241,0.218701095,0.270344288,0.08685446,0.023082942
21-02-2025 07:00,7,0.09741784,0.330203443,0.216353678,0.258215962,0.078638498,0.019170579
21-02-2025 08:00,8,0.122065728,0.362676056,0.20970266,0.222613459,0.069248826,0.013693271
21-02-2025 09:00,9,0.153364632,0.338028169,0.197574335,0.222222222,0.073552426,0.015258216
21-02-2025 10:00,10,0.156103286,0.297730829,0.207355243,0.249217527,0.075899844,0.012910798
21-02-2025 11:00,11,0.123239437,0.275039124,0.220657277,0.29342723,0.075117371,0.012519562
21-02-2025 12:00,12,0.098200313,0.248043818,0.205399061,0.347809077,0.087245696,0.012519562
21-02-2025 13:00,13,0.063771518,0.209311424,0.213223787,0.399843505,0.104068858,0.009780908
21-02-2025 14:00,14,0.052425665,0.167057903,0.185054773,0.460485133,0.123630673,0.011345853
21-02-2025 15:00,15,0.039906103,0.143192488,0.154147105,0.504303599,0.140062598,0.018388106
21-02-2025 16:00,16,0.041471049,0.121283255,0.148669797,0.511737089,0.157276995,0.019561815
21-02-2025 17:00,17,0.036776213,0.127543036,0.153364632,0.490610329,0.16627543,0.025039124
21-02-2025 18:00,18,0.045383412,0.160015649,0.175665102,0.460093897,0.142018779,0.016431925
21-02-2025 19:00,19,0.0614241,0.200704225,0.216744914,0.405320814,0.10172144,0.014084507
21-02-2025 20:00,20,0.096244131,0.254303599,0.246087637,0.327073552,0.064945227,0.011345853
21-02-2025 21:00,21,0.129890454,0.309859155,0.238654147,0.253912363,0.058685446,0.008607199
21-02-2025 22:00,22,0.143192488,0.329029734,0.223395931,0.231611894,0.064162754,0.008607199
21-02-2025 23:00,23,0.145539906,0.332550861,0.206181534,0.240610329,0.066510172,0.008607199
22-02-2025 00:00,0,0.143192488,0.323552426,0.205790297,0.246087637,0.068075117,0.012910798
22-02-2025 01:00,1,0.140453834,0.299687011,0.196400626,0.258607199,0.088028169,0.016823161
22-02-2025 02:00,2,0.131455399,0.299687011,0.198748044,0.25743349,0.092331768,0.019953052
22-02-2025 03:00,3,0.113067293,0.300469484,0.197965571,0.272300469,0.09428795,0.021517997
22-02-2025 04:00,4,0.106025039,0.291471049,0.207746479,0.274256651,0.099374022,0.021126761
22-02-2025 05:00,5,0.103286385,0.299295775,0.206964006,0.273474178,0.093505477,0.022691706
22-02-2025 06:00,6,0.089593114,0.3114241,0.218701095,0.270344288,0.08685446,0.023082942
22-02-2025 07:00,7,0.09741784,0.330203443,0.216353678,0.258215962,0.078638498,0.019170579
22-02-2025 08:00,8,0.122065728,0.362676056,0.20970266,0.222613459,0.069248826,0.013693271
22-02-2025 09:00,9,0.153364632,0.338028169,0.197574335,0.222222222,0.073552426,0.015258216
22-02-2025 10:00,10,0.156103286,0.297730829,0.207355243,0.249217527,0.075899844,0.012910798
22-02-2025 11:00,11,0.123239437,0.275039124,0.220657277,0.29342723,0.075117371,0.012519562
22-02-2025 12:00,12,0.098200313,0.248043818,0.205399061,0.347809077,0.087245696,0.012519562
22-02-2025 13:00,13,0.063771518,0.209311424,0.213223787,0.399843505,0.104068858,0.009780908
22-02-2025 14:00,14,0.052425665,0.167057903,0.185054773,0.460485133,0.123630673,0.011345853
22-02-2025 15:00,15,0.039906103,0.143192488,0.154147105,0.504303599,0.140062598,0.018388106
22-02-2025 16:00,16,0.041471049,0.121283255,0.148669797,0.511737089,0.157276995,0.019561815
22-02-2025 17:00,17,0.036776213,0.127543036,0.153364632,0.490610329,0.16627543,0.025039124
22-02-2025 18:00,18,0.045383412,0.160015649,0.175665102,0.460093897,0.142018779,0.016431925
22-02-2025 19:00,19,0.0614241,0.200704225,0.216744914,0.405320814,0.10172144,0.014084507
22-02-2025 20:00,20,0.096244131,0.254303599,0.246087637,0.327073552,0.064945227,0.011345853
22-02-2025 21:00,21,0.129890454,0.309859155,0.238654147,0.253912363,0.058685446,0.008607199
22-02-2025 22:00,22,0.143192488,0.329029734,0.223395931,0.231611894,0.064162754,0.008607199
22-02-2025 23:00,23,0.145539906,0.332550861,0.206181534,0.240610329,0.066510172,0.008607199
23-02-2025 00:00,0,0.143192488,0.323552426,0.205790297,0.246087637,0.068075117,0.012910798
23-02-2025 01:00,1,0.140453834,0.299687011,0.196400626,0.258607199,0.088028169,0.016823161
23-02-2025 02:00,2,0.131455399,0.299687011,0.198748044,0.25743349,0.092331768,0.019953052
23-02-2025 03:00,3,0.113067293,0.300469484,0.197965571,0.272300469,0.09428795,0.021517997
23-02-2025 04:00,4,0.106025039,0.291471049,0.207746479,0.274256651,0.099374022,0.021126761
23-02-2025 05:00,5,0.103286385,0.299295775,0.206964006,0.273474178,0.093505477,0.022691706
23-02-2025 06:00,6,0.089593114,0.3114241,0.218701095,0.270344288,0.08685446,0.023082942
23-02-2025 07:00,7,0.09741784,0.330203443,0.216353678,0.258215962,0.078638498,0.019170579
23-02-2025 08:00,8,0.122065728,0.362676056,0.20970266,0.222613459,0.069248826,0.013693271
23-02-2025 09:00,9,0.153364632,0.338028169,0.197574335,0.222222222,0.073552426,0.015258216
23-02-2025 10:00,10,0.156103286,0.297730829,0.207355243,0.249217527,0.075899844,0.012910798
23-02-2025 11:00,11,0.123239437,0.275039124,0.220657277,0.29342723,0.075117371,0.012519562
23-02-2025 12:00,12,0.098200313,0.248043818,0.205399061,0.347809077,0.087245696,0.012519562
23-02-2025 13:00,13,0.063771518,0.209311424,0.213223787,0.399843505,0.104068858,0.009780908
23-02-2025 14:00,14,0.052425665,0.167057903,0.185054773,0.460485133,0.123630673,0.011345853
23-02-2025 15:00,15,0.039906103,0.143192488,0.154147105,0.504303599,0.140062598,0.018388106
23-02-2025 16:00,16,0.041471049,0.121283255,0.148669797,0.511737089,0.157276995,0.019561815
23-02-2025 17:00,17,0.036776213,0.127543036,0.153364632,0.490610329,0.16627543,0.025039124
23-02-2025 18:00,18,0.045383412,0.160015649,0.175665102,0.460093897,0.142018779,0.016431925
23-02-2025 19:00,19,0.0614241,0.200704225,0.216744914,0.405320814,0.10172144,0.014084507
23-02-2025 20:00,20,0.096244131,0.254303599,0.246087637,0.327073552,0.064945227,0.011345853
23-02-2025 21:00,21,0.129890454,0.309859155,0.238654147,0.253912363,0.058685446,0.008607199
23-02-2025 22:00,22,0.143192488,0.329029734,0.223395931,0.231611894,0.064162754,0.008607199
23-02-2025 23:00,23,0.145539906,0.332550861,0.206181534,0.240610329,0.066510172,0.008607199
24-02-2025 00:00,0,0.143192488,0.323552426,0.205790297,0.246087637,0.068075117,0.012910798
24-02-2025 01:00,1,0.140453834,0.299687011,0.196400626,0.258607199,0.088028169,0.016823161
24-02-2025 02:00,2,0.131455399,0.299687011,0.198748044,0.25743349,0.092331768,0.019953052
24-02-2025 03:00,3,0.113067293,0.300469484,0.197965571,0.272300469,0.09428795,0.021517997
24-02-2025 04:00,4,0.106025039,0.291471049,0.207746479,0.274256651,0.099374022,0.021126761
24-02-2025 05:00,5,0.103286385,0.299295775,0.206964006,0.273474178,0.093505477,0.022691706
24-02-2025 06:00,6,0.089593114,0.3114241,0.218701095,0.270344288,0.08685446,0.023082942
24-02-2025 07:00,7,0.09741784,0.330203443,0.216353678,0.258215962,0.078638498,0.019170579
24-02-2025 08:00,8,0.122065728,0.362676056,0.20970266,0.222613459,0.069248826,0.013693271
24-02-2025 09:00,9,0.153364632,0.338028169,0.197574335,0.222222222,0.073552426,0.015258216
24-02-2025 10:00,10,0.156103286,0.297730829,0.207355243,0.249217527,0.075899844,0.012910798
24-02-2025 11:00,11,0.123239437,0.275039124,0.220657277,0.29342723,0.075117371,0.012519562
24-02-2025 12:00,12,0.098200313,0.248043818,0.205399061,0.347809077,0.087245696,0.012519562
24-02-2025 13:00,13,0.063771518,0.209311424,0.213223787,0.399843505,0.104068858,0.009780908
24-02-2025 14:00,14,0.052425665,0.167057903,0.185054773,0.460485133,0.123630673,0.011345853
24-02-2025 15:00,15,0.039906103,0.143192488,0.154147105,0.504303599,0.140062598,0.018388106
24-02-2025 16:00,16,0.041471049,0.121283255,0.148669797,0.511737089,0.157276995,0.019561815
24-02-2025 17:00,17,0.036776213,0.127543036,0.153364632,0.490610329,0.16627543,0.025039124
24-02-2025 18:00,18,0.045383412,0.160015649,0.175665102,0.460093897,0.142018779,0.016431925
24-02-2025 19:00,19,0.0614241,0.200704225,0.216744914,0.405320814,0.10172144,0.014084507
24-02-2025 20:00,20,0.096244131,0.254303599,0.246087637,0.327073552,0.064945227,0.011345853
24-02-2025 21:00,21,0.129890454,0.309859155,0.238654147,0.253912363,0.058685446,0.008607199
24-02-2025 22:00,22,0.143192488,0.329029734,0.223395931,0.231611894,0.064162754,0.008607199
24-02-2025 23:00,23,0.145539906,0.332550861,0.206181534,0.240610329,0.066510172,0.008607199
25-02-2025 00:00,0,0.143192488,0.323552426,0.205790297,0.246087637,0.068075117,0.012910798
25-02-2025 01:00,1,0.140453834,0.299687011,0.196400626,0.258607199,0.088028169,0.016823161
25-02-2025 02:00,2,0.131455399,0.299687011,0.198748044,0.25743349,0.092331768,0.019953052
25-02-2025 03:00,3,0.113067293,0.300469484,0.197965571,0.272300469,0.09428795,0.021517997
25-02-2025 04:00,4,0.106025039,0.291471049,0.207746479,0.274256651,0.099374022,0.021126761
25-02-2025 05:00,5,0.103286385,0.299295775,0.206964006,0.273474178,0.093505477,0.022691706
25-02-2025 06:00,6,0.089593114,0.3114241,0.218701095,0.270344288,0.08685446,0.023082942
25-02-2025 07:00,7,0.09741784,0.330203443,0.216353678,0.258215962,0.078638498,0.019170579
25-02-2025 08:00,8,0.122065728,0.362676056,0.20970266,0.222613459,0.069248826,0.013693271
25-02-2025 09:00,9,0.153364632,0.338028169,0.197574335,0.222222222,0.073552426,0.015258216
25-02-2025 10:00,10,0.156103286,0.297730829,0.207355243,0.249217527,0.075899844,0.012910798
25-02-2025 11:00,11,0.123239437,0.275039124,0.220657277,0.29342723,0.075117371,0.012519562
25-02-2025 12:00,12,0.098200313,0.248043818,0.205399061,0.347809077,0.087245696,0.012519562
25-02-2025 13:00,13,0.063771518,0.209311424,0.213223787,0.399843505,0.104068858,0.009780908
25-02-2025 14:00,14,0.052425665,0.167057903,0.185054773,0.460485133,0.123630673,0.011345853
25-02-2025 15:00,15,0.039906103,0.143192488,0.154147105,0.504303599,0.140062598,0.018388106
25-02-2025 16:00,16,0.041471049,0.121283255,0.148669797,0.511737089,0.157276995,0.019561815
25-02-2025 17:00,17,0.036776213,0.127543036,0.153364632,0.490610329,0.16627543,0.025039124
25-02-2025 18:00,18,0.045383412,0.160015649,0.175665102,0.460093897,0.142018779,0.016431925
25-02-2025 19:00,19,0.0614241,0.200704225,0.216744914,0.405320814,0.10172144,0.014084507
25-02-2025 20:00,20,0.096244131,0.254303599,0.246087637,0.327073552,0.064945227,0.011345853
25-02-2025 21:00,21,0.129890454,0.309859155,0.238654147,0.253912363,0.058685446,0.008607199
25-02-2025 22:00,22,0.143192488,0.329029734,0.223395931,0.231611894,0.064162754,0.008607199
25-02-2025 23:00,23,0.145539906,0.332550861,0.206181534,0.240610329,0.066510172,0.008607199
26-02-2025 00:00,0,0.143192488,0.323552426,0.205790297,0.246087637,0.068075117,0.012910798
26-02-2025 01:00,1,0.140453834,0.299687011,0.196400626,0.258607199,0.088028169,0.016823161
26-02-2025 02:00,2,0.131455399,0.299687011,0.198748044,0.25743349,0.092331768,0.019953052
26-02-2025 03:00,3,0.113067293,0.300469484,0.197965571,0.272300469,0.09428795,0.021517997
26-02-2025 04:00,4,0.106025039,0.291471049,0.207746479,0.274256651,0.099374022,0.021126761
26-02-2025 05:00,5,0.103286385,0.299295775,0.206964006,0.273474178,0.093505477,0.022691706
26-02-2025 06:00,6,0.089593114,0.3114241,0.218701095,0.270344288,0.08685446,0.023082942
26-02-2025 07:00,7,0.09741784,0.330203443,0.216353678,0.258215962,0.078638498,0.019170579
26-02-2025 08:00,8,0.122065728,0.362676056,0.20970266,0.222613459,0.069248826,0.013693271
26-02-2025 09:00,9,0.153364632,0.338028169,0.197574335,0.222222222,0.073552426,0.015258216
26-02-2025 10:00,10,0.156103286,0.297730829,0.207355243,0.249217527,0.075899844,0.012910798
26-02-2025 11:00,11,0.123239437,0.275039124,0.220657277,0.29342723,0.075117371,0.012519562
26-02-2025 12:00,12,0.098200313,0.248043818,0.205399061,0.347809077,0.087245696,0.012519562
26-02-2025 13:00,13,0.063771518,0.209311424,0.213223787,0.399843505,0.104068858,0.009780908
26-02-2025 14:00,14,0.052425665,0.167057903,0.185054773,0.460485133,0.123630673,0.011345853
26-02-2025 15:00,15,0.039906103,0.143192488,0.154147105,0.504303599,0.140062598,0.018388106
26-02-2025 16:00,16,0.041471049,0.121283255,0.148669797,0.511737089,0.157276995,0.019561815
26-02-2025 17:00,17,0.036776213,0.127543036,0.153364632,0.490610329,0.16627543,0.025039124
26-02-2025 18:00,18,0.045383412,0.160015649,0.175665102,0.460093897,0.142018779,0.016431925
26-02-2025 19:00,19,0.0614241,0.200704225,0.216744914,0.405320814,0.10172144,0.014084507
26-02-2025 20:00,20,0.096244131,0.254303599,0.246087637,0.327073552,0.064945227,0.011345853
26-02-2025 21:00,21,0.129890454,0.309859155,0.238654147,0.253912363,0.058685446,0.008607199
26-02-2025 22:00,22,0.143192488,0.329029734,0.223395931,0.231611894,0.064162754,0.008607199
26-02-2025 23:00,23,0.145539906,0.332550861,0.206181534,0.240610329,0.066510172,0.008607199
27-02-2025 00:00,0,0.143192488,0.323552426,0.205790297,0.246087637,0.068075117,0.012910798
27-02-2025 01:00,1,0.140453834,0.299687011,0.196400626,0.258607199,0.088028169,0.016823161
27-02-2025 02:00,2,0.131455399,0.299687011,0.198748044,0.25743349,0.092331768,0.019953052
27-02-2025 03:00,3,0.113067293,0.300469484,0.197965571,0.272300469,0.09428795,0.021517997
27-02-2025 04:00,4,0.106025039,0.291471049,0.207746479,0.274256651,0.099374022,0.021126761
27-02-2025 05:00,5,0.103286385,0.299295775,0.206964006,0.273474178,0.093505477,0.022691706
27-02-2025 06:00,6,0.089593114,0.3114241,0.218701095,0.270344288,0.08685446,0.023082942
27-02-2025 07:00,7,0.09741784,0.330203443,0.216353678,0.258215962,0.078638498,0.019170579
27-02-2025 08:00,8,0.122065728,0.362676056,0.20970266,0.222613459,0.069248826,0.013693271
27-02-2025 09:00,9,0.153364632,0.338028169,0.197574335,0.222222222,0.073552426,0.015258216
27-02-2025 10:00,10,0.156103286,0.297730829,0.207355243,0.249217527,0.075899844,0.012910798
27-02-2025 11:00,11,0.123239437,0.275039124,0.220657277,0.29342723,0.075117371,0.012519562
27-02-2025 12:00,12,0.098200313,0.248043818,0.205399061,0.347809077,0.087245696,0.012519562
27-02-2025 13:00,13,0.063771518,0.209311424,0.213223787,0.399843505,0.104068858,0.009780908
27-02-2025 14:00,14,0.052425665,0.167057903,0.185054773,0.460485133,0.123630673,0.011345853
27-02-2025 15:00,15,0.039906103,0.143192488,0.154147105,0.504303599,0.140062598,0.018388106
27-02-2025 16:00,16,0.041471049,0.121283255,0.148669797,0.511737089,0.157276995,0.019561815
27-02-2025 17:00,17,0.036776213,0.127543036,0.153364632,0.490610329,0.16627543,0.025039124
27-02-2025 18:00,18,0.045383412,0.160015649,0.175665102,0.460093897,0.142018779,0.016431925
27-02-2025 19:00,19,0.0614241,0.200704225,0.216744914,0.405320814,0.10172144,0.014084507
27-02-2025 20:00,20,0.096244131,0.254303599,0.246087637,0.327073552,0.064945227,0.011345853
27-02-2025 21:00,21,0.129890454,0.309859155,0.238654147,0.253912363,0.058685446,0.008607199
27-02-2025 22:00,22,0.143192488,0.329029734,0.223395931,0.231611894,0.064162754,0.008607199
27-02-2025 23:00,23,0.145539906,0.332550861,0.206181534,0.240610329,0.066510172,0.008607199
28-02-2025 00:00,0,0.143192488,0.323552426,0.205790297,0.246087637,0.068075117,0.012910798
28-02-2025 01:00,1,0.140453834,0.299687011,0.196400626,0.258607199,0.088028169,0.016823161
28-02-2025 02:00,2,0.131455399,0.299687011,0.198748044,0.25743349,0.092331768,0.019953052
28-02-2025 03:00,3,0.113067293,0.300469484,0.197965571,0.272300469,0.09428795,0.021517997
28-02-2025 04:00,4,0.106025039,0.291471049,0.207746479,0.274256651,0.099374022,0.021126761
28-02-2025 05:00,5,0.103286385,0.299295775,0.206964006,0.273474178,0.093505477,0.022691706
28-02-2025 06:00,6,0.089593114,0.3114241,0.218701095,0.270344288,0.08685446,0.023082942
28-02-2025 07:00,7,0.09741784,0.330203443,0.216353678,0.258215962,0.078638498,0.019170579
28-02-2025 08:00,8,0.122065728,0.362676056,0.20970266,0.222613459,0.069248826,0.013693271
28-02-2025 09:00,9,0.153364632,0.338028169,0.197574335,0.222222222,0.073552426,0.015258216
28-02-2025 10:00,10,0.156103286,0.297730829,0.207355243,0.249217527,0.075899844,0.012910798
28-02-2025 11:00,11,0.123239437,0.275039124,0.220657277,0.29342723,0.075117371,0.012519562
28-02-2025 12:00,12,0.098200313,0.248043818,0.205399061,0.347809077,0.087245696,0.012519562
28-02-2025 13:00,13,0.063771518,0.209311424,0.213223787,0.399843505,0.104068858,0.009780908
28-02-2025 14:00,14,0.052425665,0.167057903,0.185054773,0.460485133,0.123630673,0.011345853
28-02-2025 15:00,15,0.039906103,0.143192488,0.154147105,0.504303599,0.140062598,0.018388106
28-02-2025 16:00,16,0.041471049,0.121283255,0.148669797,0.511737089,0.157276995,0.019561815
28-02-2025 17:00,17,0.036776213,0.127543036,0.153364632,0.490610329,0.16627543,0.025039124
28-02-2025 18:00,18,0.045383412,0.160015649,0.175665102,0.460093897,0.142018779,0.016431925
28-02-2025 19:00,19,0.0614241,0.200704225,0.216744914,0.405320814,0.10172144,0.014084507
28-02-2025 20:00,20,0.096244131,0.254303599,0.246087637,0.327073552,0.064945227,0.011345853
28-02-2025 21:00,21,0.129890454,0.309859155,0.238654147,0.253912363,0.058685446,0.008607199
28-02-2025 22:00,22,0.143192488,0.329029734,0.223395931,0.231611894,0.064162754,0.008607199
28-02-2025 23:00,23,0.145539906,0.332550861,0.206181534,0.240610329,0.066510172,0.008607199
01-03-2025 00:00,0,0.143192488,0.323552426,0.205790297,0.246087637,0.068075117,0.012910798
01-03-2025 01:00,1,0.140453834,0.299687011,0.196400626,0.258607199,0.088028169,0.016823161
01-03-2025 02:00,2,0.131455399,0.299687011,0.198748044,0.25743349,0.092331768,0.019953052
01-03-2025 03:00,3,0.113067293,0.300469484,0.197965571,0.272300469,0.09428795,0.021517997
01-03-2025 04:00,4,0.106025039,0.291471049,0.207746479,0.274256651,0.099374022,0.021126761
01-03-2025 05:00,5,0.103286385,0.299295775,0.206964006,0.273474178,0.093505477,0.022691706
01-03-2025 06:00,6,0.089593114,0.3114241,0.218701095,0.270344288,0.08685446,0.023082942
01-03-2025 07:00,7,0.09741784,0.330203443,0.216353678,0.258215962,0.078638498,0.019170579
01-03-2025 08:00,8,0.122065728,0.362676056,0.20970266,0.222613459,0.069248826,0.013693271
01-03-2025 09:00,9,0.153364632,0.338028169,0.197574335,0.222222222,0.073552426,0.015258216
01-03-2025 10:00,10,0.156103286,0.297730829,0.207355243,0.249217527,0.075899844,0.012910798
01-03-2025 11:00,11,0.123239437,0.275039124,0.220657277,0.29342723,0.075117371,0.012519562
01-03-2025 12:00,12,0.098200313,0.248043818,0.205399061,0.347809077,0.087245696,0.012519562
01-03-2025 13:00,13,0.063771518,0.209311424,0.213223787,0.399843505,0.104068858,0.009780908
01-03-2025 14:00,14,0.052425665,0.167057903,0.185054773,0.460485133,0.123630673,0.011345853
01-03-2025 15:00,15,0.039906103,0.143192488,0.154147105,0.504303599,0.140062598,0.018388106
01-03-2025 16:00,16,0.041471049,0.121283255,0.148669797,0.511737089,0.157276995,0.019561815
01-03-2025 17:00,17,0.036776213,0.127543036,0.153364632,0.490610329,0.16627543,0.025039124
01-03-2025 18:00,18,0.045383412,0.160015649,0.175665102,0.460093897,0.142018779,0.016431925
01-03-2025 19:00,19,0.0614241,0.200704225,0.216744914,0.405320814,0.10172144,0.014084507
01-03-2025 20:00,20,0.096244131,0.254303599,0.246087637,0.327073552,0.064945227,0.011345853
01-03-2025 21:00,21,0.129890454,0.309859155,0.238654147,0.253912363,0.058685446,0.008607199
01-03-2025 22:00,22,0.143192488,0.329029734,0.223395931,0.231611894,0.064162754,0.008607199
01-03-2025 23:00,23,0.145539906,0.332550861,0.206181534,0.240610329,0.066510172,0.008607199
02-03-2025 00:00,0,0.143192488,0.323552426,0.205790297,0.246087637,0.068075117,0.012910798
02-03-2025 01:00,1,0.140453834,0.299687011,0.196400626,0.258607199,0.088028169,0.016823161
02-03-2025 02:00,2,0.131455399,0.299687011,0.198748044,0.25743349,0.092331768,0.019953052
02-03-2025 03:00,3,0.113067293,0.300469484,0.197965571,0.272300469,0.09428795,0.021517997
02-03-2025 04:00,4,0.106025039,0.291471049,0.207746479,0.274256651,0.099374022,0.021126761
02-03-2025 05:00,5,0.103286385,0.299295775,0.206964006,0.273474178,0.093505477,0.022691706
02-03-2025 06:00,6,0.089593114,0.3114241,0.218701095,0.270344288,0.08685446,0.023082942
02-03-2025 07:00,7,0.09741784,0.330203443,0.216353678,0.258215962,0.078638498,0.019170579
02-03-2025 08:00,8,0.122065728,0.362676056,0.20970266,0.222613459,0.069248826,0.013693271
02-03-2025 09:00,9,0.153364632,0.338028169,0.197574335,0.222222222,0.073552426,0.015258216
02-03-2025 10:00,10,0.156103286,0.297730829,0.207355243,0.249217527,0.075899844,0.012910798
02-03-2025 11:00,11,0.123239437,0.275039124,0.220657277,0.29342723,0.075117371,0.012519562
02-03-2025 12:00,12,0.098200313,0.248043818,0.205399061,0.347809077,0.087245696,0.012519562
02-03-2025 13:00,13,0.063771518,0.209311424,0.213223787,0.399843505,0.104068858,0.009780908
02-03-2025 14:00,14,0.052425665,0.167057903,0.185054773,0.460485133,0.123630673,0.011345853
02-03-2025 15:00,15,0.039906103,0.143192488,0.154147105,0.504303599,0.140062598,0.018388106
02-03-2025 16:00,16,0.041471049,0.121283255,0.148669797,0.511737089,0.157276995,0.019561815
02-03-2025 17:00,17,0.036776213,0.127543036,0.153364632,0.490610329,0.16627543,0.025039124
02-03-2025 18:00,18,0.045383412,0.160015649,0.175665102,0.460093897,0.142018779,0.016431925
02-03-2025 19:00,19,0.0614241,0.200704225,0.216744914,0.405320814,0.10172144,0.014084507
02-03-2025 20:00,20,0.096244131,0.254303599,0.246087637,0.327073552,0.064945227,0.011345853
02-03-2025 21:00,21,0.129890454,0.309859155,0.238654147,0.253912363,0.058685446,0.008607199
02-03-2025 22:00,22,0.143192488,0.329029734,0.223395931,0.231611894,0.064162754,0.008607199
02-03-2025 23:00,23,0.145539906,0.332550861,0.206181534,0.240610329,0.066510172,0.008607199
03-03-2025 00:00,0,0.143192488,0.323552426,0.205790297,0.246087637,0.068075117,0.012910798
03-03-2025 01:00,1,0.140453834,0.299687011,0.196400626,0.258607199,0.088028169,0.016823161
03-03-2025 02:00,2,0.131455399,0.299687011,0.198748044,0.25743349,0.092331768,0.019953052
03-03-2025 03:00,3,0.113067293,0.300469484,0.197965571,0.272300469,0.09428795,0.021517997
03-03-2025 04:00,4,0.106025039,0.291471049,0.207746479,0.274256651,0.099374022,0.021126761
03-03-2025 05:00,5,0.103286385,0.299295775,0.206964006,0.273474178,0.093505477,0.022691706
03-03-2025 06:00,6,0.089593114,0.3114241,0.218701095,0.270344288,0.08685446,0.023082942
03-03-2025 07:00,7,0.09741784,0.330203443,0.216353678,0.258215962,0.078638498,0.019170579
03-03-2025 08:00,8,0.122065728,0.362676056,0.20970266,0.222613459,0.069248826,0.013693271
03-03-2025 09:00,9,0.153364632,0.338028169,0.197574335,0.222222222,0.073552426,0.015258216
03-03-2025 10:00,10,0.156103286,0.297730829,0.207355243,0.249217527,0.075899844,0.012910798
03-03-2025 11:00,11,0.123239437,0.275039124,0.220657277,0.29342723,0.075117371,0.012519562
03-03-2025 12:00,12,0.098200313,0.248043818,0.205399061,0.347809077,0.087245696,0.012519562
03-03-2025 13:00,13,0.063771518,0.209311424,0.213223787,0.399843505,0.104068858,0.009780908
03-03-2025 14:00,14,0.052425665,0.167057903,0.185054773,0.460485133,0.123630673,0.011345853
03-03-2025 15:00,15,0.039906103,0.143192488,0.154147105,0.504303599,0.140062598,0.018388106
03-03-2025 16:00,16,0.041471049,0.121283255,0.148669797,0.511737089,0.157276995,0.019561815
03-03-2025 17:00,17,0.036776213,0.127543036,0.153364632,0.490610329,0.16627543,0.025039124
03-03-2025 18:00,18,0.045383412,0.160015649,0.175665102,0.460093897,0.142018779,0.016431925
03-03-2025 19:00,19,0.0614241,0.200704225,0.216744914,0.405320814,0.10172144,0.014084507
03-03-2025 20:00,20,0.096244131,0.254303599,0.246087637,0.327073552,0.064945227,0.011345853
03-03-2025 21:00,21,0.129890454,0.309859155,0.238654147,0.253912363,0.058685446,0.008607199
03-03-2025 22:00,22,0.143192488,0.329029734,0.223395931,0.231611894,0.064162754,0.008607199
03-03-2025 23:00,23,0.145539906,0.332550861,0.206181534,0.240610329,0.066510172,0.008607199
04-03-2025 00:00,0,0.143192488,0.323552426,0.205790297,0.246087637,0.068075117,0.012910798
04-03-2025 01:00,1,0.140453834,0.299687011,0.196400626,0.258607199,0.088028169,0.016823161
04-03-2025 02:00,2,0.131455399,0.299687011,0.198748044,0.25743349,0.092331768,0.019953052
04-03-2025 03:00,3,0.113067293,0.300469484,0.197965571,0.272300469,0.09428795,0.021517997
04-03-2025 04:00,4,0.106025039,0.291471049,0.207746479,0.274256651,0.099374022,0.021126761
04-03-2025 05:00,5,0.103286385,0.299295775,0.206964006,0.273474178,0.093505477,0.022691706
04-03-2025 06:00,6,0.089593114,0.3114241,0.218701095,0.270344288,0.08685446,0.023082942
04-03-2025 07:00,7,0.09741784,0.330203443,0.216353678,0.258215962,0.078638498,0.019170579
04-03-2025 08:00,8,0.122065728,0.362676056,0.20970266,0.222613459,0.069248826,0.013693271
04-03-2025 09:00,9,0.153364632,0.338028169,0.197574335,0.222222222,0.073552426,0.015258216
04-03-2025 10:00,10,0.156103286,0.297730829,0.207355243,0.249217527,0.075899844,0.012910798
04-03-2025 11:00,11,0.123239437,0.275039124,0.220657277,0.29342723,0.075117371,0.012519562
04-03-2025 12:00,12,0.098200313,0.248043818,0.205399061,0.347809077,0.087245696,0.012519562
04-03-2025 13:00,13,0.063771518,0.209311424,0.213223787,0.399843505,0.104068858,0.009780908
04-03-2025 14:00,14,0.052425665,0.167057903,0.185054773,0.460485133,0.123630673,0.011345853
04-03-2025 15:00,15,0.039906103,0.143192488,0.154147105,0.504303599,0.140062598,0.018388106
04-03-2025 16:00,16,0.041471049,0.121283255,0.148669797,0.511737089,0.157276995,0.019561815
04-03-2025 17:00,17,0.036776213,0.127543036,0.153364632,0.490610329,0.16627543,0.025039124
04-03-2025 18:00,18,0.045383412,0.160015649,0.175665102,0.460093897,0.142018779,0.016431925
04-03-2025 19:00,19,0.0614241,0.200704225,0.216744914,0.405320814,0.10172144,0.014084507
04-03-2025 20:00,20,0.096244131,0.254303599,0.246087637,0.327073552,0.064945227,0.011345853
04-03-2025 21:00,21,0.129890454,0.309859155,0.238654147,0.253912363,0.058685446,0.008607199
04-03-2025 22:00,22,0.143192488,0.329029734,0.223395931,0.231611894,0.064162754,0.008607199
04-03-2025 23:00,23,0.145539906,0.332550861,0.206181534,0.240610329,0.066510172,0.008607199
05-03-2025 00:00,0,0.143192488,0.323552426,0.205790297,0.246087637,0.068075117,0.012910798
05-03-2025 01:00,1,0.140453834,0.299687011,0.196400626,0.258607199,0.088028169,0.016823161
05-03-2025 02:00,2,0.131455399,0.299687011,0.198748044,0.25743349,0.092331768,0.019953052
05-03-2025 03:00,3,0.113067293,0.300469484,0.197965571,0.272300469,0.09428795,0.021517997
05-03-2025 04:00,4,0.106025039,0.291471049,0.207746479,0.274256651,0.099374022,0.021126761
05-03-2025 05:00,5,0.103286385,0.299295775,0.206964006,0.273474178,0.093505477,0.022691706
05-03-2025 06:00,6,0.089593114,0.3114241,0.218701095,0.270344288,0.08685446,0.023082942
05-03-2025 07:00,7,0.09741784,0.330203443,0.216353678,0.258215962,0.078638498,0.019170579
05-03-2025 08:00,8,0.122065728,0.362676056,0.20970266,0.222613459,0.069248826,0.013693271
05-03-2025 09:00,9,0.153364632,0.338028169,0.197574335,0.222222222,0.073552426,0.015258216
05-03-2025 10:00,10,0.156103286,0.297730829,0.207355243,0.249217527,0.075899844,0.012910798
05-03-2025 11:00,11,0.123239437,0.275039124,0.220657277,0.29342723,0.075117371,0.012519562
05-03-2025 12:00,12,0.098200313,0.248043818,0.205399061,0.347809077,0.087245696,0.012519562
05-03-2025 13:00,13,0.063771518,0.209311424,0.213223787,0.399843505,0.104068858,0.009780908
05-03-2025 14:00,14,0.052425665,0.167057903,0.185054773,0.460485133,0.123630673,0.011345853
05-03-2025 15:00,15,0.039906103,0.143192488,0.154147105,0.504303599,0.140062598,0.018388106
05-03-2025 16:00,16,0.041471049,0.121283255,0.148669797,0.511737089,0.157276995,0.019561815
05-03-2025 17:00,17,0.036776213,0.127543036,0.153364632,0.490610329,0.16627543,0.025039124
05-03-2025 18:00,18,0.045383412,0.160015649,0.175665102,0.460093897,0.142018779,0.016431925
05-03-2025 19:00,19,0.0614241,0.200704225,0.216744914,0.405320814,0.10172144,0.014084507
05-03-2025 20:00,20,0.096244131,0.254303599,0.246087637,0.327073552,0.064945227,0.011345853
05-03-2025 21:00,21,0.129890454,0.309859155,0.238654147,0.253912363,0.058685446,0.008607199
05-03-2025 22:00,22,0.143192488,0.329029734,0.223395931,0.231611894,0.064162754,0.008607199
05-03-2025 23:00,23,0.145539906,0.332550861,0.206181534,0.240610329,0.066510172,0.008607199
06-03-2025 00:00,0,0.143192488,0.323552426,0.205790297,0.246087637,0.068075117,0.012910798
06-03-2025 01:00,1,0.140453834,0.299687011,0.196400626,0.258607199,0.088028169,0.016823161
06-03-2025 02:00,2,0.131455399,0.299687011,0.198748044,0.25743349,0.092331768,0.019953052
06-03-2025 03:00,3,0.113067293,0.300469484,0.197965571,0.272300469,0.09428795,0.021517997
06-03-2025 04:00,4,0.106025039,0.291471049,0.207746479,0.274256651,0.099374022,0.021126761
06-03-2025 05:00,5,0.103286385,0.299295775,0.206964006,0.273474178,0.093505477,0.022691706
06-03-2025 06:00,6,0.089593114,0.3114241,0.218701095,0.270344288,0.08685446,0.023082942
06-03-2025 07:00,7,0.09741784,0.330203443,0.216353678,0.258215962,0.078638498,0.019170579
06-03-2025 08:00,8,0.122065728,0.362676056,0.20970266,0.222613459,0.069248826,0.013693271
06-03-2025 09:00,9,0.153364632,0.338028169,0.197574335,0.222222222,0.073552426,0.015258216
06-03-2025 10:00,10,0.156103286,0.297730829,0.207355243,0.249217527,0.075899844,0.012910798
06-03-2025 11:00,11,0.123239437,0.275039124,0.220657277,0.29342723,0.075117371,0.012519562
06-03-2025 12:00,12,0.098200313,0.248043818,0.205399061,0.347809077,0.087245696,0.012519562
06-03-2025 13:00,13,0.063771518,0.209311424,0.213223787,0.399843505,0.104068858,0.009780908
06-03-2025 14:00,14,0.052425665,0.167057903,0.185054773,0.460485133,0.123630673,0.011345853
06-03-2025 15:00,15,0.039906103,0.143192488,0.154147105,0.504303599,0.140062598,0.018388106
06-03-2025 16:00,16,0.041471049,0.121283255,0.148669797,0.511737089,0.157276995,0.019561815
06-03-2025 17:00,17,0.036776213,0.127543036,0.153364632,0.490610329,0.16627543,0.025039124
06-03-2025 18:00,18,0.045383412,0.160015649,0.175665102,0.460093897,0.142018779,0.016431925
06-03-2025 19:00,19,0.0614241,0.200704225,0.216744914,0.405320814,0.10172144,0.014084507
06-03-2025 20:00,20,0.096244131,0.254303599,0.246087637,0.327073552,0.064945227,0.011345853
06-03-2025 21:00,21,0.129890454,0.309859155,0.238654147,0.253912363,0.058685446,0.008607199
06-03-2025 22:00,22,0.143192488,0.329029734,0.223395931,0.231611894,0.064162754,0.008607199
06-03-2025 23:00,23,0.145539906,0.332550861,0.206181534,0.240610329,0.066510172,0.008607199
07-03-2025 00:00,0,0.143192488,0.323552426,0.205790297,0.246087637,0.068075117,0.012910798
07-03-2025 01:00,1,0.140453834,0.299687011,0.196400626,0.258607199,0.088028169,0.016823161
07-03-2025 02:00,2,0.131455399,0.299687011,0.198748044,0.25743349,0.092331768,0.019953052
07-03-2025 03:00,3,0.113067293,0.300469484,0.197965571,0.272300469,0.09428795,0.021517997
07-03-2025 04:00,4,0.106025039,0.291471049,0.207746479,0.274256651,0.099374022,0.021126761
07-03-2025 05:00,5,0.103286385,0.299295775,0.206964006,0.273474178,0.093505477,0.022691706
07-03-2025 06:00,6,0.089593114,0.3114241,0.218701095,0.270344288,0.08685446,0.023082942
07-03-2025 07:00,7,0.09741784,0.330203443,0.216353678,0.258215962,0.078638498,0.019170579
07-03-2025 08:00,8,0.122065728,0.362676056,0.20970266,0.222613459,0.069248826,0.013693271
07-03-2025 09:00,9,0.153364632,0.338028169,0.197574335,0.222222222,0.073552426,0.015258216
07-03-2025 10:00,10,0.156103286,0.297730829,0.207355243,0.249217527,0.075899844,0.012910798
07-03-2025 11:00,11,0.123239437,0.275039124,0.220657277,0.29342723,0.075117371,0.012519562
07-03-2025 12:00,12,0.098200313,0.248043818,0.205399061,0.347809077,0.087245696,0.012519562
07-03-2025 13:00,13,0.063771518,0.209311424,0.213223787,0.399843505,0.104068858,0.009780908
07-03-2025 14:00,14,0.052425665,0.167057903,0.185054773,0.460485133,0.123630673,0.011345853
07-03-2025 15:00,15,0.039906103,0.143192488,0.154147105,0.504303599,0.140062598,0.018388106
07-03-2025 16:00,16,0.041471049,0.121283255,0.148669797,0.511737089,0.157276995,0.019561815
07-03-2025 17:00,17,0.036776213,0.127543036,0.153364632,0.490610329,0.16627543,0.025039124
07-03-2025 18:00,18,0.045383412,0.160015649,0.175665102,0.460093897,0.142018779,0.016431925
07-03-2025 19:00,19,0.0614241,0.200704225,0.216744914,0.405320814,0.10172144,0.014084507
07-03-2025 20:00,20,0.096244131,0.254303599,0.246087637,0.327073552,0.064945227,0.011345853
07-03-2025 21:00,21,0.129890454,0.309859155,0.238654147,0.253912363,0.058685446,0.008607199
07-03-2025 22:00,22,0.143192488,0.329029734,0.223395931,0.231611894,0.064162754,0.008607199
07-03-2025 23:00,23,0.145539906,0.332550861,0.206181534,0.240610329,0.066510172,0.008607199
08-03-2025 00:00,0,0.143192488,0.323552426,0.205790297,0.246087637,0.068075117,0.012910798
08-03-2025 01:00,1,0.140453834,0.299687011,0.196400626,0.258607199,0.088028169,0.016823161
08-03-2025 02:00,2,0.131455399,0.299687011,0.198748044,0.25743349,0.092331768,0.019953052
08-03-2025 03:00,3,0.113067293,0.300469484,0.197965571,0.272300469,0.09428795,0.021517997
08-03-2025 04:00,4,0.106025039,0.291471049,0.207746479,0.274256651,0.099374022,0.021126761
08-03-2025 05:00,5,0.103286385,0.299295775,0.206964006,0.273474178,0.093505477,0.022691706
08-03-2025 06:00,6,0.089593114,0.3114241,0.218701095,0.270344288,0.08685446,0.023082942
08-03-2025 07:00,7,0.09741784,0.330203443,0.216353678,0.258215962,0.078638498,0.019170579
08-03-2025 08:00,8,0.122065728,0.362676056,0.20970266,0.222613459,0.069248826,0.013693271
08-03-2025 09:00,9,0.153364632,0.338028169,0.197574335,0.222222222,0.073552426,0.015258216
08-03-2025 10:00,10,0.156103286,0.297730829,0.207355243,0.249217527,0.075899844,0.012910798
08-03-2025 11:00,11,0.123239437,0.275039124,0.220657277,0.29342723,0.075117371,0.012519562
08-03-2025 12:00,12,0.098200313,0.248043818,0.205399061,0.347809077,0.087245696,0.012519562
08-03-2025 13:00,13,0.063771518,0.209311424,0.213223787,0.399843505,0.104068858,0.009780908
08-03-2025 14:00,14,0.052425665,0.167057903,0.185054773,0.460485133,0.123630673,0.011345853
08-03-2025 15:00,15,0.039906103,0.143192488,0.154147105,0.504303599,0.140062598,0.018388106
08-03-2025 16:00,16,0.041471049,0.121283255,0.148669797,0.511737089,0.157276995,0.019561815
08-03-2025 17:00,17,0.036776213,0.127543036,0.153364632,0.490610329,0.16627543,0.025039124
08-03-2025 18:00,18,0.045383412,0.160015649,0.175665102,0.460093897,0.142018779,0.016431925
08-03-2025 19:00,19,0.0614241,0.200704225,0.216744914,0.405320814,0.10172144,0.014084507
08-03-2025 20:00,20,0.096244131,0.254303599,0.246087637,0.327073552,0.064945227,0.011345853
08-03-2025 21:00,21,0.129890454,0.309859155,0.238654147,0.253912363,0.058685446,0.008607199
08-03-2025 22:00,22,0.143192488,0.329029734,0.223395931,0.231611894,0.064162754,0.008607199
08-03-2025 23:00,23,0.145539906,0.332550861,0.206181534,0.240610329,0.066510172,0.008607199
09-03-2025 00:00,0,0.143192488,0.323552426,0.205790297,0.246087637,0.068075117,0.012910798
09-03-2025 01:00,1,0.140453834,0.299687011,0.196400626,0.258607199,0.088028169,0.016823161
09-03-2025 02:00,2,0.131455399,0.299687011,0.198748044,0.25743349,0.092331768,0.019953052
09-03-2025 03:00,3,0.113067293,0.300469484,0.197965571,0.272300469,0.09428795,0.021517997
09-03-2025 04:00,4,0.106025039,0.291471049,0.207746479,0.274256651,0.099374022,0.021126761
09-03-2025 05:00,5,0.103286385,0.299295775,0.206964006,0.273474178,0.093505477,0.022691706
09-03-2025 06:00,6,0.089593114,0.3114241,0.218701095,0.270344288,0.08685446,0.023082942
09-03-2025 07:00,7,0.09741784,0.330203443,0.216353678,0.258215962,0.078638498,0.019170579
09-03-2025 08:00,8,0.122065728,0.362676056,0.20970266,0.222613459,0.069248826,0.013693271
09-03-2025 09:00,9,0.153364632,0.338028169,0.197574335,0.222222222,0.073552426,0.015258216
09-03-2025 10:00,10,0.156103286,0.297730829,0.207355243,0.249217527,0.075899844,0.012910798
09-03-2025 11:00,11,0.123239437,0.275039124,0.220657277,0.29342723,0.075117371,0.012519562
09-03-2025 12:00,12,0.098200313,0.248043818,0.205399061,0.347809077,0.087245696,0.012519562
09-03-2025 13:00,13,0.063771518,0.209311424,0.213223787,0.399843505,0.104068858,0.009780908
09-03-2025 14:00,14,0.052425665,0.167057903,0.185054773,0.460485133,0.123630673,0.011345853
09-03-2025 15:00,15,0.039906103,0.143192488,0.154147105,0.504303599,0.140062598,0.018388106
09-03-2025 16:00,16,0.041471049,0.121283255,0.148669797,0.511737089,0.157276995,0.019561815
09-03-2025 17:00,17,0.036776213,0.127543036,0.153364632,0.490610329,0.16627543,0.025039124
09-03-2025 18:00,18,0.045383412,0.160015649,0.175665102,0.460093897,0.142018779,0.016431925
09-03-2025 19:00,19,0.0614241,0.200704225,0.216744914,0.405320814,0.10172144,0.014084507
09-03-2025 20:00,20,0.096244131,0.254303599,0.246087637,0.327073552,0.064945227,0.011345853
09-03-2025 21:00,21,0.129890454,0.309859155,0.238654147,0.253912363,0.058685446,0.008607199
09-03-2025 22:00,22,0.143192488,0.329029734,0.223395931,0.231611894,0.064162754,0.008607199
09-03-2025 23:00,23,0.145539906,0.332550861,0.206181534,0.240610329,0.066510172,0.008607199
10-03-2025 00:00,0,0.143192488,0.323552426,0.205790297,0.246087637,0.068075117,0.012910798
10-03-2025 01:00,1,0.140453834,0.299687011,0.196400626,0.258607199,0.088028169,0.016823161
10-03-2025 02:00,2,0.131455399,0.299687011,0.198748044,0.25743349,0.092331768,0.019953052
10-03-2025 03:00,3,0.113067293,0.300469484,0.197965571,0.272300469,0.09428795,0.021517997
10-03-2025 04:00,4,0.106025039,0.291471049,0.207746479,0.274256651,0.099374022,0.021126761
10-03-2025 05:00,5,0.103286385,0.299295775,0.206964006,0.273474178,0.093505477,0.022691706
10-03-2025 06:00,6,0.089593114,0.3114241,0.218701095,0.270344288,0.08685446,0.023082942
10-03-2025 07:00,7,0.09741784,0.330203443,0.216353678,0.258215962,0.078638498,0.019170579
10-03-2025 08:00,8,0.122065728,0.362676056,0.20970266,0.222613459,0.069248826,0.013693271
10-03-2025 09:00,9,0.153364632,0.338028169,0.197574335,0.222222222,0.073552426,0.015258216
10-03-2025 10:00,10,0.156103286,0.297730829,0.207355243,0.249217527,0.075899844,0.012910798
10-03-2025 11:00,11,0.123239437,0.275039124,0.220657277,0.29342723,0.075117371,0.012519562
10-03-2025 12:00,12,0.098200313,0.248043818,0.205399061,0.347809077,0.087245696,0.012519562
10-03-2025 13:00,13,0.063771518,0.209311424,0.213223787,0.399843505,0.104068858,0.009780908
10-03-2025 14:00,14,0.052425665,0.167057903,0.185054773,0.460485133,0.123630673,0.011345853
10-03-2025 15:00,15,0.039906103,0.143192488,0.154147105,0.504303599,0.140062598,0.018388106
10-03-2025 16:00,16,0.041471049,0.121283255,0.148669797,0.511737089,0.157276995,0.019561815
10-03-2025 17:00,17,0.036776213,0.127543036,0.153364632,0.490610329,0.16627543,0.025039124
10-03-2025 18:00,18,0.045383412,0.160015649,0.175665102,0.460093897,0.142018779,0.016431925
10-03-2025 19:00,19,0.0614241,0.200704225,0.216744914,0.405320814,0.10172144,0.014084507
10-03-2025 20:00,20,0.096244131,0.254303599,0.246087637,0.327073552,0.064945227,0.011345853
10-03-2025 21:00,21,0.129890454,0.309859155,0.238654147,0.253912363,0.058685446,0.008607199
10-03-2025 22:00,22,0.143192488,0.329029734,0.223395931,0.231611894,0.064162754,0.008607199
10-03-2025 23:00,23,0.145539906,0.332550861,0.206181534,0.240610329,0.066510172,0.008607199
11-03-2025 00:00,0,0.143192488,0.323552426,0.205790297,0.246087637,0.068075117,0.012910798
11-03-2025 01:00,1,0.140453834,0.299687011,0.196400626,0.258607199,0.088028169,0.016823161
11-03-2025 02:00,2,0.131455399,0.299687011,0.198748044,0.25743349,0.092331768,0.019953052
11-03-2025 03:00,3,0.113067293,0.300469484,0.197965571,0.272300469,0.09428795,0.021517997
11-03-2025 04:00,4,0.106025039,0.291471049,0.207746479,0.274256651,0.099374022,0.021126761
11-03-2025 05:00,5,0.103286385,0.299295775,0.206964006,0.273474178,0.093505477,0.022691706
11-03-2025 06:00,6,0.089593114,0.3114241,0.218701095,0.270344288,0.08685446,0.023082942
11-03-2025 07:00,7,0.09741784,0.330203443,0.216353678,0.258215962,0.078638498,0.019170579
11-03-2025 08:00,8,0.122065728,0.362676056,0.20970266,0.222613459,0.069248826,0.013693271
11-03-2025 09:00,9,0.153364632,0.338028169,0.197574335,0.222222222,0.073552426,0.015258216
11-03-2025 10:00,10,0.156103286,0.297730829,0.207355243,0.249217527,0.075899844,0.012910798
11-03-2025 11:00,11,0.123239437,0.275039124,0.220657277,0.29342723,0.075117371,0.012519562
11-03-2025 12:00,12,0.098200313,0.248043818,0.205399061,0.347809077,0.087245696,0.012519562
11-03-2025 13:00,13,0.063771518,0.209311424,0.213223787,0.399843505,0.104068858,0.009780908
11-03-2025 14:00,14,0.052425665,0.167057903,0.185054773,0.460485133,0.123630673,0.011345853
11-03-2025 15:00,15,0.039906103,0.143192488,0.154147105,0.504303599,0.140062598,0.018388106
11-03-2025 16:00,16,0.041471049,0.121283255,0.148669797,0.511737089,0.157276995,0.019561815
11-03-2025 17:00,17,0.036776213,0.127543036,0.153364632,0.490610329,0.16627543,0.025039124
11-03-2025 18:00,18,0.045383412,0.160015649,0.175665102,0.460093897,0.142018779,0.016431925
11-03-2025 19:00,19,0.0614241,0.200704225,0.216744914,0.405320814,0.10172144,0.014084507
11-03-2025 20:00,20,0.096244131,0.254303599,0.246087637,0.327073552,0.064945227,0.011345853
11-03-2025 21:00,21,0.129890454,0.309859155,0.238654147,0.253912363,0.058685446,0.008607199
11-03-2025 22:00,22,0.143192488,0.329029734,0.223395931,0.231611894,0.064162754,0.008607199
11-03-2025 23:00,23,0.145539906,0.332550861,0.206181534,0.240610329,0.066510172,0.008607199
12-03-2025 00:00,0,0.143192488,0.323552426,0.205790297,0.246087637,0.068075117,0.012910798
12-03-2025 01:00,1,0.140453834,0.299687011,0.196400626,0.258607199,0.088028169,0.016823161
12-03-2025 02:00,2,0.131455399,0.299687011,0.198748044,0.25743349,0.092331768,0.019953052
12-03-2025 03:00,3,0.113067293,0.300469484,0.197965571,0.272300469,0.09428795,0.021517997
12-03-2025 04:00,4,0.106025039,0.291471049,0.207746479,0.274256651,0.099374022,0.021126761
12-03-2025 05:00,5,0.103286385,0.299295775,0.206964006,0.273474178,0.093505477,0.022691706
12-03-2025 06:00,6,0.089593114,0.3114241,0.218701095,0.270344288,0.08685446,0.023082942
12-03-2025 07:00,7,0.09741784,0.330203443,0.216353678,0.258215962,0.078638498,0.019170579
12-03-2025 08:00,8,0.122065728,0.362676056,0.20970266,0.222613459,0.069248826,0.013693271
12-03-2025 09:00,9,0.153364632,0.338028169,0.197574335,0.222222222,0.073552426,0.015258216
12-03-2025 10:00,10,0.156103286,0.297730829,0.207355243,0.249217527,0.075899844,0.012910798
12-03-2025 11:00,11,0.123239437,0.275039124,0.220657277,0.29342723,0.075117371,0.012519562
12-03-2025 12:00,12,0.098200313,0.248043818,0.205399061,0.347809077,0.087245696,0.012519562
12-03-2025 13:00,13,0.063771518,0.209311424,0.213223787,0.399843505,0.104068858,0.009780908
12-03-2025 14:00,14,0.052425665,0.167057903,0.185054773,0.460485133,0.123630673,0.011345853
12-03-2025 15:00,15,0.039906103,0.143192488,0.154147105,0.504303599,0.140062598,0.018388106
12-03-2025 16:00,16,0.041471049,0.121283255,0.148669797,0.511737089,0.157276995,0.019561815
12-03-2025 17:00,17,0.036776213,0.127543036,0.153364632,0.490610329,0.16627543,0.025039124
12-03-2025 18:00,18,0.045383412,0.160015649,0.175665102,0.460093897,0.142018779,0.016431925
12-03-2025 19:00,19,0.0614241,0.200704225,0.216744914,0.405320814,0.10172144,0.014084507
12-03-2025 20:00,20,0.096244131,0.254303599,0.246087637,0.327073552,0.064945227,0.011345853
12-03-2025 21:00,21,0.129890454,0.309859155,0.238654147,0.253912363,0.058685446,0.008607199
12-03-2025 22:00,22,0.143192488,0.329029734,0.223395931,0.231611894,0.064162754,0.008607199
12-03-2025 23:00,23,0.145539906,0.332550861,0.206181534,0.240610329,0.066510172,0.008607199
13-03-2025 00:00,0,0.143192488,0.323552426,0.205790297,0.246087637,0.068075117,0.012910798
13-03-2025 01:00,1,0.140453834,0.299687011,0.196400626,0.258607199,0.088028169,0.016823161
13-03-2025 02:00,2,0.131455399,0.299687011,0.198748044,0.25743349,0.092331768,0.019953052
13-03-2025 03:00,3,0.113067293,0.300469484,0.197965571,0.272300469,0.09428795,0.021517997
13-03-2025 04:00,4,0.106025039,0.291471049,0.207746479,0.274256651,0.099374022,0.021126761
13-03-2025 05:00,5,0.103286385,0.299295775,0.206964006,0.273474178,0.093505477,0.022691706
13-03-2025 06:00,6,0.089593114,0.3114241,0.218701095,0.270344288,0.08685446,0.023082942
13-03-2025 07:00,7,0.09741784,0.330203443,0.216353678,0.258215962,0.078638498,0.019170579
13-03-2025 08:00,8,0.122065728,0.362676056,0.20970266,0.222613459,0.069248826,0.013693271
13-03-2025 09:00,9,0.153364632,0.338028169,0.197574335,0.222222222,0.073552426,0.015258216
13-03-2025 10:00,10,0.156103286,0.297730829,0.207355243,0.249217527,0.075899844,0.012910798
13-03-2025 11:00,11,0.123239437,0.275039124,0.220657277,0.29342723,0.075117371,0.012519562
13-03-2025 12:00,12,0.098200313,0.248043818,0.205399061,0.347809077,0.087245696,0.012519562
13-03-2025 13:00,13,0.063771518,0.209311424,0.213223787,0.399843505,0.104068858,0.009780908
13-03-2025 14:00,14,0.052425665,0.167057903,0.185054773,0.460485133,0.123630673,0.011345853
13-03-2025 15:00,15,0.039906103,0.143192488,0.154147105,0.504303599,0.140062598,0.018388106
13-03-2025 16:00,16,0.041471049,0.121283255,0.148669797,0.511737089,0.157276995,0.019561815
13-03-2025 17:00,17,0.036776213,0.127543036,0.153364632,0.490610329,0.16627543,0.025039124
13-03-2025 18:00,18,0.045383412,0.160015649,0.175665102,0.460093897,0.142018779,0.016431925
13-03-2025 19:00,19,0.0614241,0.200704225,0.216744914,0.405320814,0.10172144,0.014084507
13-03-2025 20:00,20,0.096244131,0.254303599,0.246087637,0.327073552,0.064945227,0.011345853
13-03-2025 21:00,21,0.129890454,0.309859155,0.238654147,0.253912363,0.058685446,0.008607199
13-03-2025 22:00,22,0.143192488,0.329029734,0.223395931,0.231611894,0.064162754,0.008607199
13-03-2025 23:00,23,0.145539906,0.332550861,0.206181534,0.240610329,0.066510172,0.008607199
14-03-2025 00:00,0,0.143192488,0.323552426,0.205790297,0.246087637,0.068075117,0.012910798
14-03-2025 01:00,1,0.140453834,0.299687011,0.196400626,0.258607199,0.088028169,0.016823161
14-03-2025 02:00,2,0.131455399,0.299687011,0.198748044,0.25743349,0.092331768,0.019953052
14-03-2025 03:00,3,0.113067293,0.300469484,0.197965571,0.272300469,0.09428795,0.021517997
14-03-2025 04:00,4,0.106025039,0.291471049,0.207746479,0.274256651,0.099374022,0.021126761
14-03-2025 05:00,5,0.103286385,0.299295775,0.206964006,0.273474178,0.093505477,0.022691706
14-03-2025 06:00,6,0.089593114,0.3114241,0.218701095,0.270344288,0.08685446,0.023082942
14-03-2025 07:00,7,0.09741784,0.330203443,0.216353678,0.258215962,0.078638498,0.019170579
14-03-2025 08:00,8,0.122065728,0.362676056,0.20970266,0.222613459,0.069248826,0.013693271
14-03-2025 09:00,9,0.153364632,0.338028169,0.197574335,0.222222222,0.073552426,0.015258216
14-03-2025 10:00,10,0.156103286,0.297730829,0.207355243,0.249217527,0.075899844,0.012910798
14-03-2025 11:00,11,0.123239437,0.275039124,0.220657277,0.29342723,0.075117371,0.012519562
14-03-2025 12:00,12,0.098200313,0.248043818,0.205399061,0.347809077,0.087245696,0.012519562
14-03-2025 13:00,13,0.063771518,0.209311424,0.213223787,0.399843505,0.104068858,0.009780908
14-03-2025 14:00,14,0.052425665,0.167057903,0.185054773,0.460485133,0.123630673,0.011345853
14-03-2025 15:00,15,0.039906103,0.143192488,0.154147105,0.504303599,0.140062598,0.018388106
14-03-2025 16:00,16,0.041471049,0.121283255,0.148669797,0.511737089,0.157276995,0.019561815
14-03-2025 17:00,17,0.036776213,0.127543036,0.153364632,0.490610329,0.16627543,0.025039124
14-03-2025 18:00,18,0.045383412,0.160015649,0.175665102,0.460093897,0.142018779,0.016431925
14-03-2025 19:00,19,0.0614241,0.200704225,0.216744914,0.405320814,0.10172144,0.014084507
14-03-2025 20:00,20,0.096244131,0.254303599,0.246087637,0.327073552,0.064945227,0.011345853
14-03-2025 21:00,21,0.129890454,0.309859155,0.238654147,0.253912363,0.058685446,0.008607199
14-03-2025 22:00,22,0.143192488,0.329029734,0.223395931,0.231611894,0.064162754,0.008607199
14-03-2025 23:00,23,0.145539906,0.332550861,0.206181534,0.240610329,0.066510172,0.008607199
15-03-2025 00:00,0,0.143192488,0.323552426,0.205790297,0.246087637,0.068075117,0.012910798
15-03-2025 01:00,1,0.140453834,0.299687011,0.196400626,0.258607199,0.088028169,0.016823161
15-03-2025 02:00,2,0.131455399,0.299687011,0.198748044,0.25743349,0.092331768,0.019953052
15-03-2025 03:00,3,0.113067293,0.300469484,0.197965571,0.272300469,0.09428795,0.021517997
15-03-2025 04:00,4,0.106025039,0.291471049,0.207746479,0.274256651,0.099374022,0.021126761
15-03-2025 05:00,5,0.103286385,0.299295775,0.206964006,0.273474178,0.093505477,0.022691706
15-03-2025 06:00,6,0.089593114,0.3114241,0.218701095,0.270344288,0.08685446,0.023082942
15-03-2025 07:00,7,0.09741784,0.330203443,0.216353678,0.258215962,0.078638498,0.019170579
15-03-2025 08:00,8,0.122065728,0.362676056,0.20970266,0.222613459,0.069248826,0.013693271
15-03-2025 09:00,9,0.153364632,0.338028169,0.197574335,0.222222222,0.073552426,0.015258216
15-03-2025 10:00,10,0.156103286,0.297730829,0.207355243,0.249217527,0.075899844,0.012910798
15-03-2025 11:00,11,0.123239437,0.275039124,0.220657277,0.29342723,0.075117371,0.012519562
15-03-2025 12:00,12,0.098200313,0.248043818,0.205399061,0.347809077,0.087245696,0.012519562
15-03-2025 13:00,13,0.063771518,0.209311424,0.213223787,0.399843505,0.104068858,0.009780908
15-03-2025 14:00,14,0.052425665,0.167057903,0.185054773,0.460485133,0.123630673,0.011345853
15-03-2025 15:00,15,0.039906103,0.143192488,0.154147105,0.504303599,0.140062598,0.018388106
15-03-2025 16:00,16,0.041471049,0.121283255,0.148669797,0.511737089,0.157276995,0.019561815
15-03-2025 17:00,17,0.036776213,0.127543036,0.153364632,0.490610329,0.16627543,0.025039124
15-03-2025 18:00,18,0.045383412,0.160015649,0.175665102,0.460093897,0.142018779,0.016431925
15-03-2025 19:00,19,0.0614241,0.200704225,0.216744914,0.405320814,0.10172144,0.014084507
15-03-2025 20:00,20,0.096244131,0.254303599,0.246087637,0.327073552,0.064945227,0.011345853
15-03-2025 21:00,21,0.129890454,0.309859155,0.238654147,0.253912363,0.058685446,0.008607199
15-03-2025 22:00,22,0.143192488,0.329029734,0.223395931,0.231611894,0.064162754,0.008607199
15-03-2025 23:00,23,0.145539906,0.332550861,0.206181534,0.240610329,0.066510172,0.008607199
16-03-2025 00:00,0,0.143192488,0.323552426,0.205790297,0.246087637,0.068075117,0.012910798
16-03-2025 01:00,1,0.140453834,0.299687011,0.196400626,0.258607199,0.088028169,0.016823161
16-03-2025 02:00,2,0.131455399,0.299687011,0.198748044,0.25743349,0.092331768,0.019953052
16-03-2025 03:00,3,0.113067293,0.300469484,0.197965571,0.272300469,0.09428795,0.021517997
16-03-2025 04:00,4,0.106025039,0.291471049,0.207746479,0.274256651,0.099374022,0.021126761
16-03-2025 05:00,5,0.103286385,0.299295775,0.206964006,0.273474178,0.093505477,0.022691706
16-03-2025 06:00,6,0.089593114,0.3114241,0.218701095,0.270344288,0.08685446,0.023082942
16-03-2025 07:00,7,0.09741784,0.330203443,0.216353678,0.258215962,0.078638498,0.019170579
16-03-2025 08:00,8,0.122065728,0.362676056,0.20970266,0.222613459,0.069248826,0.013693271
16-03-2025 09:00,9,0.153364632,0.338028169,0.197574335,0.222222222,0.073552426,0.015258216
16-03-2025 10:00,10,0.156103286,0.297730829,0.207355243,0.249217527,0.075899844,0.012910798
16-03-2025 11:00,11,0.123239437,0.275039124,0.220657277,0.29342723,0.075117371,0.012519562
16-03-2025 12:00,12,0.098200313,0.248043818,0.205399061,0.347809077,0.087245696,0.012519562
16-03-2025 13:00,13,0.063771518,0.209311424,0.213223787,0.399843505,0.104068858,0.009780908
16-03-2025 14:00,14,0.052425665,0.167057903,0.185054773,0.460485133,0.123630673,0.011345853
16-03-2025 15:00,15,0.039906103,0.143192488,0.154147105,0.504303599,0.140062598,0.018388106
16-03-2025 16:00,16,0.041471049,0.121283255,0.148669797,0.511737089,0.157276995,0.019561815
16-03-2025 17:00,17,0.036776213,0.127543036,0.153364632,0.490610329,0.16627543,0.025039124
16-03-2025 18:00,18,0.045383412,0.160015649,0.175665102,0.460093897,0.142018779,0.016431925
16-03-2025 19:00,19,0.0614241,0.200704225,0.216744914,0.405320814,0.10172144,0.014084507
16-03-2025 20:00,20,0.096244131,0.254303599,0.246087637,0.327073552,0.064945227,0.011345853
16-03-2025 21:00,21,0.129890454,0.309859155,0.238654147,0.253912363,0.058685446,0.008607199
16-03-2025 22:00,22,0.143192488,0.329029734,0.223395931,0.231611894,0.064162754,0.008607199
16-03-2025 23:00,23,0.145539906,0.332550861,0.206181534,0.240610329,0.066510172,0.008607199
17-03-2025 00:00,0,0.143192488,0.323552426,0.205790297,0.246087637,0.068075117,0.012910798
17-03-2025 01:00,1,0.140453834,0.299687011,0.196400626,0.258607199,0.088028169,0.016823161
17-03-2025 02:00,2,0.131455399,0.299687011,0.198748044,0.25743349,0.092331768,0.019953052
17-03-2025 03:00,3,0.113067293,0.300469484,0.197965571,0.272300469,0.09428795,0.021517997
17-03-2025 04:00,4,0.106025039,0.291471049,0.207746479,0.274256651,0.099374022,0.021126761
17-03-2025 05:00,5,0.103286385,0.299295775,0.206964006,0.273474178,0.093505477,0.022691706
17-03-2025 06:00,6,0.089593114,0.3114241,0.218701095,0.270344288,0.08685446,0.023082942
17-03-2025 07:00,7,0.09741784,0.330203443,0.216353678,0.258215962,0.078638498,0.019170579
17-03-2025 08:00,8,0.122065728,0.362676056,0.20970266,0.222613459,0.069248826,0.013693271
17-03-2025 09:00,9,0.153364632,0.338028169,0.197574335,0.222222222,0.073552426,0.015258216
17-03-2025 10:00,10,0.156103286,0.297730829,0.207355243,0.249217527,0.075899844,0.012910798
17-03-2025 11:00,11,0.123239437,0.275039124,0.220657277,0.29342723,0.075117371,0.012519562
17-03-2025 12:00,12,0.098200313,0.248043818,0.205399061,0.347809077,0.087245696,0.012519562
17-03-2025 13:00,13,0.063771518,0.209311424,0.213223787,0.399843505,0.104068858,0.009780908
17-03-2025 14:00,14,0.052425665,0.167057903,0.185054773,0.460485133,0.123630673,0.011345853
17-03-2025 15:00,15,0.039906103,0.143192488,0.154147105,0.504303599,0.140062598,0.018388106
17-03-2025 16:00,16,0.041471049,0.121283255,0.148669797,0.511737089,0.157276995,0.019561815
17-03-2025 17:00,17,0.036776213,0.127543036,0.153364632,0.490610329,0.16627543,0.025039124
17-03-2025 18:00,18,0.045383412,0.160015649,0.175665102,0.460093897,0.142018779,0.016431925
17-03-2025 19:00,19,0.0614241,0.200704225,0.216744914,0.405320814,0.10172144,0.014084507
17-03-2025 20:00,20,0.096244131,0.254303599,0.246087637,0.327073552,0.064945227,0.011345853
17-03-2025 21:00,21,0.129890454,0.309859155,0.238654147,0.253912363,0.058685446,0.008607199
17-03-2025 22:00,22,0.143192488,0.329029734,0.223395931,0.231611894,0.064162754,0.008607199
17-03-2025 23:00,23,0.145539906,0.332550861,0.206181534,0.240610329,0.066510172,0.008607199
18-03-2025 00:00,0,0.143192488,0.323552426,0.205790297,0.246087637,0.068075117,0.012910798
18-03-2025 01:00,1,0.140453834,0.299687011,0.196400626,0.258607199,0.088028169,0.016823161
18-03-2025 02:00,2,0.131455399,0.299687011,0.198748044,0.25743349,0.092331768,0.019953052
18-03-2025 03:00,3,0.113067293,0.300469484,0.197965571,0.272300469,0.09428795,0.021517997
18-03-2025 04:00,4,0.106025039,0.291471049,0.207746479,0.274256651,0.099374022,0.021126761
18-03-2025 05:00,5,0.103286385,0.299295775,0.206964006,0.273474178,0.093505477,0.022691706
18-03-2025 06:00,6,0.089593114,0.3114241,0.218701095,0.270344288,0.08685446,0.023082942
18-03-2025 07:00,7,0.09741784,0.330203443,0.216353678,0.258215962,0.078638498,0.019170579
18-03-2025 08:00,8,0.122065728,0.362676056,0.20970266,0.222613459,0.069248826,0.013693271
18-03-2025 09:00,9,0.153364632,0.338028169,0.197574335,0.222222222,0.073552426,0.015258216
18-03-2025 10:00,10,0.156103286,0.297730829,0.207355243,0.249217527,0.075899844,0.012910798
18-03-2025 11:00,11,0.123239437,0.275039124,0.220657277,0.29342723,0.075117371,0.012519562
18-03-2025 12:00,12,0.098200313,0.248043818,0.205399061,0.347809077,0.087245696,0.012519562
18-03-2025 13:00,13,0.063771518,0.209311424,0.213223787,0.399843505,0.104068858,0.009780908
18-03-2025 14:00,14,0.052425665,0.167057903,0.185054773,0.460485133,0.123630673,0.011345853
18-03-2025 15:00,15,0.039906103,0.143192488,0.154147105,0.504303599,0.140062598,0.018388106
18-03-2025 16:00,16,0.041471049,0.121283255,0.148669797,0.511737089,0.157276995,0.019561815
18-03-2025 17:00,17,0.036776213,0.127543036,0.153364632,0.490610329,0.16627543,0.025039124
18-03-2025 18:00,18,0.045383412,0.160015649,0.175665102,0.460093897,0.142018779,0.016431925
18-03-2025 19:00,19,0.0614241,0.200704225,0.216744914,0.405320814,0.10172144,0.014084507
18-03-2025 20:00,20,0.096244131,0.254303599,0.246087637,0.327073552,0.064945227,0.011345853
18-03-2025 21:00,21,0.129890454,0.309859155,0.238654147,0.253912363,0.058685446,0.008607199
18-03-2025 22:00,22,0.143192488,0.329029734,0.223395931,0.231611894,0.064162754,0.008607199
18-03-2025 23:00,23,0.145539906,0.332550861,0.206181534,0.240610329,0.066510172,0.008607199
19-03-2025 00:00,0,0.143192488,0.323552426,0.205790297,0.246087637,0.068075117,0.012910798
19-03-2025 01:00,1,0.140453834,0.299687011,0.196400626,0.258607199,0.088028169,0.016823161
19-03-2025 02:00,2,0.131455399,0.299687011,0.198748044,0.25743349,0.092331768,0.019953052
19-03-2025 03:00,3,0.113067293,0.300469484,0.197965571,0.272300469,0.09428795,0.021517997
19-03-2025 04:00,4,0.106025039,0.291471049,0.207746479,0.274256651,0.099374022,0.021126761
19-03-2025 05:00,5,0.103286385,0.299295775,0.206964006,0.273474178,0.093505477,0.022691706
19-03-2025 06:00,6,0.089593114,0.3114241,0.218701095,0.270344288,0.08685446,0.023082942
19-03-2025 07:00,7,0.09741784,0.330203443,0.216353678,0.258215962,0.078638498,0.019170579
19-03-2025 08:00,8,0.122065728,0.362676056,0.20970266,0.222613459,0.069248826,0.013693271
19-03-2025 09:00,9,0.153364632,0.338028169,0.197574335,0.222222222,0.073552426,0.015258216
19-03-2025 10:00,10,0.156103286,0.297730829,0.207355243,0.249217527,0.075899844,0.012910798
19-03-2025 11:00,11,0.123239437,0.275039124,0.220657277,0.29342723,0.075117371,0.012519562
19-03-2025 12:00,12,0.098200313,0.248043818,0.205399061,0.347809077,0.087245696,0.012519562
19-03-2025 13:00,13,0.063771518,0.209311424,0.213223787,0.399843505,0.104068858,0.009780908
19-03-2025 14:00,14,0.052425665,0.167057903,0.185054773,0.460485133,0.123630673,0.011345853
19-03-2025 15:00,15,0.039906103,0.143192488,0.154147105,0.504303599,0.140062598,0.018388106
19-03-2025 16:00,16,0.041471049,0.121283255,0.148669797,0.511737089,0.157276995,0.019561815
19-03-2025 17:00,17,0.036776213,0.127543036,0.153364632,0.490610329,0.16627543,0.025039124
19-03-2025 18:00,18,0.045383412,0.160015649,0.175665102,0.460093897,0.142018779,0.016431925
19-03-2025 19:00,19,0.0614241,0.200704225,0.216744914,0.405320814,0.10172144,0.014084507
19-03-2025 20:00,20,0.096244131,0.254303599,0.246087637,0.327073552,0.064945227,0.011345853
19-03-2025 21:00,21,0.129890454,0.309859155,0.238654147,0.253912363,0.058685446,0.008607199
19-03-2025 22:00,22,0.143192488,0.329029734,0.223395931,0.231611894,0.064162754,0.008607199
19-03-2025 23:00,23,0.145539906,0.332550861,0.206181534,0.240610329,0.066510172,0.008607199
20-03-2025 00:00,0,0.143192488,0.323552426,0.205790297,0.246087637,0.068075117,0.012910798
20-03-2025 01:00,1,0.140453834,0.299687011,0.196400626,0.258607199,0.088028169,0.016823161
20-03-2025 02:00,2,0.131455399,0.299687011,0.198748044,0.25743349,0.092331768,0.019953052
20-03-2025 03:00,3,0.113067293,0.300469484,0.197965571,0.272300469,0.09428795,0.021517997
20-03-2025 04:00,4,0.106025039,0.291471049,0.207746479,0.274256651,0.099374022,0.021126761
20-03-2025 05:00,5,0.103286385,0.299295775,0.206964006,0.273474178,0.093505477,0.022691706
20-03-2025 06:00,6,0.089593114,0.3114241,0.218701095,0.270344288,0.08685446,0.023082942
20-03-2025 07:00,7,0.09741784,0.330203443,0.216353678,0.258215962,0.078638498,0.019170579
20-03-2025 08:00,8,0.122065728,0.362676056,0.20970266,0.222613459,0.069248826,0.013693271
20-03-2025 09:00,9,0.153364632,0.338028169,0.197574335,0.222222222,0.073552426,0.015258216
20-03-2025 10:00,10,0.156103286,0.297730829,0.207355243,0.249217527,0.075899844,0.012910798
20-03-2025 11:00,11,0.123239437,0.275039124,0.220657277,0.29342723,0.075117371,0.012519562
20-03-2025 12:00,12,0.098200313,0.248043818,0.205399061,0.347809077,0.087245696,0.012519562
20-03-2025 13:00,13,0.063771518,0.209311424,0.213223787,0.399843505,0.104068858,0.009780908
20-03-2025 14:00,14,0.052425665,0.167057903,0.185054773,0.460485133,0.123630673,0.011345853
20-03-2025 15:00,15,0.039906103,0.143192488,0.154147105,0.504303599,0.140062598,0.018388106
20-03-2025 16:00,16,0.041471049,0.121283255,0.148669797,0.511737089,0.157276995,0.019561815
20-03-2025 17:00,17,0.036776213,0.127543036,0.153364632,0.490610329,0.16627543,0.025039124
20-03-2025 18:00,18,0.045383412,0.160015649,0.175665102,0.460093897,0.142018779,0.016431925
20-03-2025 19:00,19,0.0614241,0.200704225,0.216744914,0.405320814,0.10172144,0.014084507
20-03-2025 20:00,20,0.096244131,0.254303599,0.246087637,0.327073552,0.064945227,0.011345853
20-03-2025 21:00,21,0.129890454,0.309859155,0.238654147,0.253912363,0.058685446,0.008607199
20-03-2025 22:00,22,0.143192488,0.329029734,0.223395931,0.231611894,0.064162754,0.008607199
20-03-2025 23:00,23,0.145539906,0.332550861,0.206181534,0.240610329,0.066510172,0.008607199
21-03-2025 00:00,0,0.143192488,0.323552426,0.205790297,0.246087637,0.068075117,0.012910798
21-03-2025 01:00,1,0.140453834,0.299687011,0.196400626,0.258607199,0.088028169,0.016823161
21-03-2025 02:00,2,0.131455399,0.299687011,0.198748044,0.25743349,0.092331768,0.019953052
21-03-2025 03:00,3,0.113067293,0.300469484,0.197965571,0.272300469,0.09428795,0.021517997
21-03-2025 04:00,4,0.106025039,0.291471049,0.207746479,0.274256651,0.099374022,0.021126761
21-03-2025 05:00,5,0.103286385,0.299295775,0.206964006,0.273474178,0.093505477,0.022691706
21-03-2025 06:00,6,0.089593114,0.3114241,0.218701095,0.270344288,0.08685446,0.023082942
21-03-2025 07:00,7,0.09741784,0.330203443,0.216353678,0.258215962,0.078638498,0.019170579
21-03-2025 08:00,8,0.122065728,0.362676056,0.20970266,0.222613459,0.069248826,0.013693271
21-03-2025 09:00,9,0.153364632,0.338028169,0.197574335,0.222222222,0.073552426,0.015258216
21-03-2025 10:00,10,0.156103286,0.297730829,0.207355243,0.249217527,0.075899844,0.012910798
21-03-2025 11:00,11,0.123239437,0.275039124,0.220657277,0.29342723,0.075117371,0.012519562
21-03-2025 12:00,12,0.098200313,0.248043818,0.205399061,0.347809077,0.087245696,0.012519562
21-03-2025 13:00,13,0.063771518,0.209311424,0.213223787,0.399843505,0.104068858,0.009780908
21-03-2025 14:00,14,0.052425665,0.167057903,0.185054773,0.460485133,0.123630673,0.011345853
21-03-2025 15:00,15,0.039906103,0.143192488,0.154147105,0.504303599,0.140062598,0.018388106
21-03-2025 16:00,16,0.041471049,0.121283255,0.148669797,0.511737089,0.157276995,0.019561815
21-03-2025 17:00,17,0.036776213,0.127543036,0.153364632,0.490610329,0.16627543,0.025039124
21-03-2025 18:00,18,0.045383412,0.160015649,0.175665102,0.460093897,0.142018779,0.016431925
21-03-2025 19:00,19,0.0614241,0.200704225,0.216744914,0.405320814,0.10172144,0.014084507
21-03-2025 20:00,20,0.096244131,0.254303599,0.246087637,0.327073552,0.064945227,0.011345853
21-03-2025 21:00,21,0.129890454,0.309859155,0.238654147,0.253912363,0.058685446,0.008607199
21-03-2025 22:00,22,0.143192488,0.329029734,0.223395931,0.231611894,0.064162754,0.008607199
21-03-2025 23:00,23,0.145539906,0.332550861,0.206181534,0.240610329,0.066510172,0.008607199
22-03-2025 00:00,0,0.143192488,0.323552426,0.205790297,0.246087637,0.068075117,0.012910798
22-03-2025 01:00,1,0.140453834,0.299687011,0.196400626,0.258607199,0.088028169,0.016823161
22-03-2025 02:00,2,0.131455399,0.299687011,0.198748044,0.25743349,0.092331768,0.019953052
22-03-2025 03:00,3,0.113067293,0.300469484,0.197965571,0.272300469,0.09428795,0.021517997
22-03-2025 04:00,4,0.106025039,0.291471049,0.207746479,0.274256651,0.099374022,0.021126761
22-03-2025 05:00,5,0.103286385,0.299295775,0.206964006,0.273474178,0.093505477,0.022691706
22-03-2025 06:00,6,0.089593114,0.3114241,0.218701095,0.270344288,0.08685446,0.023082942
22-03-2025 07:00,7,0.09741784,0.330203443,0.216353678,0.258215962,0.078638498,0.019170579
22-03-2025 08:00,8,0.122065728,0.362676056,0.20970266,0.222613459,0.069248826,0.013693271
22-03-2025 09:00,9,0.153364632,0.338028169,0.197574335,0.222222222,0.073552426,0.015258216
22-03-2025 10:00,10,0.156103286,0.297730829,0.207355243,0.249217527,0.075899844,0.012910798
22-03-2025 11:00,11,0.123239437,0.275039124,0.220657277,0.29342723,0.075117371,0.012519562
22-03-2025 12:00,12,0.098200313,0.248043818,0.205399061,0.347809077,0.087245696,0.012519562
22-03-2025 13:00,13,0.063771518,0.209311424,0.213223787,0.399843505,0.104068858,0.009780908
22-03-2025 14:00,14,0.052425665,0.167057903,0.185054773,0.460485133,0.123630673,0.011345853
22-03-2025 15:00,15,0.039906103,0.143192488,0.154147105,0.504303599,0.140062598,0.018388106
22-03-2025 16:00,16,0.041471049,0.121283255,0.148669797,0.511737089,0.157276995,0.019561815
22-03-2025 17:00,17,0.036776213,0.127543036,0.153364632,0.490610329,0.16627543,0.025039124
22-03-2025 18:00,18,0.045383412,0.160015649,0.175665102,0.460093897,0.142018779,0.016431925
22-03-2025 19:00,19,0.0614241,0.200704225,0.216744914,0.405320814,0.10172144,0.014084507
22-03-2025 20:00,20,0.096244131,0.254303599,0.246087637,0.327073552,0.064945227,0.011345853
22-03-2025 21:00,21,0.129890454,0.309859155,0.238654147,0.253912363,0.058685446,0.008607199
22-03-2025 22:00,22,0.143192488,0.329029734,0.223395931,0.231611894,0.064162754,0.008607199
22-03-2025 23:00,23,0.145539906,0.332550861,0.206181534,0.240610329,0.066510172,0.008607199
23-03-2025 00:00,0,0.143192488,0.323552426,0.205790297,0.246087637,0.068075117,0.012910798
23-03-2025 01:00,1,0.140453834,0.299687011,0.196400626,0.258607199,0.088028169,0.016823161
23-03-2025 02:00,2,0.131455399,0.299687011,0.198748044,0.25743349,0.092331768,0.019953052
23-03-2025 03:00,3,0.113067293,0.300469484,0.197965571,0.272300469,0.09428795,0.021517997
23-03-2025 04:00,4,0.106025039,0.291471049,0.207746479,0.274256651,0.099374022,0.021126761
23-03-2025 05:00,5,0.103286385,0.299295775,0.206964006,0.273474178,0.093505477,0.022691706
23-03-2025 06:00,6,0.089593114,0.3114241,0.218701095,0.270344288,0.08685446,0.023082942
23-03-2025 07:00,7,0.09741784,0.330203443,0.216353678,0.258215962,0.078638498,0.019170579
23-03-2025 08:00,8,0.122065728,0.362676056,0.20970266,0.222613459,0.069248826,0.013693271
23-03-2025 09:00,9,0.153364632,0.338028169,0.197574335,0.222222222,0.073552426,0.015258216
23-03-2025 10:00,10,0.156103286,0.297730829,0.207355243,0.249217527,0.075899844,0.012910798
23-03-2025 11:00,11,0.123239437,0.275039124,0.220657277,0.29342723,0.075117371,0.012519562
23-03-2025 12:00,12,0.098200313,0.248043818,0.205399061,0.347809077,0.087245696,0.012519562
23-03-2025 13:00,13,0.063771518,0.209311424,0.213223787,0.399843505,0.104068858,0.009780908
23-03-2025 14:00,14,0.052425665,0.167057903,0.185054773,0.460485133,0.123630673,0.011345853
23-03-2025 15:00,15,0.039906103,0.143192488,0.154147105,0.504303599,0.140062598,0.018388106
23-03-2025 16:00,16,0.041471049,0.121283255,0.148669797,0.511737089,0.157276995,0.019561815
23-03-2025 17:00,17,0.036776213,0.127543036,0.153364632,0.490610329,0.16627543,0.025039124
23-03-2025 18:00,18,0.045383412,0.160015649,0.175665102,0.460093897,0.142018779,0.016431925
23-03-2025 19:00,19,0.0614241,0.200704225,0.216744914,0.405320814,0.10172144,0.014084507
23-03-2025 20:00,20,0.096244131,0.254303599,0.246087637,0.327073552,0.064945227,0.011345853
23-03-2025 21:00,21,0.129890454,0.309859155,0.238654147,0.253912363,0.058685446,0.008607199
23-03-2025 22:00,22,0.143192488,0.329029734,0.223395931,0.231611894,0.064162754,0.008607199
23-03-2025 23:00,23,0.145539906,0.332550861,0.206181534,0.240610329,0.066510172,0.008607199
24-03-2025 00:00,0,0.143192488,0.323552426,0.205790297,0.246087637,0.068075117,0.012910798
24-03-2025 01:00,1,0.140453834,0.299687011,0.196400626,0.258607199,0.088028169,0.016823161
24-03-2025 02:00,2,0.131455399,0.299687011,0.198748044,0.25743349,0.092331768,0.019953052
24-03-2025 03:00,3,0.113067293,0.300469484,0.197965571,0.272300469,0.09428795,0.021517997
24-03-2025 04:00,4,0.106025039,0.291471049,0.207746479,0.274256651,0.099374022,0.021126761
24-03-2025 05:00,5,0.103286385,0.299295775,0.206964006,0.273474178,0.093505477,0.022691706
24-03-2025 06:00,6,0.089593114,0.3114241,0.218701095,0.270344288,0.08685446,0.023082942
24-03-2025 07:00,7,0.09741784,0.330203443,0.216353678,0.258215962,0.078638498,0.019170579
24-03-2025 08:00,8,0.122065728,0.362676056,0.20970266,0.222613459,0.069248826,0.013693271
24-03-2025 09:00,9,0.153364632,0.338028169,0.197574335,0.222222222,0.073552426,0.015258216
24-03-2025 10:00,10,0.156103286,0.297730829,0.207355243,0.249217527,0.075899844,0.012910798
24-03-2025 11:00,11,0.123239437,0.275039124,0.220657277,0.29342723,0.075117371,0.012519562
24-03-2025 12:00,12,0.098200313,0.248043818,0.205399061,0.347809077,0.087245696,0.012519562
24-03-2025 13:00,13,0.063771518,0.209311424,0.213223787,0.399843505,0.104068858,0.009780908
24-03-2025 14:00,14,0.052425665,0.167057903,0.185054773,0.460485133,0.123630673,0.011345853
24-03-2025 15:00,15,0.039906103,0.143192488,0.154147105,0.504303599,0.140062598,0.018388106
24-03-2025 16:00,16,0.041471049,0.121283255,0.148669797,0.511737089,0.157276995,0.019561815
24-03-2025 17:00,17,0.036776213,0.127543036,0.153364632,0.490610329,0.16627543,0.025039124
24-03-2025 18:00,18,0.045383412,0.160015649,0.175665102,0.460093897,0.142018779,0.016431925
24-03-2025 19:00,19,0.0614241,0.200704225,0.216744914,0.405320814,0.10172144,0.014084507
24-03-2025 20:00,20,0.096244131,0.254303599,0.246087637,0.327073552,0.064945227,0.011345853
24-03-2025 21:00,21,0.129890454,0.309859155,0.238654147,0.253912363,0.058685446,0.008607199
24-03-2025 22:00,22,0.143192488,0.329029734,0.223395931,0.231611894,0.064162754,0.008607199
24-03-2025 23:00,23,0.145539906,0.332550861,0.206181534,0.240610329,0.066510172,0.008607199
25-03-2025 00:00,0,0.143192488,0.323552426,0.205790297,0.246087637,0.068075117,0.012910798
25-03-2025 01:00,1,0.140453834,0.299687011,0.196400626,0.258607199,0.088028169,0.016823161
25-03-2025 02:00,2,0.131455399,0.299687011,0.198748044,0.25743349,0.092331768,0.019953052
25-03-2025 03:00,3,0.113067293,0.300469484,0.197965571,0.272300469,0.09428795,0.021517997
25-03-2025 04:00,4,0.106025039,0.291471049,0.207746479,0.274256651,0.099374022,0.021126761
25-03-2025 05:00,5,0.103286385,0.299295775,0.206964006,0.273474178,0.093505477,0.022691706
25-03-2025 06:00,6,0.089593114,0.3114241,0.218701095,0.270344288,0.08685446,0.023082942
25-03-2025 07:00,7,0.09741784,0.330203443,0.216353678,0.258215962,0.078638498,0.019170579
25-03-2025 08:00,8,0.122065728,0.362676056,0.20970266,0.222613459,0.069248826,0.013693271
25-03-2025 09:00,9,0.153364632,0.338028169,0.197574335,0.222222222,0.073552426,0.015258216
25-03-2025 10:00,10,0.156103286,0.297730829,0.207355243,0.249217527,0.075899844,0.012910798
25-03-2025 11:00,11,0.123239437,0.275039124,0.220657277,0.29342723,0.075117371,0.012519562
25-03-2025 12:00,12,0.098200313,0.248043818,0.205399061,0.347809077,0.087245696,0.012519562
25-03-2025 13:00,13,0.063771518,0.209311424,0.213223787,0.399843505,0.104068858,0.009780908
25-03-2025 14:00,14,0.052425665,0.167057903,0.185054773,0.460485133,0.123630673,0.011345853
25-03-2025 15:00,15,0.039906103,0.143192488,0.154147105,0.504303599,0.140062598,0.018388106
25-03-2025 16:00,16,0.041471049,0.121283255,0.148669797,0.511737089,0.157276995,0.019561815
25-03-2025 17:00,17,0.036776213,0.127543036,0.153364632,0.490610329,0.16627543,0.025039124
25-03-2025 18:00,18,0.045383412,0.160015649,0.175665102,0.460093897,0.142018779,0.016431925
25-03-2025 19:00,19,0.0614241,0.200704225,0.216744914,0.405320814,0.10172144,0.014084507
25-03-2025 20:00,20,0.096244131,0.254303599,0.246087637,0.327073552,0.064945227,0.011345853
25-03-2025 21:00,21,0.129890454,0.309859155,0.238654147,0.253912363,0.058685446,0.008607199
25-03-2025 22:00,22,0.143192488,0.329029734,0.223395931,0.231611894,0.064162754,0.008607199
25-03-2025 23:00,23,0.145539906,0.332550861,0.206181534,0.240610329,0.066510172,0.008607199
26-03-2025 00:00,0,0.143192488,0.323552426,0.205790297,0.246087637,0.068075117,0.012910798
26-03-2025 01:00,1,0.140453834,0.299687011,0.196400626,0.258607199,0.088028169,0.016823161
26-03-2025 02:00,2,0.131455399,0.299687011,0.198748044,0.25743349,0.092331768,0.019953052
26-03-2025 03:00,3,0.113067293,0.300469484,0.197965571,0.272300469,0.09428795,0.021517997
26-03-2025 04:00,4,0.106025039,0.291471049,0.207746479,0.274256651,0.099374022,0.021126761
26-03-2025 05:00,5,0.103286385,0.299295775,0.206964006,0.273474178,0.093505477,0.022691706
26-03-2025 06:00,6,0.089593114,0.3114241,0.218701095,0.270344288,0.08685446,0.023082942
26-03-2025 07:00,7,0.09741784,0.330203443,0.216353678,0.258215962,0.078638498,0.019170579
26-03-2025 08:00,8,0.122065728,0.362676056,0.20970266,0.222613459,0.069248826,0.013693271
26-03-2025 09:00,9,0.153364632,0.338028169,0.197574335,0.222222222,0.073552426,0.015258216
26-03-2025 10:00,10,0.156103286,0.297730829,0.207355243,0.249217527,0.075899844,0.012910798
26-03-2025 11:00,11,0.123239437,0.275039124,0.220657277,0.29342723,0.075117371,0.012519562
26-03-2025 12:00,12,0.098200313,0.248043818,0.205399061,0.347809077,0.087245696,0.012519562
26-03-2025 13:00,13,0.063771518,0.209311424,0.213223787,0.399843505,0.104068858,0.009780908
26-03-2025 14:00,14,0.052425665,0.167057903,0.185054773,0.460485133,0.123630673,0.011345853
26-03-2025 15:00,15,0.039906103,0.143192488,0.154147105,0.504303599,0.140062598,0.018388106
26-03-2025 16:00,16,0.041471049,0.121283255,0.148669797,0.511737089,0.157276995,0.019561815
26-03-2025 17:00,17,0.036776213,0.127543036,0.153364632,0.490610329,0.16627543,0.025039124
26-03-2025 18:00,18,0.045383412,0.160015649,0.175665102,0.460093897,0.142018779,0.016431925
26-03-2025 19:00,19,0.0614241,0.200704225,0.216744914,0.405320814,0.10172144,0.014084507
26-03-2025 20:00,20,0.096244131,0.254303599,0.246087637,0.327073552,0.064945227,0.011345853
26-03-2025 21:00,21,0.129890454,0.309859155,0.238654147,0.253912363,0.058685446,0.008607199
26-03-2025 22:00,22,0.143192488,0.329029734,0.223395931,0.231611894,0.064162754,0.008607199
26-03-2025 23:00,23,0.145539906,0.332550861,0.206181534,0.240610329,0.066510172,0.008607199
27-03-2025 00:00,0,0.143192488,0.323552426,0.205790297,0.246087637,0.068075117,0.012910798
27-03-2025 01:00,1,0.140453834,0.299687011,0.196400626,0.258607199,0.088028169,0.016823161
27-03-2025 02:00,2,0.131455399,0.299687011,0.198748044,0.25743349,0.092331768,0.019953052
27-03-2025 03:00,3,0.113067293,0.300469484,0.197965571,0.272300469,0.09428795,0.021517997
27-03-2025 04:00,4,0.106025039,0.291471049,0.207746479,0.274256651,0.099374022,0.021126761
27-03-2025 05:00,5,0.103286385,0.299295775,0.206964006,0.273474178,0.093505477,0.022691706
27-03-2025 06:00,6,0.089593114,0.3114241,0.218701095,0.270344288,0.08685446,0.023082942
27-03-2025 07:00,7,0.09741784,0.330203443,0.216353678,0.258215962,0.078638498,0.019170579
27-03-2025 08:00,8,0.122065728,0.362676056,0.20970266,0.222613459,0.069248826,0.013693271
27-03-2025 09:00,9,0.153364632,0.338028169,0.197574335,0.222222222,0.073552426,0.015258216
27-03-2025 10:00,10,0.156103286,0.297730829,0.207355243,0.249217527,0.075899844,0.012910798
27-03-2025 11:00,11,0.123239437,0.275039124,0.220657277,0.29342723,0.075117371,0.012519562
27-03-2025 12:00,12,0.098200313,0.248043818,0.205399061,0.347809077,0.087245696,0.012519562
27-03-2025 13:00,13,0.063771518,0.209311424,0.213223787,0.399843505,0.104068858,0.009780908
27-03-2025 14:00,14,0.052425665,0.167057903,0.185054773,0.460485133,0.123630673,0.011345853
27-03-2025 15:00,15,0.039906103,0.143192488,0.154147105,0.504303599,0.140062598,0.018388106
27-03-2025 16:00,16,0.041471049,0.121283255,0.148669797,0.511737089,0.157276995,0.019561815
27-03-2025 17:00,17,0.036776213,0.127543036,0.153364632,0.490610329,0.16627543,0.025039124
27-03-2025 18:00,18,0.045383412,0.160015649,0.175665102,0.460093897,0.142018779,0.016431925
27-03-2025 19:00,19,0.0614241,0.200704225,0.216744914,0.405320814,0.10172144,0.014084507
27-03-2025 20:00,20,0.096244131,0.254303599,0.246087637,0.327073552,0.064945227,0.011345853
27-03-2025 21:00,21,0.129890454,0.309859155,0.238654147,0.253912363,0.058685446,0.008607199
27-03-2025 22:00,22,0.143192488,0.329029734,0.223395931,0.231611894,0.064162754,0.008607199
27-03-2025 23:00,23,0.145539906,0.332550861,0.206181534,0.240610329,0.066510172,0.008607199
28-03-2025 00:00,0,0.143192488,0.323552426,0.205790297,0.246087637,0.068075117,0.012910798
28-03-2025 01:00,1,0.140453834,0.299687011,0.196400626,0.258607199,0.088028169,0.016823161
28-03-2025 02:00,2,0.131455399,0.299687011,0.198748044,0.25743349,0.092331768,0.019953052
28-03-2025 03:00,3,0.113067293,0.300469484,0.197965571,0.272300469,0.09428795,0.021517997
28-03-2025 04:00,4,0.106025039,0.291471049,0.207746479,0.274256651,0.099374022,0.021126761
28-03-2025 05:00,5,0.103286385,0.299295775,0.206964006,0.273474178,0.093505477,0.022691706
28-03-2025 06:00,6,0.089593114,0.3114241,0.218701095,0.270344288,0.08685446,0.023082942
28-03-2025 07:00,7,0.09741784,0.330203443,0.216353678,0.258215962,0.078638498,0.019170579
28-03-2025 08:00,8,0.122065728,0.362676056,0.20970266,0.222613459,0.069248826,0.013693271
28-03-2025 09:00,9,0.153364632,0.338028169,0.197574335,0.222222222,0.073552426,0.015258216
28-03-2025 10:00,10,0.156103286,0.297730829,0.207355243,0.249217527,0.075899844,0.012910798
28-03-2025 11:00,11,0.123239437,0.275039124,0.220657277,0.29342723,0.075117371,0.012519562
28-03-2025 12:00,12,0.098200313,0.248043818,0.205399061,0.347809077,0.087245696,0.012519562
28-03-2025 13:00,13,0.063771518,0.209311424,0.213223787,0.399843505,0.104068858,0.009780908
28-03-2025 14:00,14,0.052425665,0.167057903,0.185054773,0.460485133,0.123630673,0.011345853
28-03-2025 15:00,15,0.039906103,0.143192488,0.154147105,0.504303599,0.140062598,0.018388106
28-03-2025 16:00,16,0.041471049,0.121283255,0.148669797,0.511737089,0.157276995,0.019561815
28-03-2025 17:00,17,0.036776213,0.127543036,0.153364632,0.490610329,0.16627543,0.025039124
28-03-2025 18:00,18,0.045383412,0.160015649,0.175665102,0.460093897,0.142018779,0.016431925
28-03-2025 19:00,19,0.0614241,0.200704225,0.216744914,0.405320814,0.10172144,0.014084507
28-03-2025 20:00,20,0.096244131,0.254303599,0.246087637,0.327073552,0.064945227,0.011345853
28-03-2025 21:00,21,0.129890454,0.309859155,0.238654147,0.253912363,0.058685446,0.008607199
28-03-2025 22:00,22,0.143192488,0.329029734,0.223395931,0.231611894,0.064162754,0.008607199
28-03-2025 23:00,23,0.145539906,0.332550861,0.206181534,0.240610329,0.066510172,0.008607199
29-03-2025 00:00,0,0.143192488,0.323552426,0.205790297,0.246087637,0.068075117,0.012910798
29-03-2025 01:00,1,0.140453834,0.299687011,0.196400626,0.258607199,0.088028169,0.016823161
29-03-2025 02:00,2,0.131455399,0.299687011,0.198748044,0.25743349,0.092331768,0.019953052
29-03-2025 03:00,3,0.113067293,0.300469484,0.197965571,0.272300469,0.09428795,0.021517997
29-03-2025 04:00,4,0.106025039,0.291471049,0.207746479,0.274256651,0.099374022,0.021126761
29-03-2025 05:00,5,0.103286385,0.299295775,0.206964006,0.273474178,0.093505477,0.022691706
29-03-2025 06:00,6,0.089593114,0.3114241,0.218701095,0.270344288,0.08685446,0.023082942
29-03-2025 07:00,7,0.09741784,0.330203443,0.216353678,0.258215962,0.078638498,0.019170579
29-03-2025 08:00,8,0.122065728,0.362676056,0.20970266,0.222613459,0.069248826,0.013693271
29-03-2025 09:00,9,0.153364632,0.338028169,0.197574335,0.222222222,0.073552426,0.015258216
29-03-2025 10:00,10,0.156103286,0.297730829,0.207355243,0.249217527,0.075899844,0.012910798
29-03-2025 11:00,11,0.123239437,0.275039124,0.220657277,0.29342723,0.075117371,0.012519562
29-03-2025 12:00,12,0.098200313,0.248043818,0.205399061,0.347809077,0.087245696,0.012519562
29-03-2025 13:00,13,0.063771518,0.209311424,0.213223787,0.399843505,0.104068858,0.009780908
29-03-2025 14:00,14,0.052425665,0.167057903,0.185054773,0.460485133,0.123630673,0.011345853
29-03-2025 15:00,15,0.039906103,0.143192488,0.154147105,0.504303599,0.140062598,0.018388106
29-03-2025 16:00,16,0.041471049,0.121283255,0.148669797,0.511737089,0.157276995,0.019561815
29-03-2025 17:00,17,0.036776213,0.127543036,0.153364632,0.490610329,0.16627543,0.025039124
29-03-2025 18:00,18,0.045383412,0.160015649,0.175665102,0.460093897,0.142018779,0.016431925
29-03-2025 19:00,19,0.0614241,0.200704225,0.216744914,0.405320814,0.10172144,0.014084507
29-03-2025 20:00,20,0.096244131,0.254303599,0.246087637,0.327073552,0.064945227,0.011345853
29-03-2025 21:00,21,0.129890454,0.309859155,0.238654147,0.253912363,0.058685446,0.008607199
29-03-2025 22:00,22,0.143192488,0.329029734,0.223395931,0.231611894,0.064162754,0.008607199
29-03-2025 23:00,23,0.145539906,0.332550861,0.206181534,0.240610329,0.066510172,0.008607199
30-03-2025 00:00,0,0.143192488,0.323552426,0.205790297,0.246087637,0.068075117,0.012910798
30-03-2025 01:00,1,0.140453834,0.299687011,0.196400626,0.258607199,0.088028169,0.016823161
30-03-2025 02:00,2,0.131455399,0.299687011,0.198748044,0.25743349,0.092331768,0.019953052
30-03-2025 03:00,3,0.113067293,0.300469484,0.197965571,0.272300469,0.09428795,0.021517997
30-03-2025 04:00,4,0.106025039,0.291471049,0.207746479,0.274256651,0.099374022,0.021126761
30-03-2025 05:00,5,0.103286385,0.299295775,0.206964006,0.273474178,0.093505477,0.022691706
30-03-2025 06:00,6,0.089593114,0.3114241,0.218701095,0.270344288,0.08685446,0.023082942
30-03-2025 07:00,7,0.09741784,0.330203443,0.216353678,0.258215962,0.078638498,0.019170579
30-03-2025 08:00,8,0.122065728,0.362676056,0.20970266,0.222613459,0.069248826,0.013693271
30-03-2025 09:00,9,0.153364632,0.338028169,0.197574335,0.222222222,0.073552426,0.015258216
30-03-2025 10:00,10,0.156103286,0.297730829,0.207355243,0.249217527,0.075899844,0.012910798
30-03-2025 11:00,11,0.123239437,0.275039124,0.220657277,0.29342723,0.075117371,0.012519562
30-03-2025 12:00,12,0.098200313,0.248043818,0.205399061,0.347809077,0.087245696,0.012519562
30-03-2025 13:00,13,0.063771518,0.209311424,0.213223787,0.399843505,0.104068858,0.009780908
30-03-2025 14:00,14,0.052425665,0.167057903,0.185054773,0.460485133,0.123630673,0.011345853
30-03-2025 15:00,15,0.039906103,0.143192488,0.154147105,0.504303599,0.140062598,0.018388106
30-03-2025 16:00,16,0.041471049,0.121283255,0.148669797,0.511737089,0.157276995,0.019561815
30-03-2025 17:00,17,0.036776213,0.127543036,0.153364632,0.490610329,0.16627543,0.025039124
30-03-2025 18:00,18,0.045383412,0.160015649,0.175665102,0.460093897,0.142018779,0.016431925
30-03-2025 19:00,19,0.0614241,0.200704225,0.216744914,0.405320814,0.10172144,0.014084507
30-03-2025 20:00,20,0.096244131,0.254303599,0.246087637,0.327073552,0.064945227,0.011345853
30-03-2025 21:00,21,0.129890454,0.309859155,0.238654147,0.253912363,0.058685446,0.008607199
30-03-2025 22:00,22,0.143192488,0.329029734,0.223395931,0.231611894,0.064162754,0.008607199
30-03-2025 23:00,23,0.145539906,0.332550861,0.206181534,0.240610329,0.066510172,0.008607199
31-03-2025 00:00,0,0.143192488,0.323552426,0.205790297,0.246087637,0.068075117,0.012910798
31-03-2025 01:00,1,0.140453834,0.299687011,0.196400626,0.258607199,0.088028169,0.016823161
31-03-2025 02:00,2,0.131455399,0.299687011,0.198748044,0.25743349,0.092331768,0.019953052
31-03-2025 03:00,3,0.113067293,0.300469484,0.197965571,0.272300469,0.09428795,0.021517997
31-03-2025 04:00,4,0.106025039,0.291471049,0.207746479,0.274256651,0.099374022,0.021126761
31-03-2025 05:00,5,0.103286385,0.299295775,0.206964006,0.273474178,0.093505477,0.022691706
31-03-2025 06:00,6,0.089593114,0.3114241,0.218701095,0.270344288,0.08685446,0.023082942
31-03-2025 07:00,7,0.09741784,0.330203443,0.216353678,0.258215962,0.078638498,0.019170579
31-03-2025 08:00,8,0.122065728,0.362676056,0.20970266,0.222613459,0.069248826,0.013693271
31-03-2025 09:00,9,0.153364632,0.338028169,0.197574335,0.222222222,0.073552426,0.015258216
31-03-2025 10:00,10,0.156103286,0.297730829,0.207355243,0.249217527,0.075899844,0.012910798
31-03-2025 11:00,11,0.123239437,0.275039124,0.220657277,0.29342723,0.075117371,0.012519562
31-03-2025 12:00,12,0.098200313,0.248043818,0.205399061,0.347809077,0.087245696,0.012519562
31-03-2025 13:00,13,0.063771518,0.209311424,0.213223787,0.399843505,0.104068858,0.009780908
31-03-2025 14:00,14,0.052425665,0.167057903,0.185054773,0.460485133,0.123630673,0.011345853
31-03-2025 15:00,15,0.039906103,0.143192488,0.154147105,0.504303599,0.140062598,0.018388106
31-03-2025 16:00,16,0.041471049,0.121283255,0.148669797,0.511737089,0.157276995,0.019561815
31-03-2025 17:00,17,0.036776213,0.127543036,0.153364632,0.490610329,0.16627543,0.025039124
31-03-2025 18:00,18,0.045383412,0.160015649,0.175665102,0.460093897,0.142018779,0.016431925
31-03-2025 19:00,19,0.0614241,0.200704225,0.216744914,0.405320814,0.10172144,0.014084507
31-03-2025 20:00,20,0.096244131,0.254303599,0.246087637,0.327073552,0.064945227,0.011345853
31-03-2025 21:00,21,0.129890454,0.309859155,0.238654147,0.253912363,0.058685446,0.008607199
31-03-2025 22:00,22,0.143192488,0.329029734,0.223395931,0.231611894,0.064162754,0.008607199
31-03-2025 23:00,23,0.145539906,0.332550861,0.206181534,0.240610329,0.066510172,0.008607199
01-04-2025 00:00,0,0.143192488,0.323552426,0.205790297,0.246087637,0.068075117,0.012910798
01-04-2025 01:00,1,0.140453834,0.299687011,0.196400626,0.258607199,0.088028169,0.016823161
01-04-2025 02:00,2,0.131455399,0.299687011,0.198748044,0.25743349,0.092331768,0.019953052
01-04-2025 03:00,3,0.113067293,0.300469484,0.197965571,0.272300469,0.09428795,0.021517997
01-04-2025 04:00,4,0.106025039,0.291471049,0.207746479,0.274256651,0.099374022,0.021126761
01-04-2025 05:00,5,0.103286385,0.299295775,0.206964006,0.273474178,0.093505477,0.022691706
01-04-2025 06:00,6,0.089593114,0.3114241,0.218701095,0.270344288,0.08685446,0.023082942
01-04-2025 07:00,7,0.09741784,0.330203443,0.216353678,0.258215962,0.078638498,0.019170579
01-04-2025 08:00,8,0.122065728,0.362676056,0.20970266,0.222613459,0.069248826,0.013693271
01-04-2025 09:00,9,0.153364632,0.338028169,0.197574335,0.222222222,0.073552426,0.015258216
01-04-2025 10:00,10,0.156103286,0.297730829,0.207355243,0.249217527,0.075899844,0.012910798
01-04-2025 11:00,11,0.123239437,0.275039124,0.220657277,0.29342723,0.075117371,0.012519562
01-04-2025 12:00,12,0.098200313,0.248043818,0.205399061,0.347809077,0.087245696,0.012519562
01-04-2025 13:00,13,0.063771518,0.209311424,0.213223787,0.399843505,0.104068858,0.009780908
01-04-2025 14:00,14,0.052425665,0.167057903,0.185054773,0.460485133,0.123630673,0.011345853
01-04-2025 15:00,15,0.039906103,0.143192488,0.154147105,0.504303599,0.140062598,0.018388106
01-04-2025 16:00,16,0.041471049,0.121283255,0.148669797,0.511737089,0.157276995,0.019561815
01-04-2025 17:00,17,0.036776213,0.127543036,0.153364632,0.490610329,0.16627543,0.025039124
01-04-2025 18:00,18,0.045383412,0.160015649,0.175665102,0.460093897,0.142018779,0.016431925
01-04-2025 19:00,19,0.0614241,0.200704225,0.216744914,0.405320814,0.10172144,0.014084507
01-04-2025 20:00,20,0.096244131,0.254303599,0.246087637,0.327073552,0.064945227,0.011345853
01-04-2025 21:00,21,0.129890454,0.309859155,0.238654147,0.253912363,0.058685446,0.008607199
01-04-2025 22:00,22,0.143192488,0.329029734,0.223395931,0.231611894,0.064162754,0.008607199
01-04-2025 23:00,23,0.145539906,0.332550861,0.206181534,0.240610329,0.066510172,0.008607199
02-04-2025 00:00,0,0.143192488,0.323552426,0.205790297,0.246087637,0.068075117,0.012910798
02-04-2025 01:00,1,0.140453834,0.299687011,0.196400626,0.258607199,0.088028169,0.016823161
02-04-2025 02:00,2,0.131455399,0.299687011,0.198748044,0.25743349,0.092331768,0.019953052
02-04-2025 03:00,3,0.113067293,0.300469484,0.197965571,0.272300469,0.09428795,0.021517997
02-04-2025 04:00,4,0.106025039,0.291471049,0.207746479,0.274256651,0.099374022,0.021126761
02-04-2025 05:00,5,0.103286385,0.299295775,0.206964006,0.273474178,0.093505477,0.022691706
02-04-2025 06:00,6,0.089593114,0.3114241,0.218701095,0.270344288,0.08685446,0.023082942
02-04-2025 07:00,7,0.09741784,0.330203443,0.216353678,0.258215962,0.078638498,0.019170579
02-04-2025 08:00,8,0.122065728,0.362676056,0.20970266,0.222613459,0.069248826,0.013693271
02-04-2025 09:00,9,0.153364632,0.338028169,0.197574335,0.222222222,0.073552426,0.015258216
02-04-2025 10:00,10,0.156103286,0.297730829,0.207355243,0.249217527,0.075899844,0.012910798
02-04-2025 11:00,11,0.123239437,0.275039124,0.220657277,0.29342723,0.075117371,0.012519562
02-04-2025 12:00,12,0.098200313,0.248043818,0.205399061,0.347809077,0.087245696,0.012519562
02-04-2025 13:00,13,0.063771518,0.209311424,0.213223787,0.399843505,0.104068858,0.009780908
02-04-2025 14:00,14,0.052425665,0.167057903,0.185054773,0.460485133,0.123630673,0.011345853
02-04-2025 15:00,15,0.039906103,0.143192488,0.154147105,0.504303599,0.140062598,0.018388106
02-04-2025 16:00,16,0.041471049,0.121283255,0.148669797,0.511737089,0.157276995,0.019561815
02-04-2025 17:00,17,0.036776213,0.127543036,0.153364632,0.490610329,0.16627543,0.025039124
02-04-2025 18:00,18,0.045383412,0.160015649,0.175665102,0.460093897,0.142018779,0.016431925
02-04-2025 19:00,19,0.0614241,0.200704225,0.216744914,0.405320814,0.10172144,0.014084507
02-04-2025 20:00,20,0.096244131,0.254303599,0.246087637,0.327073552,0.064945227,0.011345853
02-04-2025 21:00,21,0.129890454,0.309859155,0.238654147,0.253912363,0.058685446,0.008607199
02-04-2025 22:00,22,0.143192488,0.329029734,0.223395931,0.231611894,0.064162754,0.008607199
02-04-2025 23:00,23,0.145539906,0.332550861,0.206181534,0.240610329,0.066510172,0.008607199
03-04-2025 00:00,0,0.143192488,0.323552426,0.205790297,0.246087637,0.068075117,0.012910798
03-04-2025 01:00,1,0.140453834,0.299687011,0.196400626,0.258607199,0.088028169,0.016823161
03-04-2025 02:00,2,0.131455399,0.299687011,0.198748044,0.25743349,0.092331768,0.019953052
03-04-2025 03:00,3,0.113067293,0.300469484,0.197965571,0.272300469,0.09428795,0.021517997
03-04-2025 04:00,4,0.106025039,0.291471049,0.207746479,0.274256651,0.099374022,0.021126761
03-04-2025 05:00,5,0.103286385,0.299295775,0.206964006,0.273474178,0.093505477,0.022691706
03-04-2025 06:00,6,0.089593114,0.3114241,0.218701095,0.270344288,0.08685446,0.023082942
03-04-2025 07:00,7,0.09741784,0.330203443,0.216353678,0.258215962,0.078638498,0.019170579
03-04-2025 08:00,8,0.122065728,0.362676056,0.20970266,0.222613459,0.069248826,0.013693271
03-04-2025 09:00,9,0.153364632,0.338028169,0.197574335,0.222222222,0.073552426,0.015258216
03-04-2025 10:00,10,0.156103286,0.297730829,0.207355243,0.249217527,0.075899844,0.012910798
03-04-2025 11:00,11,0.123239437,0.275039124,0.220657277,0.29342723,0.075117371,0.012519562
03-04-2025 12:00,12,0.098200313,0.248043818,0.205399061,0.347809077,0.087245696,0.012519562
03-04-2025 13:00,13,0.063771518,0.209311424,0.213223787,0.399843505,0.104068858,0.009780908
03-04-2025 14:00,14,0.052425665,0.167057903,0.185054773,0.460485133,0.123630673,0.011345853
03-04-2025 15:00,15,0.039906103,0.143192488,0.154147105,0.504303599,0.140062598,0.018388106
03-04-2025 16:00,16,0.041471049,0.121283255,0.148669797,0.511737089,0.157276995,0.019561815
03-04-2025 17:00,17,0.036776213,0.127543036,0.153364632,0.490610329,0.16627543,0.025039124
03-04-2025 18:00,18,0.045383412,0.160015649,0.175665102,0.460093897,0.142018779,0.016431925
03-04-2025 19:00,19,0.0614241,0.200704225,0.216744914,0.405320814,0.10172144,0.014084507
03-04-2025 20:00,20,0.096244131,0.254303599,0.246087637,0.327073552,0.064945227,0.011345853
03-04-2025 21:00,21,0.129890454,0.309859155,0.238654147,0.253912363,0.058685446,0.008607199
03-04-2025 22:00,22,0.143192488,0.329029734,0.223395931,0.231611894,0.064162754,0.008607199
03-04-2025 23:00,23,0.145539906,0.332550861,0.206181534,0.240610329,0.066510172,0.008607199
04-04-2025 00:00,0,0.143192488,0.323552426,0.205790297,0.246087637,0.068075117,0.012910798
04-04-2025 01:00,1,0.140453834,0.299687011,0.196400626,0.258607199,0.088028169,0.016823161
04-04-2025 02:00,2,0.131455399,0.299687011,0.198748044,0.25743349,0.092331768,0.019953052
04-04-2025 03:00,3,0.113067293,0.300469484,0.197965571,0.272300469,0.09428795,0.021517997
04-04-2025 04:00,4,0.106025039,0.291471049,0.207746479,0.274256651,0.099374022,0.021126761
04-04-2025 05:00,5,0.103286385,0.299295775,0.206964006,0.273474178,0.093505477,0.022691706
04-04-2025 06:00,6,0.089593114,0.3114241,0.218701095,0.270344288,0.08685446,0.023082942
04-04-2025 07:00,7,0.09741784,0.330203443,0.216353678,0.258215962,0.078638498,0.019170579
04-04-2025 08:00,8,0.122065728,0.362676056,0.20970266,0.222613459,0.069248826,0.013693271
04-04-2025 09:00,9,0.153364632,0.338028169,0.197574335,0.222222222,0.073552426,0.015258216
04-04-2025 10:00,10,0.156103286,0.297730829,0.207355243,0.249217527,0.075899844,0.012910798
04-04-2025 11:00,11,0.123239437,0.275039124,0.220657277,0.29342723,0.075117371,0.012519562
04-04-2025 12:00,12,0.098200313,0.248043818,0.205399061,0.347809077,0.087245696,0.012519562
04-04-2025 13:00,13,0.063771518,0.209311424,0.213223787,0.399843505,0.104068858,0.009780908
04-04-2025 14:00,14,0.052425665,0.167057903,0.185054773,0.460485133,0.123630673,0.011345853
04-04-2025 15:00,15,0.039906103,0.143192488,0.154147105,0.504303599,0.140062598,0.018388106
04-04-2025 16:00,16,0.041471049,0.121283255,0.148669797,0.511737089,0.157276995,0.019561815
04-04-2025 17:00,17,0.036776213,0.127543036,0.153364632,0.490610329,0.16627543,0.025039124
04-04-2025 18:00,18,0.045383412,0.160015649,0.175665102,0.460093897,0.142018779,0.016431925
04-04-2025 19:00,19,0.0614241,0.200704225,0.216744914,0.405320814,0.10172144,0.014084507
04-04-2025 20:00,20,0.096244131,0.254303599,0.246087637,0.327073552,0.064945227,0.011345853
04-04-2025 21:00,21,0.129890454,0.309859155,0.238654147,0.253912363,0.058685446,0.008607199
04-04-2025 22:00,22,0.143192488,0.329029734,0.223395931,0.231611894,0.064162754,0.008607199
04-04-2025 23:00,23,0.145539906,0.332550861,0.206181534,0.240610329,0.066510172,0.008607199
05-04-2025 00:00,0,0.143192488,0.323552426,0.205790297,0.246087637,0.068075117,0.012910798
05-04-2025 01:00,1,0.140453834,0.299687011,0.196400626,0.258607199,0.088028169,0.016823161
05-04-2025 02:00,2,0.131455399,0.299687011,0.198748044,0.25743349,0.092331768,0.019953052
05-04-2025 03:00,3,0.113067293,0.300469484,0.197965571,0.272300469,0.09428795,0.021517997
05-04-2025 04:00,4,0.106025039,0.291471049,0.207746479,0.274256651,0.099374022,0.021126761
05-04-2025 05:00,5,0.103286385,0.299295775,0.206964006,0.273474178,0.093505477,0.022691706
05-04-2025 06:00,6,0.089593114,0.3114241,0.218701095,0.270344288,0.08685446,0.023082942
05-04-2025 07:00,7,0.09741784,0.330203443,0.216353678,0.258215962,0.078638498,0.019170579
05-04-2025 08:00,8,0.122065728,0.362676056,0.20970266,0.222613459,0.069248826,0.013693271
05-04-2025 09:00,9,0.153364632,0.338028169,0.197574335,0.222222222,0.073552426,0.015258216
05-04-2025 10:00,10,0.156103286,0.297730829,0.207355243,0.249217527,0.075899844,0.012910798
05-04-2025 11:00,11,0.123239437,0.275039124,0.220657277,0.29342723,0.075117371,0.012519562
05-04-2025 12:00,12,0.098200313,0.248043818,0.205399061,0.347809077,0.087245696,0.012519562
05-04-2025 13:00,13,0.063771518,0.209311424,0.213223787,0.399843505,0.104068858,0.009780908
05-04-2025 14:00,14,0.052425665,0.167057903,0.185054773,0.460485133,0.123630673,0.011345853
05-04-2025 15:00,15,0.039906103,0.143192488,0.154147105,0.504303599,0.140062598,0.018388106
05-04-2025 16:00,16,0.041471049,0.121283255,0.148669797,0.511737089,0.157276995,0.019561815
05-04-2025 17:00,17,0.036776213,0.127543036,0.153364632,0.490610329,0.16627543,0.025039124
05-04-2025 18:00,18,0.045383412,0.160015649,0.175665102,0.460093897,0.142018779,0.016431925
05-04-2025 19:00,19,0.0614241,0.200704225,0.216744914,0.405320814,0.10172144,0.014084507
05-04-2025 20:00,20,0.096244131,0.254303599,0.246087637,0.327073552,0.064945227,0.011345853
05-04-2025 21:00,21,0.129890454,0.309859155,0.238654147,0.253912363,0.058685446,0.008607199
05-04-2025 22:00,22,0.143192488,0.329029734,0.223395931,0.231611894,0.064162754,0.008607199
05-04-2025 23:00,23,0.145539906,0.332550861,0.206181534,0.240610329,0.066510172,0.008607199
06-04-2025 00:00,0,0.143192488,0.323552426,0.205790297,0.246087637,0.068075117,0.012910798
06-04-2025 01:00,1,0.140453834,0.299687011,0.196400626,0.258607199,0.088028169,0.016823161
06-04-2025 02:00,2,0.131455399,0.299687011,0.198748044,0.25743349,0.092331768,0.019953052
06-04-2025 03:00,3,0.113067293,0.300469484,0.197965571,0.272300469,0.09428795,0.021517997
06-04-2025 04:00,4,0.106025039,0.291471049,0.207746479,0.274256651,0.099374022,0.021126761
06-04-2025 05:00,5,0.103286385,0.299295775,0.206964006,0.273474178,0.093505477,0.022691706
06-04-2025 06:00,6,0.089593114,0.3114241,0.218701095,0.270344288,0.08685446,0.023082942
06-04-2025 07:00,7,0.09741784,0.330203443,0.216353678,0.258215962,0.078638498,0.019170579
06-04-2025 08:00,8,0.122065728,0.362676056,0.20970266,0.222613459,0.069248826,0.013693271
06-04-2025 09:00,9,0.153364632,0.338028169,0.197574335,0.222222222,0.073552426,0.015258216
06-04-2025 10:00,10,0.156103286,0.297730829,0.207355243,0.249217527,0.075899844,0.012910798
06-04-2025 11:00,11,0.123239437,0.275039124,0.220657277,0.29342723,0.075117371,0.012519562
06-04-2025 12:00,12,0.098200313,0.248043818,0.205399061,0.347809077,0.087245696,0.012519562
06-04-2025 13:00,13,0.063771518,0.209311424,0.213223787,0.399843505,0.104068858,0.009780908
06-04-2025 14:00,14,0.052425665,0.167057903,0.185054773,0.460485133,0.123630673,0.011345853
06-04-2025 15:00,15,0.039906103,0.143192488,0.154147105,0.504303599,0.140062598,0.018388106
06-04-2025 16:00,16,0.041471049,0.121283255,0.148669797,0.511737089,0.157276995,0.019561815
06-04-2025 17:00,17,0.036776213,0.127543036,0.153364632,0.490610329,0.16627543,0.025039124
06-04-2025 18:00,18,0.045383412,0.160015649,0.175665102,0.460093897,0.142018779,0.016431925
06-04-2025 19:00,19,0.0614241,0.200704225,0.216744914,0.405320814,0.10172144,0.014084507
06-04-2025 20:00,20,0.096244131,0.254303599,0.246087637,0.327073552,0.064945227,0.011345853
06-04-2025 21:00,21,0.129890454,0.309859155,0.238654147,0.253912363,0.058685446,0.008607199
06-04-2025 22:00,22,0.143192488,0.329029734,0.223395931,0.231611894,0.064162754,0.008607199
06-04-2025 23:00,23,0.145539906,0.332550861,0.206181534,0.240610329,0.066510172,0.008607199
07-04-2025 00:00,0,0.143192488,0.323552426,0.205790297,0.246087637,0.068075117,0.012910798
07-04-2025 01:00,1,0.140453834,0.299687011,0.196400626,0.258607199,0.088028169,0.016823161
07-04-2025 02:00,2,0.131455399,0.299687011,0.198748044,0.25743349,0.092331768,0.019953052
07-04-2025 03:00,3,0.113067293,0.300469484,0.197965571,0.272300469,0.09428795,0.021517997
07-04-2025 04:00,4,0.106025039,0.291471049,0.207746479,0.274256651,0.099374022,0.021126761
07-04-2025 05:00,5,0.103286385,0.299295775,0.206964006,0.273474178,0.093505477,0.022691706
07-04-2025 06:00,6,0.089593114,0.3114241,0.218701095,0.270344288,0.08685446,0.023082942
07-04-2025 07:00,7,0.09741784,0.330203443,0.216353678,0.258215962,0.078638498,0.019170579
07-04-2025 08:00,8,0.122065728,0.362676056,0.20970266,0.222613459,0.069248826,0.013693271
07-04-2025 09:00,9,0.153364632,0.338028169,0.197574335,0.222222222,0.073552426,0.015258216
07-04-2025 10:00,10,0.156103286,0.297730829,0.207355243,0.249217527,0.075899844,0.012910798
07-04-2025 11:00,11,0.123239437,0.275039124,0.220657277,0.29342723,0.075117371,0.012519562
07-04-2025 12:00,12,0.098200313,0.248043818,0.205399061,0.347809077,0.087245696,0.012519562
07-04-2025 13:00,13,0.063771518,0.209311424,0.213223787,0.399843505,0.104068858,0.009780908
07-04-2025 14:00,14,0.052425665,0.167057903,0.185054773,0.460485133,0.123630673,0.011345853
07-04-2025 15:00,15,0.039906103,0.143192488,0.154147105,0.504303599,0.140062598,0.018388106
07-04-2025 16:00,16,0.041471049,0.121283255,0.148669797,0.511737089,0.157276995,0.019561815
07-04-2025 17:00,17,0.036776213,0.127543036,0.153364632,0.490610329,0.16627543,0.025039124
07-04-2025 18:00,18,0.045383412,0.160015649,0.175665102,0.460093897,0.142018779,0.016431925
07-04-2025 19:00,19,0.0614241,0.200704225,0.216744914,0.405320814,0.10172144,0.014084507
07-04-2025 20:00,20,0.096244131,0.254303599,0.246087637,0.327073552,0.064945227,0.011345853
07-04-2025 21:00,21,0.129890454,0.309859155,0.238654147,0.253912363,0.058685446,0.008607199
07-04-2025 22:00,22,0.143192488,0.329029734,0.223395931,0.231611894,0.064162754,0.008607199
07-04-2025 23:00,23,0.145539906,0.332550861,0.206181534,0.240610329,0.066510172,0.008607199
08-04-2025 00:00,0,0.143192488,0.323552426,0.205790297,0.246087637,0.068075117,0.012910798
08-04-2025 01:00,1,0.140453834,0.299687011,0.196400626,0.258607199,0.088028169,0.016823161
08-04-2025 02:00,2,0.131455399,0.299687011,0.198748044,0.25743349,0.092331768,0.019953052
08-04-2025 03:00,3,0.113067293,0.300469484,0.197965571,0.272300469,0.09428795,0.021517997
08-04-2025 04:00,4,0.106025039,0.291471049,0.207746479,0.274256651,0.099374022,0.021126761
08-04-2025 05:00,5,0.103286385,0.299295775,0.206964006,0.273474178,0.093505477,0.022691706
08-04-2025 06:00,6,0.089593114,0.3114241,0.218701095,0.270344288,0.08685446,0.023082942
08-04-2025 07:00,7,0.09741784,0.330203443,0.216353678,0.258215962,0.078638498,0.019170579
08-04-2025 08:00,8,0.122065728,0.362676056,0.20970266,0.222613459,0.069248826,0.013693271
08-04-2025 09:00,9,0.153364632,0.338028169,0.197574335,0.222222222,0.073552426,0.015258216
08-04-2025 10:00,10,0.156103286,0.297730829,0.207355243,0.249217527,0.075899844,0.012910798
08-04-2025 11:00,11,0.123239437,0.275039124,0.220657277,0.29342723,0.075117371,0.012519562
08-04-2025 12:00,12,0.098200313,0.248043818,0.205399061,0.347809077,0.087245696,0.012519562
08-04-2025 13:00,13,0.063771518,0.209311424,0.213223787,0.399843505,0.104068858,0.009780908
08-04-2025 14:00,14,0.052425665,0.167057903,0.185054773,0.460485133,0.123630673,0.011345853
08-04-2025 15:00,15,0.039906103,0.143192488,0.154147105,0.504303599,0.140062598,0.018388106
08-04-2025 16:00,16,0.041471049,0.121283255,0.148669797,0.511737089,0.157276995,0.019561815
08-04-2025 17:00,17,0.036776213,0.127543036,0.153364632,0.490610329,0.16627543,0.025039124
08-04-2025 18:00,18,0.045383412,0.160015649,0.175665102,0.460093897,0.142018779,0.016431925
08-04-2025 19:00,19,0.0614241,0.200704225,0.216744914,0.405320814,0.10172144,0.014084507
08-04-2025 20:00,20,0.096244131,0.254303599,0.246087637,0.327073552,0.064945227,0.011345853
08-04-2025 21:00,21,0.129890454,0.309859155,0.238654147,0.253912363,0.058685446,0.008607199
08-04-2025 22:00,22,0.143192488,0.329029734,0.223395931,0.231611894,0.064162754,0.008607199
08-04-2025 23:00,23,0.145539906,0.332550861,0.206181534,0.240610329,0.066510172,0.008607199
09-04-2025 00:00,0,0.143192488,0.323552426,0.205790297,0.246087637,0.068075117,0.012910798
09-04-2025 01:00,1,0.140453834,0.299687011,0.196400626,0.258607199,0.088028169,0.016823161
09-04-2025 02:00,2,0.131455399,0.299687011,0.198748044,0.25743349,0.092331768,0.019953052
09-04-2025 03:00,3,0.113067293,0.300469484,0.197965571,0.272300469,0.09428795,0.021517997
09-04-2025 04:00,4,0.106025039,0.291471049,0.207746479,0.274256651,0.099374022,0.021126761
09-04-2025 05:00,5,0.103286385,0.299295775,0.206964006,0.273474178,0.093505477,0.022691706
09-04-2025 06:00,6,0.089593114,0.3114241,0.218701095,0.270344288,0.08685446,0.023082942
09-04-2025 07:00,7,0.09741784,0.330203443,0.216353678,0.258215962,0.078638498,0.019170579
09-04-2025 08:00,8,0.122065728,0.362676056,0.20970266,0.222613459,0.069248826,0.013693271
09-04-2025 09:00,9,0.153364632,0.338028169,0.197574335,0.222222222,0.073552426,0.015258216
09-04-2025 10:00,10,0.156103286,0.297730829,0.207355243,0.249217527,0.075899844,0.012910798
09-04-2025 11:00,11,0.123239437,0.275039124,0.220657277,0.29342723,0.075117371,0.012519562
09-04-2025 12:00,12,0.098200313,0.248043818,0.205399061,0.347809077,0.087245696,0.012519562
09-04-2025 13:00,13,0.063771518,0.209311424,0.213223787,0.399843505,0.104068858,0.009780908
09-04-2025 14:00,14,0.052425665,0.167057903,0.185054773,0.460485133,0.123630673,0.011345853
09-04-2025 15:00,15,0.039906103,0.143192488,0.154147105,0.504303599,0.140062598,0.018388106
09-04-2025 16:00,16,0.041471049,0.121283255,0.148669797,0.511737089,0.157276995,0.019561815
09-04-2025 17:00,17,0.036776213,0.127543036,0.153364632,0.490610329,0.16627543,0.025039124
09-04-2025 18:00,18,0.045383412,0.160015649,0.175665102,0.460093897,0.142018779,0.016431925
09-04-2025 19:00,19,0.0614241,0.200704225,0.216744914,0.405320814,0.10172144,0.014084507
09-04-2025 20:00,20,0.096244131,0.254303599,0.246087637,0.327073552,0.064945227,0.011345853
09-04-2025 21:00,21,0.129890454,0.309859155,0.238654147,0.253912363,0.058685446,0.008607199
09-04-2025 22:00,22,0.143192488,0.329029734,0.223395931,0.231611894,0.064162754,0.008607199
09-04-2025 23:00,23,0.145539906,0.332550861,0.206181534,0.240610329,0.066510172,0.008607199
10-04-2025 00:00,0,0.143192488,0.323552426,0.205790297,0.246087637,0.068075117,0.012910798
10-04-2025 01:00,1,0.140453834,0.299687011,0.196400626,0.258607199,0.088028169,0.016823161
10-04-2025 02:00,2,0.131455399,0.299687011,0.198748044,0.25743349,0.092331768,0.019953052
10-04-2025 03:00,3,0.113067293,0.300469484,0.197965571,0.272300469,0.09428795,0.021517997
10-04-2025 04:00,4,0.106025039,0.291471049,0.207746479,0.274256651,0.099374022,0.021126761
10-04-2025 05:00,5,0.103286385,0.299295775,0.206964006,0.273474178,0.093505477,0.022691706
10-04-2025 06:00,6,0.089593114,0.3114241,0.218701095,0.270344288,0.08685446,0.023082942
10-04-2025 07:00,7,0.09741784,0.330203443,0.216353678,0.258215962,0.078638498,0.019170579
10-04-2025 08:00,8,0.122065728,0.362676056,0.20970266,0.222613459,0.069248826,0.013693271
10-04-2025 09:00,9,0.153364632,0.338028169,0.197574335,0.222222222,0.073552426,0.015258216
10-04-2025 10:00,10,0.156103286,0.297730829,0.207355243,0.249217527,0.075899844,0.012910798
10-04-2025 11:00,11,0.123239437,0.275039124,0.220657277,0.29342723,0.075117371,0.012519562
10-04-2025 12:00,12,0.098200313,0.248043818,0.205399061,0.347809077,0.087245696,0.012519562
10-04-2025 13:00,13,0.063771518,0.209311424,0.213223787,0.399843505,0.104068858,0.009780908
10-04-2025 14:00,14,0.052425665,0.167057903,0.185054773,0.460485133,0.123630673,0.011345853
10-04-2025 15:00,15,0.039906103,0.143192488,0.154147105,0.504303599,0.140062598,0.018388106
10-04-2025 16:00,16,0.041471049,0.121283255,0.148669797,0.511737089,0.157276995,0.019561815
10-04-2025 17:00,17,0.036776213,0.127543036,0.153364632,0.490610329,0.16627543,0.025039124
10-04-2025 18:00,18,0.045383412,0.160015649,0.175665102,0.460093897,0.142018779,0.016431925
10-04-2025 19:00,19,0.0614241,0.200704225,0.216744914,0.405320814,0.10172144,0.014084507
10-04-2025 20:00,20,0.096244131,0.254303599,0.246087637,0.327073552,0.064945227,0.011345853
10-04-2025 21:00,21,0.129890454,0.309859155,0.238654147,0.253912363,0.058685446,0.008607199
10-04-2025 22:00,22,0.143192488,0.329029734,0.223395931,0.231611894,0.064162754,0.008607199
10-04-2025 23:00,23,0.145539906,0.332550861,0.206181534,0.240610329,0.066510172,0.008607199
11-04-2025 00:00,0,0.143192488,0.323552426,0.205790297,0.246087637,0.068075117,0.012910798
11-04-2025 01:00,1,0.140453834,0.299687011,0.196400626,0.258607199,0.088028169,0.016823161
11-04-2025 02:00,2,0.131455399,0.299687011,0.198748044,0.25743349,0.092331768,0.019953052
11-04-2025 03:00,3,0.113067293,0.300469484,0.197965571,0.272300469,0.09428795,0.021517997
11-04-2025 04:00,4,0.106025039,0.291471049,0.207746479,0.274256651,0.099374022,0.021126761
11-04-2025 05:00,5,0.103286385,0.299295775,0.206964006,0.273474178,0.093505477,0.022691706
11-04-2025 06:00,6,0.089593114,0.3114241,0.218701095,0.270344288,0.08685446,0.023082942
11-04-2025 07:00,7,0.09741784,0.330203443,0.216353678,0.258215962,0.078638498,0.019170579
11-04-2025 08:00,8,0.122065728,0.362676056,0.20970266,0.222613459,0.069248826,0.013693271
11-04-2025 09:00,9,0.153364632,0.338028169,0.197574335,0.222222222,0.073552426,0.015258216
11-04-2025 10:00,10,0.156103286,0.297730829,0.207355243,0.249217527,0.075899844,0.012910798
11-04-2025 11:00,11,0.123239437,0.275039124,0.220657277,0.29342723,0.075117371,0.012519562
11-04-2025 12:00,12,0.098200313,0.248043818,0.205399061,0.347809077,0.087245696,0.012519562
11-04-2025 13:00,13,0.063771518,0.209311424,0.213223787,0.399843505,0.104068858,0.009780908
11-04-2025 14:00,14,0.052425665,0.167057903,0.185054773,0.460485133,0.123630673,0.011345853
11-04-2025 15:00,15,0.039906103,0.143192488,0.154147105,0.504303599,0.140062598,0.018388106
11-04-2025 16:00,16,0.041471049,0.121283255,0.148669797,0.511737089,0.157276995,0.019561815
11-04-2025 17:00,17,0.036776213,0.127543036,0.153364632,0.490610329,0.16627543,0.025039124
11-04-2025 18:00,18,0.045383412,0.160015649,0.175665102,0.460093897,0.142018779,0.016431925
11-04-2025 19:00,19,0.0614241,0.200704225,0.216744914,0.405320814,0.10172144,0.014084507
11-04-2025 20:00,20,0.096244131,0.254303599,0.246087637,0.327073552,0.064945227,0.011345853
11-04-2025 21:00,21,0.129890454,0.309859155,0.238654147,0.253912363,0.058685446,0.008607199
11-04-2025 22:00,22,0.143192488,0.329029734,0.223395931,0.231611894,0.064162754,0.008607199
11-04-2025 23:00,23,0.145539906,0.332550861,0.206181534,0.240610329,0.066510172,0.008607199
12-04-2025 00:00,0,0.143192488,0.323552426,0.205790297,0.246087637,0.068075117,0.012910798
12-04-2025 01:00,1,0.140453834,0.299687011,0.196400626,0.258607199,0.088028169,0.016823161
12-04-2025 02:00,2,0.131455399,0.299687011,0.198748044,0.25743349,0.092331768,0.019953052
12-04-2025 03:00,3,0.113067293,0.300469484,0.197965571,0.272300469,0.09428795,0.021517997
12-04-2025 04:00,4,0.106025039,0.291471049,0.207746479,0.274256651,0.099374022,0.021126761
12-04-2025 05:00,5,0.103286385,0.299295775,0.206964006,0.273474178,0.093505477,0.022691706
12-04-2025 06:00,6,0.089593114,0.3114241,0.218701095,0.270344288,0.08685446,0.023082942
12-04-2025 07:00,7,0.09741784,0.330203443,0.216353678,0.258215962,0.078638498,0.019170579
12-04-2025 08:00,8,0.122065728,0.362676056,0.20970266,0.222613459,0.069248826,0.013693271
12-04-2025 09:00,9,0.153364632,0.338028169,0.197574335,0.222222222,0.073552426,0.015258216
12-04-2025 10:00,10,0.156103286,0.297730829,0.207355243,0.249217527,0.075899844,0.012910798
12-04-2025 11:00,11,0.123239437,0.275039124,0.220657277,0.29342723,0.075117371,0.012519562
12-04-2025 12:00,12,0.098200313,0.248043818,0.205399061,0.347809077,0.087245696,0.012519562
12-04-2025 13:00,13,0.063771518,0.209311424,0.213223787,0.399843505,0.104068858,0.009780908
12-04-2025 14:00,14,0.052425665,0.167057903,0.185054773,0.460485133,0.123630673,0.011345853
12-04-2025 15:00,15,0.039906103,0.143192488,0.154147105,0.504303599,0.140062598,0.018388106
12-04-2025 16:00,16,0.041471049,0.121283255,0.148669797,0.511737089,0.157276995,0.019561815
12-04-2025 17:00,17,0.036776213,0.127543036,0.153364632,0.490610329,0.16627543,0.025039124
12-04-2025 18:00,18,0.045383412,0.160015649,0.175665102,0.460093897,0.142018779,0.016431925
12-04-2025 19:00,19,0.0614241,0.200704225,0.216744914,0.405320814,0.10172144,0.014084507
12-04-2025 20:00,20,0.096244131,0.254303599,0.246087637,0.327073552,0.064945227,0.011345853
12-04-2025 21:00,21,0.129890454,0.309859155,0.238654147,0.253912363,0.058685446,0.008607199
12-04-2025 22:00,22,0.143192488,0.329029734,0.223395931,0.231611894,0.064162754,0.008607199
12-04-2025 23:00,23,0.145539906,0.332550861,0.206181534,0.240610329,0.066510172,0.008607199
13-04-2025 00:00,0,0.143192488,0.323552426,0.205790297,0.246087637,0.068075117,0.012910798
13-04-2025 01:00,1,0.140453834,0.299687011,0.196400626,0.258607199,0.088028169,0.016823161
13-04-2025 02:00,2,0.131455399,0.299687011,0.198748044,0.25743349,0.092331768,0.019953052
13-04-2025 03:00,3,0.113067293,0.300469484,0.197965571,0.272300469,0.09428795,0.021517997
13-04-2025 04:00,4,0.106025039,0.291471049,0.207746479,0.274256651,0.099374022,0.021126761
13-04-2025 05:00,5,0.103286385,0.299295775,0.206964006,0.273474178,0.093505477,0.022691706
13-04-2025 06:00,6,0.089593114,0.3114241,0.218701095,0.270344288,0.08685446,0.023082942
13-04-2025 07:00,7,0.09741784,0.330203443,0.216353678,0.258215962,0.078638498,0.019170579
13-04-2025 08:00,8,0.122065728,0.362676056,0.20970266,0.222613459,0.069248826,0.013693271
13-04-2025 09:00,9,0.153364632,0.338028169,0.197574335,0.222222222,0.073552426,0.015258216
13-04-2025 10:00,10,0.156103286,0.297730829,0.207355243,0.249217527,0.075899844,0.012910798
13-04-2025 11:00,11,0.123239437,0.275039124,0.220657277,0.29342723,0.075117371,0.012519562
13-04-2025 12:00,12,0.098200313,0.248043818,0.205399061,0.347809077,0.087245696,0.012519562
13-04-2025 13:00,13,0.063771518,0.209311424,0.213223787,0.399843505,0.104068858,0.009780908
13-04-2025 14:00,14,0.052425665,0.167057903,0.185054773,0.460485133,0.123630673,0.011345853
13-04-2025 15:00,15,0.039906103,0.143192488,0.154147105,0.504303599,0.140062598,0.018388106
13-04-2025 16:00,16,0.041471049,0.121283255,0.148669797,0.511737089,0.157276995,0.019561815
13-04-2025 17:00,17,0.036776213,0.127543036,0.153364632,0.490610329,0.16627543,0.025039124
13-04-2025 18:00,18,0.045383412,0.160015649,0.175665102,0.460093897,0.142018779,0.016431925
13-04-2025 19:00,19,0.0614241,0.200704225,0.216744914,0.405320814,0.10172144,0.014084507
13-04-2025 20:00,20,0.096244131,0.254303599,0.246087637,0.327073552,0.064945227,0.011345853
13-04-2025 21:00,21,0.129890454,0.309859155,0.238654147,0.253912363,0.058685446,0.008607199
13-04-2025 22:00,22,0.143192488,0.329029734,0.223395931,0.231611894,0.064162754,0.008607199
13-04-2025 23:00,23,0.145539906,0.332550861,0.206181534,0.240610329,0.066510172,0.008607199
14-04-2025 00:00,0,0.143192488,0.323552426,0.205790297,0.246087637,0.068075117,0.012910798
14-04-2025 01:00,1,0.140453834,0.299687011,0.196400626,0.258607199,0.088028169,0.016823161
14-04-2025 02:00,2,0.131455399,0.299687011,0.198748044,0.25743349,0.092331768,0.019953052
14-04-2025 03:00,3,0.113067293,0.300469484,0.197965571,0.272300469,0.09428795,0.021517997
14-04-2025 04:00,4,0.106025039,0.291471049,0.207746479,0.274256651,0.099374022,0.021126761
14-04-2025 05:00,5,0.103286385,0.299295775,0.206964006,0.273474178,0.093505477,0.022691706
14-04-2025 06:00,6,0.089593114,0.3114241,0.218701095,0.270344288,0.08685446,0.023082942
14-04-2025 07:00,7,0.09741784,0.330203443,0.216353678,0.258215962,0.078638498,0.019170579
14-04-2025 08:00,8,0.122065728,0.362676056,0.20970266,0.222613459,0.069248826,0.013693271
14-04-2025 09:00,9,0.153364632,0.338028169,0.197574335,0.222222222,0.073552426,0.015258216
14-04-2025 10:00,10,0.156103286,0.297730829,0.207355243,0.249217527,0.075899844,0.012910798
14-04-2025 11:00,11,0.123239437,0.275039124,0.220657277,0.29342723,0.075117371,0.012519562
14-04-2025 12:00,12,0.098200313,0.248043818,0.205399061,0.347809077,0.087245696,0.012519562
14-04-2025 13:00,13,0.063771518,0.209311424,0.213223787,0.399843505,0.104068858,0.009780908
14-04-2025 14:00,14,0.052425665,0.167057903,0.185054773,0.460485133,0.123630673,0.011345853
14-04-2025 15:00,15,0.039906103,0.143192488,0.154147105,0.504303599,0.140062598,0.018388106
14-04-2025 16:00,16,0.041471049,0.121283255,0.148669797,0.511737089,0.157276995,0.019561815
14-04-2025 17:00,17,0.036776213,0.127543036,0.153364632,0.490610329,0.16627543,0.025039124
14-04-2025 18:00,18,0.045383412,0.160015649,0.175665102,0.460093897,0.142018779,0.016431925
14-04-2025 19:00,19,0.0614241,0.200704225,0.216744914,0.405320814,0.10172144,0.014084507
14-04-2025 20:00,20,0.096244131,0.254303599,0.246087637,0.327073552,0.064945227,0.011345853
14-04-2025 21:00,21,0.129890454,0.309859155,0.238654147,0.253912363,0.058685446,0.008607199
14-04-2025 22:00,22,0.143192488,0.329029734,0.223395931,0.231611894,0.064162754,0.008607199
14-04-2025 23:00,23,0.145539906,0.332550861,0.206181534,0.240610329,0.066510172,0.008607199
15-04-2025 00:00,0,0.143192488,0.323552426,0.205790297,0.246087637,0.068075117,0.012910798
15-04-2025 01:00,1,0.140453834,0.299687011,0.196400626,0.258607199,0.088028169,0.016823161
15-04-2025 02:00,2,0.131455399,0.299687011,0.198748044,0.25743349,0.092331768,0.019953052
15-04-2025 03:00,3,0.113067293,0.300469484,0.197965571,0.272300469,0.09428795,0.021517997
15-04-2025 04:00,4,0.106025039,0.291471049,0.207746479,0.274256651,0.099374022,0.021126761
15-04-2025 05:00,5,0.103286385,0.299295775,0.206964006,0.273474178,0.093505477,0.022691706
15-04-2025 06:00,6,0.089593114,0.3114241,0.218701095,0.270344288,0.08685446,0.023082942
15-04-2025 07:00,7,0.09741784,0.330203443,0.216353678,0.258215962,0.078638498,0.019170579
15-04-2025 08:00,8,0.122065728,0.362676056,0.20970266,0.222613459,0.069248826,0.013693271
15-04-2025 09:00,9,0.153364632,0.338028169,0.197574335,0.222222222,0.073552426,0.015258216
15-04-2025 10:00,10,0.156103286,0.297730829,0.207355243,0.249217527,0.075899844,0.012910798
15-04-2025 11:00,11,0.123239437,0.275039124,0.220657277,0.29342723,0.075117371,0.012519562
15-04-2025 12:00,12,0.098200313,0.248043818,0.205399061,0.347809077,0.087245696,0.012519562
15-04-2025 13:00,13,0.063771518,0.209311424,0.213223787,0.399843505,0.104068858,0.009780908
15-04-2025 14:00,14,0.052425665,0.167057903,0.185054773,0.460485133,0.123630673,0.011345853
15-04-2025 15:00,15,0.039906103,0.143192488,0.154147105,0.504303599,0.140062598,0.018388106
15-04-2025 16:00,16,0.041471049,0.121283255,0.148669797,0.511737089,0.157276995,0.019561815
15-04-2025 17:00,17,0.036776213,0.127543036,0.153364632,0.490610329,0.16627543,0.025039124
15-04-2025 18:00,18,0.045383412,0.160015649,0.175665102,0.460093897,0.142018779,0.016431925
15-04-2025 19:00,19,0.0614241,0.200704225,0.216744914,0.405320814,0.10172144,0.014084507
15-04-2025 20:00,20,0.096244131,0.254303599,0.246087637,0.327073552,0.064945227,0.011345853
15-04-2025 21:00,21,0.129890454,0.309859155,0.238654147,0.253912363,0.058685446,0.008607199
15-04-2025 22:00,22,0.143192488,0.329029734,0.223395931,0.231611894,0.064162754,0.008607199
15-04-2025 23:00,23,0.145539906,0.332550861,0.206181534,0.240610329,0.066510172,0.008607199
16-04-2025 00:00,0,0.143192488,0.323552426,0.205790297,0.246087637,0.068075117,0.012910798
16-04-2025 01:00,1,0.140453834,0.299687011,0.196400626,0.258607199,0.088028169,0.016823161
16-04-2025 02:00,2,0.131455399,0.299687011,0.198748044,0.25743349,0.092331768,0.019953052
16-04-2025 03:00,3,0.113067293,0.300469484,0.197965571,0.272300469,0.09428795,0.021517997
16-04-2025 04:00,4,0.106025039,0.291471049,0.207746479,0.274256651,0.099374022,0.021126761
16-04-2025 05:00,5,0.103286385,0.299295775,0.206964006,0.273474178,0.093505477,0.022691706
16-04-2025 06:00,6,0.089593114,0.3114241,0.218701095,0.270344288,0.08685446,0.023082942
16-04-2025 07:00,7,0.09741784,0.330203443,0.216353678,0.258215962,0.078638498,0.019170579
16-04-2025 08:00,8,0.122065728,0.362676056,0.20970266,0.222613459,0.069248826,0.013693271
16-04-2025 09:00,9,0.153364632,0.338028169,0.197574335,0.222222222,0.073552426,0.015258216
16-04-2025 10:00,10,0.156103286,0.297730829,0.207355243,0.249217527,0.075899844,0.012910798
16-04-2025 11:00,11,0.123239437,0.275039124,0.220657277,0.29342723,0.075117371,0.012519562
16-04-2025 12:00,12,0.098200313,0.248043818,0.205399061,0.347809077,0.087245696,0.012519562
16-04-2025 13:00,13,0.063771518,0.209311424,0.213223787,0.399843505,0.104068858,0.009780908
16-04-2025 14:00,14,0.052425665,0.167057903,0.185054773,0.460485133,0.123630673,0.011345853
16-04-2025 15:00,15,0.039906103,0.143192488,0.154147105,0.504303599,0.140062598,0.018388106
16-04-2025 16:00,16,0.041471049,0.121283255,0.148669797,0.511737089,0.157276995,0.019561815
16-04-2025 17:00,17,0.036776213,0.127543036,0.153364632,0.490610329,0.16627543,0.025039124
16-04-2025 18:00,18,0.045383412,0.160015649,0.175665102,0.460093897,0.142018779,0.016431925
16-04-2025 19:00,19,0.0614241,0.200704225,0.216744914,0.405320814,0.10172144,0.014084507
16-04-2025 20:00,20,0.096244131,0.254303599,0.246087637,0.327073552,0.064945227,0.011345853
16-04-2025 21:00,21,0.129890454,0.309859155,0.238654147,0.253912363,0.058685446,0.008607199
16-04-2025 22:00,22,0.143192488,0.329029734,0.223395931,0.231611894,0.064162754,0.008607199
16-04-2025 23:00,23,0.145539906,0.332550861,0.206181534,0.240610329,0.066510172,0.008607199
17-04-2025 00:00,0,0.143192488,0.323552426,0.205790297,0.246087637,0.068075117,0.012910798
17-04-2025 01:00,1,0.140453834,0.299687011,0.196400626,0.258607199,0.088028169,0.016823161
17-04-2025 02:00,2,0.131455399,0.299687011,0.198748044,0.25743349,0.092331768,0.019953052
17-04-2025 03:00,3,0.113067293,0.300469484,0.197965571,0.272300469,0.09428795,0.021517997
17-04-2025 04:00,4,0.106025039,0.291471049,0.207746479,0.274256651,0.099374022,0.021126761
17-04-2025 05:00,5,0.103286385,0.299295775,0.206964006,0.273474178,0.093505477,0.022691706
17-04-2025 06:00,6,0.089593114,0.3114241,0.218701095,0.270344288,0.08685446,0.023082942
17-04-2025 07:00,7,0.09741784,0.330203443,0.216353678,0.258215962,0.078638498,0.019170579
17-04-2025 08:00,8,0.122065728,0.362676056,0.20970266,0.222613459,0.069248826,0.013693271
17-04-2025 09:00,9,0.153364632,0.338028169,0.197574335,0.222222222,0.073552426,0.015258216
17-04-2025 10:00,10,0.156103286,0.297730829,0.207355243,0.249217527,0.075899844,0.012910798
17-04-2025 11:00,11,0.123239437,0.275039124,0.220657277,0.29342723,0.075117371,0.012519562
17-04-2025 12:00,12,0.098200313,0.248043818,0.205399061,0.347809077,0.087245696,0.012519562
17-04-2025 13:00,13,0.063771518,0.209311424,0.213223787,0.399843505,0.104068858,0.009780908
17-04-2025 14:00,14,0.052425665,0.167057903,0.185054773,0.460485133,0.123630673,0.011345853
17-04-2025 15:00,15,0.039906103,0.143192488,0.154147105,0.504303599,0.140062598,0.018388106
17-04-2025 16:00,16,0.041471049,0.121283255,0.148669797,0.511737089,0.157276995,0.019561815
17-04-2025 17:00,17,0.036776213,0.127543036,0.153364632,0.490610329,0.16627543,0.025039124
17-04-2025 18:00,18,0.045383412,0.160015649,0.175665102,0.460093897,0.142018779,0.016431925
17-04-2025 19:00,19,0.0614241,0.200704225,0.216744914,0.405320814,0.10172144,0.014084507
17-04-2025 20:00,20,0.096244131,0.254303599,0.246087637,0.327073552,0.064945227,0.011345853
17-04-2025 21:00,21,0.129890454,0.309859155,0.238654147,0.253912363,0.058685446,0.008607199
17-04-2025 22:00,22,0.143192488,0.329029734,0.223395931,0.231611894,0.064162754,0.008607199
17-04-2025 23:00,23,0.145539906,0.332550861,0.206181534,0.240610329,0.066510172,0.008607199
18-04-2025 00:00,0,0.143192488,0.323552426,0.205790297,0.246087637,0.068075117,0.012910798
18-04-2025 01:00,1,0.140453834,0.299687011,0.196400626,0.258607199,0.088028169,0.016823161
18-04-2025 02:00,2,0.131455399,0.299687011,0.198748044,0.25743349,0.092331768,0.019953052
18-04-2025 03:00,3,0.113067293,0.300469484,0.197965571,0.272300469,0.09428795,0.021517997
18-04-2025 04:00,4,0.106025039,0.291471049,0.207746479,0.274256651,0.099374022,0.021126761
18-04-2025 05:00,5,0.103286385,0.299295775,0.206964006,0.273474178,0.093505477,0.022691706
18-04-2025 06:00,6,0.089593114,0.3114241,0.218701095,0.270344288,0.08685446,0.023082942
18-04-2025 07:00,7,0.09741784,0.330203443,0.216353678,0.258215962,0.078638498,0.019170579
18-04-2025 08:00,8,0.122065728,0.362676056,0.20970266,0.222613459,0.069248826,0.013693271
18-04-2025 09:00,9,0.153364632,0.338028169,0.197574335,0.222222222,0.073552426,0.015258216
18-04-2025 10:00,10,0.156103286,0.297730829,0.207355243,0.249217527,0.075899844,0.012910798
18-04-2025 11:00,11,0.123239437,0.275039124,0.220657277,0.29342723,0.075117371,0.012519562
18-04-2025 12:00,12,0.098200313,0.248043818,0.205399061,0.347809077,0.087245696,0.012519562
18-04-2025 13:00,13,0.063771518,0.209311424,0.213223787,0.399843505,0.104068858,0.009780908
18-04-2025 14:00,14,0.052425665,0.167057903,0.185054773,0.460485133,0.123630673,0.011345853
18-04-2025 15:00,15,0.039906103,0.143192488,0.154147105,0.504303599,0.140062598,0.018388106
18-04-2025 16:00,16,0.041471049,0.121283255,0.148669797,0.511737089,0.157276995,0.019561815
18-04-2025 17:00,17,0.036776213,0.127543036,0.153364632,0.490610329,0.16627543,0.025039124
18-04-2025 18:00,18,0.045383412,0.160015649,0.175665102,0.460093897,0.142018779,0.016431925
18-04-2025 19:00,19,0.0614241,0.200704225,0.216744914,0.405320814,0.10172144,0.014084507
18-04-2025 20:00,20,0.096244131,0.254303599,0.246087637,0.327073552,0.064945227,0.011345853
18-04-2025 21:00,21,0.129890454,0.309859155,0.238654147,0.253912363,0.058685446,0.008607199
18-04-2025 22:00,22,0.143192488,0.329029734,0.223395931,0.231611894,0.064162754,0.008607199
18-04-2025 23:00,23,0.145539906,0.332550861,0.206181534,0.240610329,0.066510172,0.008607199
19-04-2025 00:00,0,0.143192488,0.323552426,0.205790297,0.246087637,0.068075117,0.012910798
19-04-2025 01:00,1,0.140453834,0.299687011,0.196400626,0.258607199,0.088028169,0.016823161
19-04-2025 02:00,2,0.131455399,0.299687011,0.198748044,0.25743349,0.092331768,0.019953052
19-04-2025 03:00,3,0.113067293,0.300469484,0.197965571,0.272300469,0.09428795,0.021517997
19-04-2025 04:00,4,0.106025039,0.291471049,0.207746479,0.274256651,0.099374022,0.021126761
19-04-2025 05:00,5,0.103286385,0.299295775,0.206964006,0.273474178,0.093505477,0.022691706
19-04-2025 06:00,6,0.089593114,0.3114241,0.218701095,0.270344288,0.08685446,0.023082942
19-04-2025 07:00,7,0.09741784,0.330203443,0.216353678,0.258215962,0.078638498,0.019170579
19-04-2025 08:00,8,0.122065728,0.362676056,0.20970266,0.222613459,0.069248826,0.013693271
19-04-2025 09:00,9,0.153364632,0.338028169,0.197574335,0.222222222,0.073552426,0.015258216
19-04-2025 10:00,10,0.156103286,0.297730829,0.207355243,0.249217527,0.075899844,0.012910798
19-04-2025 11:00,11,0.123239437,0.275039124,0.220657277,0.29342723,0.075117371,0.012519562
19-04-2025 12:00,12,0.098200313,0.248043818,0.205399061,0.347809077,0.087245696,0.012519562
19-04-2025 13:00,13,0.063771518,0.209311424,0.213223787,0.399843505,0.104068858,0.009780908
19-04-2025 14:00,14,0.052425665,0.167057903,0.185054773,0.460485133,0.123630673,0.011345853
19-04-2025 15:00,15,0.039906103,0.143192488,0.154147105,0.504303599,0.140062598,0.018388106
19-04-2025 16:00,16,0.041471049,0.121283255,0.148669797,0.511737089,0.157276995,0.019561815
19-04-2025 17:00,17,0.036776213,0.127543036,0.153364632,0.490610329,0.16627543,0.025039124
19-04-2025 18:00,18,0.045383412,0.160015649,0.175665102,0.460093897,0.142018779,0.016431925
19-04-2025 19:00,19,0.0614241,0.200704225,0.216744914,0.405320814,0.10172144,0.014084507
19-04-2025 20:00,20,0.096244131,0.254303599,0.246087637,0.327073552,0.064945227,0.011345853
19-04-2025 21:00,21,0.129890454,0.309859155,0.238654147,0.253912363,0.058685446,0.008607199
19-04-2025 22:00,22,0.143192488,0.329029734,0.223395931,0.231611894,0.064162754,0.008607199
19-04-2025 23:00,23,0.145539906,0.332550861,0.206181534,0.240610329,0.066510172,0.008607199
20-04-2025 00:00,0,0.143192488,0.323552426,0.205790297,0.246087637,0.068075117,0.012910798
20-04-2025 01:00,1,0.140453834,0.299687011,0.196400626,0.258607199,0.088028169,0.016823161
20-04-2025 02:00,2,0.131455399,0.299687011,0.198748044,0.25743349,0.092331768,0.019953052
20-04-2025 03:00,3,0.113067293,0.300469484,0.197965571,0.272300469,0.09428795,0.021517997
20-04-2025 04:00,4,0.106025039,0.291471049,0.207746479,0.274256651,0.099374022,0.021126761
20-04-2025 05:00,5,0.103286385,0.299295775,0.206964006,0.273474178,0.093505477,0.022691706
20-04-2025 06:00,6,0.089593114,0.3114241,0.218701095,0.270344288,0.08685446,0.023082942
20-04-2025 07:00,7,0.09741784,0.330203443,0.216353678,0.258215962,0.078638498,0.019170579
20-04-2025 08:00,8,0.122065728,0.362676056,0.20970266,0.222613459,0.069248826,0.013693271
20-04-2025 09:00,9,0.153364632,0.338028169,0.197574335,0.222222222,0.073552426,0.015258216
20-04-2025 10:00,10,0.156103286,0.297730829,0.207355243,0.249217527,0.075899844,0.012910798
20-04-2025 11:00,11,0.123239437,0.275039124,0.220657277,0.29342723,0.075117371,0.012519562
20-04-2025 12:00,12,0.098200313,0.248043818,0.205399061,0.347809077,0.087245696,0.012519562
20-04-2025 13:00,13,0.063771518,0.209311424,0.213223787,0.399843505,0.104068858,0.009780908
20-04-2025 14:00,14,0.052425665,0.167057903,0.185054773,0.460485133,0.123630673,0.011345853
20-04-2025 15:00,15,0.039906103,0.143192488,0.154147105,0.504303599,0.140062598,0.018388106
20-04-2025 16:00,16,0.041471049,0.121283255,0.148669797,0.511737089,0.157276995,0.019561815
20-04-2025 17:00,17,0.036776213,0.127543036,0.153364632,0.490610329,0.16627543,0.025039124
20-04-2025 18:00,18,0.045383412,0.160015649,0.175665102,0.460093897,0.142018779,0.016431925
20-04-2025 19:00,19,0.0614241,0.200704225,0.216744914,0.405320814,0.10172144,0.014084507
20-04-2025 20:00,20,0.096244131,0.254303599,0.246087637,0.327073552,0.064945227,0.011345853
20-04-2025 21:00,21,0.129890454,0.309859155,0.238654147,0.253912363,0.058685446,0.008607199
20-04-2025 22:00,22,0.143192488,0.329029734,0.223395931,0.231611894,0.064162754,0.008607199
20-04-2025 23:00,23,0.145539906,0.332550861,0.206181534,0.240610329,0.066510172,0.008607199
21-04-2025 00:00,0,0.143192488,0.323552426,0.205790297,0.246087637,0.068075117,0.012910798
21-04-2025 01:00,1,0.140453834,0.299687011,0.196400626,0.258607199,0.088028169,0.016823161
21-04-2025 02:00,2,0.131455399,0.299687011,0.198748044,0.25743349,0.092331768,0.019953052
21-04-2025 03:00,3,0.113067293,0.300469484,0.197965571,0.272300469,0.09428795,0.021517997
21-04-2025 04:00,4,0.106025039,0.291471049,0.207746479,0.274256651,0.099374022,0.021126761
21-04-2025 05:00,5,0.103286385,0.299295775,0.206964006,0.273474178,0.093505477,0.022691706
21-04-2025 06:00,6,0.089593114,0.3114241,0.218701095,0.270344288,0.08685446,0.023082942
21-04-2025 07:00,7,0.09741784,0.330203443,0.216353678,0.258215962,0.078638498,0.019170579
21-04-2025 08:00,8,0.122065728,0.362676056,0.20970266,0.222613459,0.069248826,0.013693271
21-04-2025 09:00,9,0.153364632,0.338028169,0.197574335,0.222222222,0.073552426,0.015258216
21-04-2025 10:00,10,0.156103286,0.297730829,0.207355243,0.249217527,0.075899844,0.012910798
21-04-2025 11:00,11,0.123239437,0.275039124,0.220657277,0.29342723,0.075117371,0.012519562
21-04-2025 12:00,12,0.098200313,0.248043818,0.205399061,0.347809077,0.087245696,0.012519562
21-04-2025 13:00,13,0.063771518,0.209311424,0.213223787,0.399843505,0.104068858,0.009780908
21-04-2025 14:00,14,0.052425665,0.167057903,0.185054773,0.460485133,0.123630673,0.011345853
21-04-2025 15:00,15,0.039906103,0.143192488,0.154147105,0.504303599,0.140062598,0.018388106
21-04-2025 16:00,16,0.041471049,0.121283255,0.148669797,0.511737089,0.157276995,0.019561815
21-04-2025 17:00,17,0.036776213,0.127543036,0.153364632,0.490610329,0.16627543,0.025039124
21-04-2025 18:00,18,0.045383412,0.160015649,0.175665102,0.460093897,0.142018779,0.016431925
21-04-2025 19:00,19,0.0614241,0.200704225,0.216744914,0.405320814,0.10172144,0.014084507
21-04-2025 20:00,20,0.096244131,0.254303599,0.246087637,0.327073552,0.064945227,0.011345853
21-04-2025 21:00,21,0.129890454,0.309859155,0.238654147,0.253912363,0.058685446,0.008607199
21-04-2025 22:00,22,0.143192488,0.329029734,0.223395931,0.231611894,0.064162754,0.008607199
21-04-2025 23:00,23,0.145539906,0.332550861,0.206181534,0.240610329,0.066510172,0.008607199
22-04-2025 00:00,0,0.143192488,0.323552426,0.205790297,0.246087637,0.068075117,0.012910798
22-04-2025 01:00,1,0.140453834,0.299687011,0.196400626,0.258607199,0.088028169,0.016823161
22-04-2025 02:00,2,0.131455399,0.299687011,0.198748044,0.25743349,0.092331768,0.019953052
22-04-2025 03:00,3,0.113067293,0.300469484,0.197965571,0.272300469,0.09428795,0.021517997
22-04-2025 04:00,4,0.106025039,0.291471049,0.207746479,0.274256651,0.099374022,0.021126761
22-04-2025 05:00,5,0.103286385,0.299295775,0.206964006,0.273474178,0.093505477,0.022691706
22-04-2025 06:00,6,0.089593114,0.3114241,0.218701095,0.270344288,0.08685446,0.023082942
22-04-2025 07:00,7,0.09741784,0.330203443,0.216353678,0.258215962,0.078638498,0.019170579
22-04-2025 08:00,8,0.122065728,0.362676056,0.20970266,0.222613459,0.069248826,0.013693271
22-04-2025 09:00,9,0.153364632,0.338028169,0.197574335,0.222222222,0.073552426,0.015258216
22-04-2025 10:00,10,0.156103286,0.297730829,0.207355243,0.249217527,0.075899844,0.012910798
22-04-2025 11:00,11,0.123239437,0.275039124,0.220657277,0.29342723,0.075117371,0.012519562
22-04-2025 12:00,12,0.098200313,0.248043818,0.205399061,0.347809077,0.087245696,0.012519562
22-04-2025 13:00,13,0.063771518,0.209311424,0.213223787,0.399843505,0.104068858,0.009780908
22-04-2025 14:00,14,0.052425665,0.167057903,0.185054773,0.460485133,0.123630673,0.011345853
22-04-2025 15:00,15,0.039906103,0.143192488,0.154147105,0.504303599,0.140062598,0.018388106
22-04-2025 16:00,16,0.041471049,0.121283255,0.148669797,0.511737089,0.157276995,0.019561815
22-04-2025 17:00,17,0.036776213,0.127543036,0.153364632,0.490610329,0.16627543,0.025039124
22-04-2025 18:00,18,0.045383412,0.160015649,0.175665102,0.460093897,0.142018779,0.016431925
22-04-2025 19:00,19,0.0614241,0.200704225,0.216744914,0.405320814,0.10172144,0.014084507
22-04-2025 20:00,20,0.096244131,0.254303599,0.246087637,0.327073552,0.064945227,0.011345853
22-04-2025 21:00,21,0.129890454,0.309859155,0.238654147,0.253912363,0.058685446,0.008607199
22-04-2025 22:00,22,0.143192488,0.329029734,0.223395931,0.231611894,0.064162754,0.008607199
22-04-2025 23:00,23,0.145539906,0.332550861,0.206181534,0.240610329,0.066510172,0.008607199
23-04-2025 00:00,0,0.143192488,0.323552426,0.205790297,0.246087637,0.068075117,0.012910798
23-04-2025 01:00,1,0.140453834,0.299687011,0.196400626,0.258607199,0.088028169,0.016823161
23-04-2025 02:00,2,0.131455399,0.299687011,0.198748044,0.25743349,0.092331768,0.019953052
23-04-2025 03:00,3,0.113067293,0.300469484,0.197965571,0.272300469,0.09428795,0.021517997
23-04-2025 04:00,4,0.106025039,0.291471049,0.207746479,0.274256651,0.099374022,0.021126761
23-04-2025 05:00,5,0.103286385,0.299295775,0.206964006,0.273474178,0.093505477,0.022691706
23-04-2025 06:00,6,0.089593114,0.3114241,0.218701095,0.270344288,0.08685446,0.023082942
23-04-2025 07:00,7,0.09741784,0.330203443,0.216353678,0.258215962,0.078638498,0.019170579
23-04-2025 08:00,8,0.122065728,0.362676056,0.20970266,0.222613459,0.069248826,0.013693271
23-04-2025 09:00,9,0.153364632,0.338028169,0.197574335,0.222222222,0.073552426,0.015258216
23-04-2025 10:00,10,0.156103286,0.297730829,0.207355243,0.249217527,0.075899844,0.012910798
23-04-2025 11:00,11,0.123239437,0.275039124,0.220657277,0.29342723,0.075117371,0.012519562
23-04-2025 12:00,12,0.098200313,0.248043818,0.205399061,0.347809077,0.087245696,0.012519562
23-04-2025 13:00,13,0.063771518,0.209311424,0.213223787,0.399843505,0.104068858,0.009780908
23-04-2025 14:00,14,0.052425665,0.167057903,0.185054773,0.460485133,0.123630673,0.011345853
23-04-2025 15:00,15,0.039906103,0.143192488,0.154147105,0.504303599,0.140062598,0.018388106
23-04-2025 16:00,16,0.041471049,0.121283255,0.148669797,0.511737089,0.157276995,0.019561815
23-04-2025 17:00,17,0.036776213,0.127543036,0.153364632,0.490610329,0.16627543,0.025039124
23-04-2025 18:00,18,0.045383412,0.160015649,0.175665102,0.460093897,0.142018779,0.016431925
23-04-2025 19:00,19,0.0614241,0.200704225,0.216744914,0.405320814,0.10172144,0.014084507
23-04-2025 20:00,20,0.096244131,0.254303599,0.246087637,0.327073552,0.064945227,0.011345853
23-04-2025 21:00,21,0.129890454,0.309859155,0.238654147,0.253912363,0.058685446,0.008607199
23-04-2025 22:00,22,0.143192488,0.329029734,0.223395931,0.231611894,0.064162754,0.008607199
23-04-2025 23:00,23,0.145539906,0.332550861,0.206181534,0.240610329,0.066510172,0.008607199
24-04-2025 00:00,0,0.143192488,0.323552426,0.205790297,0.246087637,0.068075117,0.012910798
24-04-2025 01:00,1,0.140453834,0.299687011,0.196400626,0.258607199,0.088028169,0.016823161
24-04-2025 02:00,2,0.131455399,0.299687011,0.198748044,0.25743349,0.092331768,0.019953052
24-04-2025 03:00,3,0.113067293,0.300469484,0.197965571,0.272300469,0.09428795,0.021517997
24-04-2025 04:00,4,0.106025039,0.291471049,0.207746479,0.274256651,0.099374022,0.021126761
24-04-2025 05:00,5,0.103286385,0.299295775,0.206964006,0.273474178,0.093505477,0.022691706
24-04-2025 06:00,6,0.089593114,0.3114241,0.218701095,0.270344288,0.08685446,0.023082942
24-04-2025 07:00,7,0.09741784,0.330203443,0.216353678,0.258215962,0.078638498,0.019170579
24-04-2025 08:00,8,0.122065728,0.362676056,0.20970266,0.222613459,0.069248826,0.013693271
24-04-2025 09:00,9,0.153364632,0.338028169,0.197574335,0.222222222,0.073552426,0.015258216
24-04-2025 10:00,10,0.156103286,0.297730829,0.207355243,0.249217527,0.075899844,0.012910798
24-04-2025 11:00,11,0.123239437,0.275039124,0.220657277,0.29342723,0.075117371,0.012519562
24-04-2025 12:00,12,0.098200313,0.248043818,0.205399061,0.347809077,0.087245696,0.012519562
24-04-2025 13:00,13,0.063771518,0.209311424,0.213223787,0.399843505,0.104068858,0.009780908
24-04-2025 14:00,14,0.052425665,0.167057903,0.185054773,0.460485133,0.123630673,0.011345853
24-04-2025 15:00,15,0.039906103,0.143192488,0.154147105,0.504303599,0.140062598,0.018388106
24-04-2025 16:00,16,0.041471049,0.121283255,0.148669797,0.511737089,0.157276995,0.019561815
24-04-2025 17:00,17,0.036776213,0.127543036,0.153364632,0.490610329,0.16627543,0.025039124
24-04-2025 18:00,18,0.045383412,0.160015649,0.175665102,0.460093897,0.142018779,0.016431925
24-04-2025 19:00,19,0.0614241,0.200704225,0.216744914,0.405320814,0.10172144,0.014084507
24-04-2025 20:00,20,0.096244131,0.254303599,0.246087637,0.327073552,0.064945227,0.011345853
24-04-2025 21:00,21,0.129890454,0.309859155,0.238654147,0.253912363,0.058685446,0.008607199
24-04-2025 22:00,22,0.143192488,0.329029734,0.223395931,0.231611894,0.064162754,0.008607199
24-04-2025 23:00,23,0.145539906,0.332550861,0.206181534,0.240610329,0.066510172,0.008607199
25-04-2025 00:00,0,0.143192488,0.323552426,0.205790297,0.246087637,0.068075117,0.012910798
25-04-2025 01:00,1,0.140453834,0.299687011,0.196400626,0.258607199,0.088028169,0.016823161
25-04-2025 02:00,2,0.131455399,0.299687011,0.198748044,0.25743349,0.092331768,0.019953052
25-04-2025 03:00,3,0.113067293,0.300469484,0.197965571,0.272300469,0.09428795,0.021517997
25-04-2025 04:00,4,0.106025039,0.291471049,0.207746479,0.274256651,0.099374022,0.021126761
25-04-2025 05:00,5,0.103286385,0.299295775,0.206964006,0.273474178,0.093505477,0.022691706
25-04-2025 06:00,6,0.089593114,0.3114241,0.218701095,0.270344288,0.08685446,0.023082942
25-04-2025 07:00,7,0.09741784,0.330203443,0.216353678,0.258215962,0.078638498,0.019170579
25-04-2025 08:00,8,0.122065728,0.362676056,0.20970266,0.222613459,0.069248826,0.013693271
25-04-2025 09:00,9,0.153364632,0.338028169,0.197574335,0.222222222,0.073552426,0.015258216
25-04-2025 10:00,10,0.156103286,0.297730829,0.207355243,0.249217527,0.075899844,0.012910798
25-04-2025 11:00,11,0.123239437,0.275039124,0.220657277,0.29342723,0.075117371,0.012519562
25-04-2025 12:00,12,0.098200313,0.248043818,0.205399061,0.347809077,0.087245696,0.012519562
25-04-2025 13:00,13,0.063771518,0.209311424,0.213223787,0.399843505,0.104068858,0.009780908
25-04-2025 14:00,14,0.052425665,0.167057903,0.185054773,0.460485133,0.123630673,0.011345853
25-04-2025 15:00,15,0.039906103,0.143192488,0.154147105,0.504303599,0.140062598,0.018388106
25-04-2025 16:00,16,0.041471049,0.121283255,0.148669797,0.511737089,0.157276995,0.019561815
25-04-2025 17:00,17,0.036776213,0.127543036,0.153364632,0.490610329,0.16627543,0.025039124
25-04-2025 18:00,18,0.045383412,0.160015649,0.175665102,0.460093897,0.142018779,0.016431925
25-04-2025 19:00,19,0.0614241,0.200704225,0.216744914,0.405320814,0.10172144,0.014084507
25-04-2025 20:00,20,0.096244131,0.254303599,0.246087637,0.327073552,0.064945227,0.011345853
25-04-2025 21:00,21,0.129890454,0.309859155,0.238654147,0.253912363,0.058685446,0.008607199
25-04-2025 22:00,22,0.143192488,0.329029734,0.223395931,0.231611894,0.064162754,0.008607199
25-04-2025 23:00,23,0.145539906,0.332550861,0.206181534,0.240610329,0.066510172,0.008607199
26-04-2025 00:00,0,0.143192488,0.323552426,0.205790297,0.246087637,0.068075117,0.012910798
26-04-2025 01:00,1,0.140453834,0.299687011,0.196400626,0.258607199,0.088028169,0.016823161
26-04-2025 02:00,2,0.131455399,0.299687011,0.198748044,0.25743349,0.092331768,0.019953052
26-04-2025 03:00,3,0.113067293,0.300469484,0.197965571,0.272300469,0.09428795,0.021517997
26-04-2025 04:00,4,0.106025039,0.291471049,0.207746479,0.274256651,0.099374022,0.021126761
26-04-2025 05:00,5,0.103286385,0.299295775,0.206964006,0.273474178,0.093505477,0.022691706
26-04-2025 06:00,6,0.089593114,0.3114241,0.218701095,0.270344288,0.08685446,0.023082942
26-04-2025 07:00,7,0.09741784,0.330203443,0.216353678,0.258215962,0.078638498,0.019170579
26-04-2025 08:00,8,0.122065728,0.362676056,0.20970266,0.222613459,0.069248826,0.013693271
26-04-2025 09:00,9,0.153364632,0.338028169,0.197574335,0.222222222,0.073552426,0.015258216
26-04-2025 10:00,10,0.156103286,0.297730829,0.207355243,0.249217527,0.075899844,0.012910798
26-04-2025 11:00,11,0.123239437,0.275039124,0.220657277,0.29342723,0.075117371,0.012519562
26-04-2025 12:00,12,0.098200313,0.248043818,0.205399061,0.347809077,0.087245696,0.012519562
26-04-2025 13:00,13,0.063771518,0.209311424,0.213223787,0.399843505,0.104068858,0.009780908
26-04-2025 14:00,14,0.052425665,0.167057903,0.185054773,0.460485133,0.123630673,0.011345853
26-04-2025 15:00,15,0.039906103,0.143192488,0.154147105,0.504303599,0.140062598,0.018388106
26-04-2025 16:00,16,0.041471049,0.121283255,0.148669797,0.511737089,0.157276995,0.019561815
26-04-2025 17:00,17,0.036776213,0.127543036,0.153364632,0.490610329,0.16627543,0.025039124
26-04-2025 18:00,18,0.045383412,0.160015649,0.175665102,0.460093897,0.142018779,0.016431925
26-04-2025 19:00,19,0.0614241,0.200704225,0.216744914,0.405320814,0.10172144,0.014084507
26-04-2025 20:00,20,0.096244131,0.254303599,0.246087637,0.327073552,0.064945227,0.011345853
26-04-2025 21:00,21,0.129890454,0.309859155,0.238654147,0.253912363,0.058685446,0.008607199
26-04-2025 22:00,22,0.143192488,0.329029734,0.223395931,0.231611894,0.064162754,0.008607199
26-04-2025 23:00,23,0.145539906,0.332550861,0.206181534,0.240610329,0.066510172,0.008607199
27-04-2025 00:00,0,0.143192488,0.323552426,0.205790297,0.246087637,0.068075117,0.012910798
27-04-2025 01:00,1,0.140453834,0.299687011,0.196400626,0.258607199,0.088028169,0.016823161
27-04-2025 02:00,2,0.131455399,0.299687011,0.198748044,0.25743349,0.092331768,0.019953052
27-04-2025 03:00,3,0.113067293,0.300469484,0.197965571,0.272300469,0.09428795,0.021517997
27-04-2025 04:00,4,0.106025039,0.291471049,0.207746479,0.274256651,0.099374022,0.021126761
27-04-2025 05:00,5,0.103286385,0.299295775,0.206964006,0.273474178,0.093505477,0.022691706
27-04-2025 06:00,6,0.089593114,0.3114241,0.218701095,0.270344288,0.08685446,0.023082942
27-04-2025 07:00,7,0.09741784,0.330203443,0.216353678,0.258215962,0.078638498,0.019170579
27-04-2025 08:00,8,0.122065728,0.362676056,0.20970266,0.222613459,0.069248826,0.013693271
27-04-2025 09:00,9,0.153364632,0.338028169,0.197574335,0.222222222,0.073552426,0.015258216
27-04-2025 10:00,10,0.156103286,0.297730829,0.207355243,0.249217527,0.075899844,0.012910798
27-04-2025 11:00,11,0.123239437,0.275039124,0.220657277,0.29342723,0.075117371,0.012519562
27-04-2025 12:00,12,0.098200313,0.248043818,0.205399061,0.347809077,0.087245696,0.012519562
27-04-2025 13:00,13,0.063771518,0.209311424,0.213223787,0.399843505,0.104068858,0.009780908
27-04-2025 14:00,14,0.052425665,0.167057903,0.185054773,0.460485133,0.123630673,0.011345853
27-04-2025 15:00,15,0.039906103,0.143192488,0.154147105,0.504303599,0.140062598,0.018388106
27-04-2025 16:00,16,0.041471049,0.121283255,0.148669797,0.511737089,0.157276995,0.019561815
27-04-2025 17:00,17,0.036776213,0.127543036,0.153364632,0.490610329,0.16627543,0.025039124
27-04-2025 18:00,18,0.045383412,0.160015649,0.175665102,0.460093897,0.142018779,0.016431925
27-04-2025 19:00,19,0.0614241,0.200704225,0.216744914,0.405320814,0.10172144,0.014084507
27-04-2025 20:00,20,0.096244131,0.254303599,0.246087637,0.327073552,0.064945227,0.011345853
27-04-2025 21:00,21,0.129890454,0.309859155,0.238654147,0.253912363,0.058685446,0.008607199
27-04-2025 22:00,22,0.143192488,0.329029734,0.223395931,0.231611894,0.064162754,0.008607199
27-04-2025 23:00,23,0.145539906,0.332550861,0.206181534,0.240610329,0.066510172,0.008607199
28-04-2025 00:00,0,0.143192488,0.323552426,0.205790297,0.246087637,0.068075117,0.012910798
28-04-2025 01:00,1,0.140453834,0.299687011,0.196400626,0.258607199,0.088028169,0.016823161
28-04-2025 02:00,2,0.131455399,0.299687011,0.198748044,0.25743349,0.092331768,0.019953052
28-04-2025 03:00,3,0.113067293,0.300469484,0.197965571,0.272300469,0.09428795,0.021517997
28-04-2025 04:00,4,0.106025039,0.291471049,0.207746479,0.274256651,0.099374022,0.021126761
28-04-2025 05:00,5,0.103286385,0.299295775,0.206964006,0.273474178,0.093505477,0.022691706
28-04-2025 06:00,6,0.089593114,0.3114241,0.218701095,0.270344288,0.08685446,0.023082942
28-04-2025 07:00,7,0.09741784,0.330203443,0.216353678,0.258215962,0.078638498,0.019170579
28-04-2025 08:00,8,0.122065728,0.362676056,0.20970266,0.222613459,0.069248826,0.013693271
28-04-2025 09:00,9,0.153364632,0.338028169,0.197574335,0.222222222,0.073552426,0.015258216
28-04-2025 10:00,10,0.156103286,0.297730829,0.207355243,0.249217527,0.075899844,0.012910798
28-04-2025 11:00,11,0.123239437,0.275039124,0.220657277,0.29342723,0.075117371,0.012519562
28-04-2025 12:00,12,0.098200313,0.248043818,0.205399061,0.347809077,0.087245696,0.012519562
28-04-2025 13:00,13,0.063771518,0.209311424,0.213223787,0.399843505,0.104068858,0.009780908
28-04-2025 14:00,14,0.052425665,0.167057903,0.185054773,0.460485133,0.123630673,0.011345853
28-04-2025 15:00,15,0.039906103,0.143192488,0.154147105,0.504303599,0.140062598,0.018388106
28-04-2025 16:00,16,0.041471049,0.121283255,0.148669797,0.511737089,0.157276995,0.019561815
28-04-2025 17:00,17,0.036776213,0.127543036,0.153364632,0.490610329,0.16627543,0.025039124
28-04-2025 18:00,18,0.045383412,0.160015649,0.175665102,0.460093897,0.142018779,0.016431925
28-04-2025 19:00,19,0.0614241,0.200704225,0.216744914,0.405320814,0.10172144,0.014084507
28-04-2025 20:00,20,0.096244131,0.254303599,0.246087637,0.327073552,0.064945227,0.011345853
28-04-2025 21:00,21,0.129890454,0.309859155,0.238654147,0.253912363,0.058685446,0.008607199
28-04-2025 22:00,22,0.143192488,0.329029734,0.223395931,0.231611894,0.064162754,0.008607199
28-04-2025 23:00,23,0.145539906,0.332550861,0.206181534,0.240610329,0.066510172,0.008607199
29-04-2025 00:00,0,0.143192488,0.323552426,0.205790297,0.246087637,0.068075117,0.012910798
29-04-2025 01:00,1,0.140453834,0.299687011,0.196400626,0.258607199,0.088028169,0.016823161
29-04-2025 02:00,2,0.131455399,0.299687011,0.198748044,0.25743349,0.092331768,0.019953052
29-04-2025 03:00,3,0.113067293,0.300469484,0.197965571,0.272300469,0.09428795,0.021517997
29-04-2025 04:00,4,0.106025039,0.291471049,0.207746479,0.274256651,0.099374022,0.021126761
29-04-2025 05:00,5,0.103286385,0.299295775,0.206964006,0.273474178,0.093505477,0.022691706
29-04-2025 06:00,6,0.089593114,0.3114241,0.218701095,0.270344288,0.08685446,0.023082942
29-04-2025 07:00,7,0.09741784,0.330203443,0.216353678,0.258215962,0.078638498,0.019170579
29-04-2025 08:00,8,0.122065728,0.362676056,0.20970266,0.222613459,0.069248826,0.013693271
29-04-2025 09:00,9,0.153364632,0.338028169,0.197574335,0.222222222,0.073552426,0.015258216
29-04-2025 10:00,10,0.156103286,0.297730829,0.207355243,0.249217527,0.075899844,0.012910798
29-04-2025 11:00,11,0.123239437,0.275039124,0.220657277,0.29342723,0.075117371,0.012519562
29-04-2025 12:00,12,0.098200313,0.248043818,0.205399061,0.347809077,0.087245696,0.012519562
29-04-2025 13:00,13,0.063771518,0.209311424,0.213223787,0.399843505,0.104068858,0.009780908
29-04-2025 14:00,14,0.052425665,0.167057903,0.185054773,0.460485133,0.123630673,0.011345853
29-04-2025 15:00,15,0.039906103,0.143192488,0.154147105,0.504303599,0.140062598,0.018388106
29-04-2025 16:00,16,0.041471049,0.121283255,0.148669797,0.511737089,0.157276995,0.019561815
29-04-2025 17:00,17,0.036776213,0.127543036,0.153364632,0.490610329,0.16627543,0.025039124
29-04-2025 18:00,18,0.045383412,0.160015649,0.175665102,0.460093897,0.142018779,0.016431925
29-04-2025 19:00,19,0.0614241,0.200704225,0.216744914,0.405320814,0.10172144,0.014084507
29-04-2025 20:00,20,0.096244131,0.254303599,0.246087637,0.327073552,0.064945227,0.011345853
29-04-2025 21:00,21,0.129890454,0.309859155,0.238654147,0.253912363,0.058685446,0.008607199
29-04-2025 22:00,22,0.143192488,0.329029734,0.223395931,0.231611894,0.064162754,0.008607199
29-04-2025 23:00,23,0.145539906,0.332550861,0.206181534,0.240610329,0.066510172,0.008607199
30-04-2025 00:00,0,0.143192488,0.323552426,0.205790297,0.246087637,0.068075117,0.012910798
30-04-2025 01:00,1,0.140453834,0.299687011,0.196400626,0.258607199,0.088028169,0.016823161
30-04-2025 02:00,2,0.131455399,0.299687011,0.198748044,0.25743349,0.092331768,0.019953052
30-04-2025 03:00,3,0.113067293,0.300469484,0.197965571,0.272300469,0.09428795,0.021517997
30-04-2025 04:00,4,0.106025039,0.291471049,0.207746479,0.274256651,0.099374022,0.021126761
30-04-2025 05:00,5,0.103286385,0.299295775,0.206964006,0.273474178,0.093505477,0.022691706
30-04-2025 06:00,6,0.089593114,0.3114241,0.218701095,0.270344288,0.08685446,0.023082942
30-04-2025 07:00,7,0.09741784,0.330203443,0.216353678,0.258215962,0.078638498,0.019170579
30-04-2025 08:00,8,0.122065728,0.362676056,0.20970266,0.222613459,0.069248826,0.013693271
30-04-2025 09:00,9,0.153364632,0.338028169,0.197574335,0.222222222,0.073552426,0.015258216
30-04-2025 10:00,10,0.156103286,0.297730829,0.207355243,0.249217527,0.075899844,0.012910798
30-04-2025 11:00,11,0.123239437,0.275039124,0.220657277,0.29342723,0.075117371,0.012519562
30-04-2025 12:00,12,0.098200313,0.248043818,0.205399061,0.347809077,0.087245696,0.012519562
30-04-2025 13:00,13,0.063771518,0.209311424,0.213223787,0.399843505,0.104068858,0.009780908
30-04-2025 14:00,14,0.052425665,0.167057903,0.185054773,0.460485133,0.123630673,0.011345853
30-04-2025 15:00,15,0.039906103,0.143192488,0.154147105,0.504303599,0.140062598,0.018388106
30-04-2025 16:00,16,0.041471049,0.121283255,0.148669797,0.511737089,0.157276995,0.019561815
30-04-2025 17:00,17,0.036776213,0.127543036,0.153364632,0.490610329,0.16627543,0.025039124
30-04-2025 18:00,18,0.045383412,0.160015649,0.175665102,0.460093897,0.142018779,0.016431925
30-04-2025 19:00,19,0.0614241,0.200704225,0.216744914,0.405320814,0.10172144,0.014084507
30-04-2025 20:00,20,0.096244131,0.254303599,0.246087637,0.327073552,0.064945227,0.011345853
30-04-2025 21:00,21,0.129890454,0.309859155,0.238654147,0.253912363,0.058685446,0.008607199
30-04-2025 22:00,22,0.143192488,0.329029734,0.223395931,0.231611894,0.064162754,0.008607199
30-04-2025 23:00,23,0.145539906,0.332550861,0.206181534,0.240610329,0.066510172,0.008607199
01-05-2025 00:00,0,0.143192488,0.323552426,0.205790297,0.246087637,0.068075117,0.012910798
01-05-2025 01:00,1,0.140453834,0.299687011,0.196400626,0.258607199,0.088028169,0.016823161
01-05-2025 02:00,2,0.131455399,0.299687011,0.198748044,0.25743349,0.092331768,0.019953052
01-05-2025 03:00,3,0.113067293,0.300469484,0.197965571,0.272300469,0.09428795,0.021517997
01-05-2025 04:00,4,0.106025039,0.291471049,0.207746479,0.274256651,0.099374022,0.021126761
01-05-2025 05:00,5,0.103286385,0.299295775,0.206964006,0.273474178,0.093505477,0.022691706
01-05-2025 06:00,6,0.089593114,0.3114241,0.218701095,0.270344288,0.08685446,0.023082942
01-05-2025 07:00,7,0.09741784,0.330203443,0.216353678,0.258215962,0.078638498,0.019170579
01-05-2025 08:00,8,0.122065728,0.362676056,0.20970266,0.222613459,0.069248826,0.013693271
01-05-2025 09:00,9,0.153364632,0.338028169,0.197574335,0.222222222,0.073552426,0.015258216
01-05-2025 10:00,10,0.156103286,0.297730829,0.207355243,0.249217527,0.075899844,0.012910798
01-05-2025 11:00,11,0.123239437,0.275039124,0.220657277,0.29342723,0.075117371,0.012519562
01-05-2025 12:00,12,0.098200313,0.248043818,0.205399061,0.347809077,0.087245696,0.012519562
01-05-2025 13:00,13,0.063771518,0.209311424,0.213223787,0.399843505,0.104068858,0.009780908
01-05-2025 14:00,14,0.052425665,0.167057903,0.185054773,0.460485133,0.123630673,0.011345853
01-05-2025 15:00,15,0.039906103,0.143192488,0.154147105,0.504303599,0.140062598,0.018388106
01-05-2025 16:00,16,0.041471049,0.121283255,0.148669797,0.511737089,0.157276995,0.019561815
01-05-2025 17:00,17,0.036776213,0.127543036,0.153364632,0.490610329,0.16627543,0.025039124
01-05-2025 18:00,18,0.045383412,0.160015649,0.175665102,0.460093897,0.142018779,0.016431925
01-05-2025 19:00,19,0.0614241,0.200704225,0.216744914,0.405320814,0.10172144,0.014084507
01-05-2025 20:00,20,0.096244131,0.254303599,0.246087637,0.327073552,0.064945227,0.011345853
01-05-2025 21:00,21,0.129890454,0.309859155,0.238654147,0.253912363,0.058685446,0.008607199
01-05-2025 22:00,22,0.143192488,0.329029734,0.223395931,0.231611894,0.064162754,0.008607199
01-05-2025 23:00,23,0.145539906,0.332550861,0.206181534,0.240610329,0.066510172,0.008607199
02-05-2025 00:00,0,0.143192488,0.323552426,0.205790297,0.246087637,0.068075117,0.012910798
02-05-2025 01:00,1,0.140453834,0.299687011,0.196400626,0.258607199,0.088028169,0.016823161
02-05-2025 02:00,2,0.131455399,0.299687011,0.198748044,0.25743349,0.092331768,0.019953052
02-05-2025 03:00,3,0.113067293,0.300469484,0.197965571,0.272300469,0.09428795,0.021517997
02-05-2025 04:00,4,0.106025039,0.291471049,0.207746479,0.274256651,0.099374022,0.021126761
02-05-2025 05:00,5,0.103286385,0.299295775,0.206964006,0.273474178,0.093505477,0.022691706
02-05-2025 06:00,6,0.089593114,0.3114241,0.218701095,0.270344288,0.08685446,0.023082942
02-05-2025 07:00,7,0.09741784,0.330203443,0.216353678,0.258215962,0.078638498,0.019170579
02-05-2025 08:00,8,0.122065728,0.362676056,0.20970266,0.222613459,0.069248826,0.013693271
02-05-2025 09:00,9,0.153364632,0.338028169,0.197574335,0.222222222,0.073552426,0.015258216
02-05-2025 10:00,10,0.156103286,0.297730829,0.207355243,0.249217527,0.075899844,0.012910798
02-05-2025 11:00,11,0.123239437,0.275039124,0.220657277,0.29342723,0.075117371,0.012519562
02-05-2025 12:00,12,0.098200313,0.248043818,0.205399061,0.347809077,0.087245696,0.012519562
02-05-2025 13:00,13,0.063771518,0.209311424,0.213223787,0.399843505,0.104068858,0.009780908
02-05-2025 14:00,14,0.052425665,0.167057903,0.185054773,0.460485133,0.123630673,0.011345853
02-05-2025 15:00,15,0.039906103,0.143192488,0.154147105,0.504303599,0.140062598,0.018388106
02-05-2025 16:00,16,0.041471049,0.121283255,0.148669797,0.511737089,0.157276995,0.019561815
02-05-2025 17:00,17,0.036776213,0.127543036,0.153364632,0.490610329,0.16627543,0.025039124
02-05-2025 18:00,18,0.045383412,0.160015649,0.175665102,0.460093897,0.142018779,0.016431925
02-05-2025 19:00,19,0.0614241,0.200704225,0.216744914,0.405320814,0.10172144,0.014084507
02-05-2025 20:00,20,0.096244131,0.254303599,0.246087637,0.327073552,0.064945227,0.011345853
02-05-2025 21:00,21,0.129890454,0.309859155,0.238654147,0.253912363,0.058685446,0.008607199
02-05-2025 22:00,22,0.143192488,0.329029734,0.223395931,0.231611894,0.064162754,0.008607199
02-05-2025 23:00,23,0.145539906,0.332550861,0.206181534,0.240610329,0.066510172,0.008607199
03-05-2025 00:00,0,0.143192488,0.323552426,0.205790297,0.246087637,0.068075117,0.012910798
03-05-2025 01:00,1,0.140453834,0.299687011,0.196400626,0.258607199,0.088028169,0.016823161
03-05-2025 02:00,2,0.131455399,0.299687011,0.198748044,0.25743349,0.092331768,0.019953052
03-05-2025 03:00,3,0.113067293,0.300469484,0.197965571,0.272300469,0.09428795,0.021517997
03-05-2025 04:00,4,0.106025039,0.291471049,0.207746479,0.274256651,0.099374022,0.021126761
03-05-2025 05:00,5,0.103286385,0.299295775,0.206964006,0.273474178,0.093505477,0.022691706
03-05-2025 06:00,6,0.089593114,0.3114241,0.218701095,0.270344288,0.08685446,0.023082942
03-05-2025 07:00,7,0.09741784,0.330203443,0.216353678,0.258215962,0.078638498,0.019170579
03-05-2025 08:00,8,0.122065728,0.362676056,0.20970266,0.222613459,0.069248826,0.013693271
03-05-2025 09:00,9,0.153364632,0.338028169,0.197574335,0.222222222,0.073552426,0.015258216
03-05-2025 10:00,10,0.156103286,0.297730829,0.207355243,0.249217527,0.075899844,0.012910798
03-05-2025 11:00,11,0.123239437,0.275039124,0.220657277,0.29342723,0.075117371,0.012519562
03-05-2025 12:00,12,0.098200313,0.248043818,0.205399061,0.347809077,0.087245696,0.012519562
03-05-2025 13:00,13,0.063771518,0.209311424,0.213223787,0.399843505,0.104068858,0.009780908
03-05-2025 14:00,14,0.052425665,0.167057903,0.185054773,0.460485133,0.123630673,0.011345853
03-05-2025 15:00,15,0.039906103,0.143192488,0.154147105,0.504303599,0.140062598,0.018388106
03-05-2025 16:00,16,0.041471049,0.121283255,0.148669797,0.511737089,0.157276995,0.019561815
03-05-2025 17:00,17,0.036776213,0.127543036,0.153364632,0.490610329,0.16627543,0.025039124
03-05-2025 18:00,18,0.045383412,0.160015649,0.175665102,0.460093897,0.142018779,0.016431925
03-05-2025 19:00,19,0.0614241,0.200704225,0.216744914,0.405320814,0.10172144,0.014084507
03-05-2025 20:00,20,0.096244131,0.254303599,0.246087637,0.327073552,0.064945227,0.011345853
03-05-2025 21:00,21,0.129890454,0.309859155,0.238654147,0.253912363,0.058685446,0.008607199
03-05-2025 22:00,22,0.143192488,0.329029734,0.223395931,0.231611894,0.064162754,0.008607199
03-05-2025 23:00,23,0.145539906,0.332550861,0.206181534,0.240610329,0.066510172,0.008607199
04-05-2025 00:00,0,0.143192488,0.323552426,0.205790297,0.246087637,0.068075117,0.012910798
04-05-2025 01:00,1,0.140453834,0.299687011,0.196400626,0.258607199,0.088028169,0.016823161
04-05-2025 02:00,2,0.131455399,0.299687011,0.198748044,0.25743349,0.092331768,0.019953052
04-05-2025 03:00,3,0.113067293,0.300469484,0.197965571,0.272300469,0.09428795,0.021517997
04-05-2025 04:00,4,0.106025039,0.291471049,0.207746479,0.274256651,0.099374022,0.021126761
04-05-2025 05:00,5,0.103286385,0.299295775,0.206964006,0.273474178,0.093505477,0.022691706
04-05-2025 06:00,6,0.089593114,0.3114241,0.218701095,0.270344288,0.08685446,0.023082942
04-05-2025 07:00,7,0.09741784,0.330203443,0.216353678,0.258215962,0.078638498,0.019170579
04-05-2025 08:00,8,0.122065728,0.362676056,0.20970266,0.222613459,0.069248826,0.013693271
04-05-2025 09:00,9,0.153364632,0.338028169,0.197574335,0.222222222,0.073552426,0.015258216
04-05-2025 10:00,10,0.156103286,0.297730829,0.207355243,0.249217527,0.075899844,0.012910798
04-05-2025 11:00,11,0.123239437,0.275039124,0.220657277,0.29342723,0.075117371,0.012519562
04-05-2025 12:00,12,0.098200313,0.248043818,0.205399061,0.347809077,0.087245696,0.012519562
04-05-2025 13:00,13,0.063771518,0.209311424,0.213223787,0.399843505,0.104068858,0.009780908
04-05-2025 14:00,14,0.052425665,0.167057903,0.185054773,0.460485133,0.123630673,0.011345853
04-05-2025 15:00,15,0.039906103,0.143192488,0.154147105,0.504303599,0.140062598,0.018388106
04-05-2025 16:00,16,0.041471049,0.121283255,0.148669797,0.511737089,0.157276995,0.019561815
04-05-2025 17:00,17,0.036776213,0.127543036,0.153364632,0.490610329,0.16627543,0.025039124
04-05-2025 18:00,18,0.045383412,0.160015649,0.175665102,0.460093897,0.142018779,0.016431925
04-05-2025 19:00,19,0.0614241,0.200704225,0.216744914,0.405320814,0.10172144,0.014084507
04-05-2025 20:00,20,0.096244131,0.254303599,0.246087637,0.327073552,0.064945227,0.011345853
04-05-2025 21:00,21,0.129890454,0.309859155,0.238654147,0.253912363,0.058685446,0.008607199
04-05-2025 22:00,22,0.143192488,0.329029734,0.223395931,0.231611894,0.064162754,0.008607199
04-05-2025 23:00,23,0.145539906,0.332550861,0.206181534,0.240610329,0.066510172,0.008607199
05-05-2025 00:00,0,0.143192488,0.323552426,0.205790297,0.246087637,0.068075117,0.012910798
05-05-2025 01:00,1,0.140453834,0.299687011,0.196400626,0.258607199,0.088028169,0.016823161
05-05-2025 02:00,2,0.131455399,0.299687011,0.198748044,0.25743349,0.092331768,0.019953052
05-05-2025 03:00,3,0.113067293,0.300469484,0.197965571,0.272300469,0.09428795,0.021517997
05-05-2025 04:00,4,0.106025039,0.291471049,0.207746479,0.274256651,0.099374022,0.021126761
05-05-2025 05:00,5,0.103286385,0.299295775,0.206964006,0.273474178,0.093505477,0.022691706
05-05-2025 06:00,6,0.089593114,0.3114241,0.218701095,0.270344288,0.08685446,0.023082942
05-05-2025 07:00,7,0.09741784,0.330203443,0.216353678,0.258215962,0.078638498,0.019170579
05-05-2025 08:00,8,0.122065728,0.362676056,0.20970266,0.222613459,0.069248826,0.013693271
05-05-2025 09:00,9,0.153364632,0.338028169,0.197574335,0.222222222,0.073552426,0.015258216
05-05-2025 10:00,10,0.156103286,0.297730829,0.207355243,0.249217527,0.075899844,0.012910798
05-05-2025 11:00,11,0.123239437,0.275039124,0.220657277,0.29342723,0.075117371,0.012519562
05-05-2025 12:00,12,0.098200313,0.248043818,0.205399061,0.347809077,0.087245696,0.012519562
05-05-2025 13:00,13,0.063771518,0.209311424,0.213223787,0.399843505,0.104068858,0.009780908
05-05-2025 14:00,14,0.052425665,0.167057903,0.185054773,0.460485133,0.123630673,0.011345853
05-05-2025 15:00,15,0.039906103,0.143192488,0.154147105,0.504303599,0.140062598,0.018388106
05-05-2025 16:00,16,0.041471049,0.121283255,0.148669797,0.511737089,0.157276995,0.019561815
05-05-2025 17:00,17,0.036776213,0.127543036,0.153364632,0.490610329,0.16627543,0.025039124
05-05-2025 18:00,18,0.045383412,0.160015649,0.175665102,0.460093897,0.142018779,0.016431925
05-05-2025 19:00,19,0.0614241,0.200704225,0.216744914,0.405320814,0.10172144,0.014084507
05-05-2025 20:00,20,0.096244131,0.254303599,0.246087637,0.327073552,0.064945227,0.011345853
05-05-2025 21:00,21,0.129890454,0.309859155,0.238654147,0.253912363,0.058685446,0.008607199
05-05-2025 22:00,22,0.143192488,0.329029734,0.223395931,0.231611894,0.064162754,0.008607199
05-05-2025 23:00,23,0.145539906,0.332550861,0.206181534,0.240610329,0.066510172,0.008607199
06-05-2025 00:00,0,0.143192488,0.323552426,0.205790297,0.246087637,0.068075117,0.012910798
06-05-2025 01:00,1,0.140453834,0.299687011,0.196400626,0.258607199,0.088028169,0.016823161
06-05-2025 02:00,2,0.131455399,0.299687011,0.198748044,0.25743349,0.092331768,0.019953052
06-05-2025 03:00,3,0.113067293,0.300469484,0.197965571,0.272300469,0.09428795,0.021517997
06-05-2025 04:00,4,0.106025039,0.291471049,0.207746479,0.274256651,0.099374022,0.021126761
06-05-2025 05:00,5,0.103286385,0.299295775,0.206964006,0.273474178,0.093505477,0.022691706
06-05-2025 06:00,6,0.089593114,0.3114241,0.218701095,0.270344288,0.08685446,0.023082942
06-05-2025 07:00,7,0.09741784,0.330203443,0.216353678,0.258215962,0.078638498,0.019170579
06-05-2025 08:00,8,0.122065728,0.362676056,0.20970266,0.222613459,0.069248826,0.013693271
06-05-2025 09:00,9,0.153364632,0.338028169,0.197574335,0.222222222,0.073552426,0.015258216
06-05-2025 10:00,10,0.156103286,0.297730829,0.207355243,0.249217527,0.075899844,0.012910798
06-05-2025 11:00,11,0.123239437,0.275039124,0.220657277,0.29342723,0.075117371,0.012519562
06-05-2025 12:00,12,0.098200313,0.248043818,0.205399061,0.347809077,0.087245696,0.012519562
06-05-2025 13:00,13,0.063771518,0.209311424,0.213223787,0.399843505,0.104068858,0.009780908
06-05-2025 14:00,14,0.052425665,0.167057903,0.185054773,0.460485133,0.123630673,0.011345853
06-05-2025 15:00,15,0.039906103,0.143192488,0.154147105,0.504303599,0.140062598,0.018388106
06-05-2025 16:00,16,0.041471049,0.121283255,0.148669797,0.511737089,0.157276995,0.019561815
06-05-2025 17:00,17,0.036776213,0.127543036,0.153364632,0.490610329,0.16627543,0.025039124
06-05-2025 18:00,18,0.045383412,0.160015649,0.175665102,0.460093897,0.142018779,0.016431925
06-05-2025 19:00,19,0.0614241,0.200704225,0.216744914,0.405320814,0.10172144,0.014084507
06-05-2025 20:00,20,0.096244131,0.254303599,0.246087637,0.327073552,0.064945227,0.011345853
06-05-2025 21:00,21,0.129890454,0.309859155,0.238654147,0.253912363,0.058685446,0.008607199
06-05-2025 22:00,22,0.143192488,0.329029734,0.223395931,0.231611894,0.064162754,0.008607199
06-05-2025 23:00,23,0.145539906,0.332550861,0.206181534,0.240610329,0.066510172,0.008607199
07-05-2025 00:00,0,0.143192488,0.323552426,0.205790297,0.246087637,0.068075117,0.012910798
07-05-2025 01:00,1,0.140453834,0.299687011,0.196400626,0.258607199,0.088028169,0.016823161
07-05-2025 02:00,2,0.131455399,0.299687011,0.198748044,0.25743349,0.092331768,0.019953052
07-05-2025 03:00,3,0.113067293,0.300469484,0.197965571,0.272300469,0.09428795,0.021517997
07-05-2025 04:00,4,0.106025039,0.291471049,0.207746479,0.274256651,0.099374022,0.021126761
07-05-2025 05:00,5,0.103286385,0.299295775,0.206964006,0.273474178,0.093505477,0.022691706
07-05-2025 06:00,6,0.089593114,0.3114241,0.218701095,0.270344288,0.08685446,0.023082942
07-05-2025 07:00,7,0.09741784,0.330203443,0.216353678,0.258215962,0.078638498,0.019170579
07-05-2025 08:00,8,0.122065728,0.362676056,0.20970266,0.222613459,0.069248826,0.013693271
07-05-2025 09:00,9,0.153364632,0.338028169,0.197574335,0.222222222,0.073552426,0.015258216
07-05-2025 10:00,10,0.156103286,0.297730829,0.207355243,0.249217527,0.075899844,0.012910798
07-05-2025 11:00,11,0.123239437,0.275039124,0.220657277,0.29342723,0.075117371,0.012519562
07-05-2025 12:00,12,0.098200313,0.248043818,0.205399061,0.347809077,0.087245696,0.012519562
07-05-2025 13:00,13,0.063771518,0.209311424,0.213223787,0.399843505,0.104068858,0.009780908
07-05-2025 14:00,14,0.052425665,0.167057903,0.185054773,0.460485133,0.123630673,0.011345853
07-05-2025 15:00,15,0.039906103,0.143192488,0.154147105,0.504303599,0.140062598,0.018388106
07-05-2025 16:00,16,0.041471049,0.121283255,0.148669797,0.511737089,0.157276995,0.019561815
07-05-2025 17:00,17,0.036776213,0.127543036,0.153364632,0.490610329,0.16627543,0.025039124
07-05-2025 18:00,18,0.045383412,0.160015649,0.175665102,0.460093897,0.142018779,0.016431925
07-05-2025 19:00,19,0.0614241,0.200704225,0.216744914,0.405320814,0.10172144,0.014084507
07-05-2025 20:00,20,0.096244131,0.254303599,0.246087637,0.327073552,0.064945227,0.011345853
07-05-2025 21:00,21,0.129890454,0.309859155,0.238654147,0.253912363,0.058685446,0.008607199
07-05-2025 22:00,22,0.143192488,0.329029734,0.223395931,0.231611894,0.064162754,0.008607199
07-05-2025 23:00,23,0.145539906,0.332550861,0.206181534,0.240610329,0.066510172,0.008607199
08-05-2025 00:00,0,0.143192488,0.323552426,0.205790297,0.246087637,0.068075117,0.012910798
08-05-2025 01:00,1,0.140453834,0.299687011,0.196400626,0.258607199,0.088028169,0.016823161
08-05-2025 02:00,2,0.131455399,0.299687011,0.198748044,0.25743349,0.092331768,0.019953052
08-05-2025 03:00,3,0.113067293,0.300469484,0.197965571,0.272300469,0.09428795,0.021517997
08-05-2025 04:00,4,0.106025039,0.291471049,0.207746479,0.274256651,0.099374022,0.021126761
08-05-2025 05:00,5,0.103286385,0.299295775,0.206964006,0.273474178,0.093505477,0.022691706
08-05-2025 06:00,6,0.089593114,0.3114241,0.218701095,0.270344288,0.08685446,0.023082942
08-05-2025 07:00,7,0.09741784,0.330203443,0.216353678,0.258215962,0.078638498,0.019170579
08-05-2025 08:00,8,0.122065728,0.362676056,0.20970266,0.222613459,0.069248826,0.013693271
08-05-2025 09:00,9,0.153364632,0.338028169,0.197574335,0.222222222,0.073552426,0.015258216
08-05-2025 10:00,10,0.156103286,0.297730829,0.207355243,0.249217527,0.075899844,0.012910798
08-05-2025 11:00,11,0.123239437,0.275039124,0.220657277,0.29342723,0.075117371,0.012519562
08-05-2025 12:00,12,0.098200313,0.248043818,0.205399061,0.347809077,0.087245696,0.012519562
08-05-2025 13:00,13,0.063771518,0.209311424,0.213223787,0.399843505,0.104068858,0.009780908
08-05-2025 14:00,14,0.052425665,0.167057903,0.185054773,0.460485133,0.123630673,0.011345853
08-05-2025 15:00,15,0.039906103,0.143192488,0.154147105,0.504303599,0.140062598,0.018388106
08-05-2025 16:00,16,0.041471049,0.121283255,0.148669797,0.511737089,0.157276995,0.019561815
08-05-2025 17:00,17,0.036776213,0.127543036,0.153364632,0.490610329,0.16627543,0.025039124
08-05-2025 18:00,18,0.045383412,0.160015649,0.175665102,0.460093897,0.142018779,0.016431925
08-05-2025 19:00,19,0.0614241,0.200704225,0.216744914,0.405320814,0.10172144,0.014084507
08-05-2025 20:00,20,0.096244131,0.254303599,0.246087637,0.327073552,0.064945227,0.011345853
08-05-2025 21:00,21,0.129890454,0.309859155,0.238654147,0.253912363,0.058685446,0.008607199
08-05-2025 22:00,22,0.143192488,0.329029734,0.223395931,0.231611894,0.064162754,0.008607199
08-05-2025 23:00,23,0.145539906,0.332550861,0.206181534,0.240610329,0.066510172,0.008607199
09-05-2025 00:00,0,0.143192488,0.323552426,0.205790297,0.246087637,0.068075117,0.012910798
09-05-2025 01:00,1,0.140453834,0.299687011,0.196400626,0.258607199,0.088028169,0.016823161
09-05-2025 02:00,2,0.131455399,0.299687011,0.198748044,0.25743349,0.092331768,0.019953052
09-05-2025 03:00,3,0.113067293,0.300469484,0.197965571,0.272300469,0.09428795,0.021517997
09-05-2025 04:00,4,0.106025039,0.291471049,0.207746479,0.274256651,0.099374022,0.021126761
09-05-2025 05:00,5,0.103286385,0.299295775,0.206964006,0.273474178,0.093505477,0.022691706
09-05-2025 06:00,6,0.089593114,0.3114241,0.218701095,0.270344288,0.08685446,0.023082942
09-05-2025 07:00,7,0.09741784,0.330203443,0.216353678,0.258215962,0.078638498,0.019170579
09-05-2025 08:00,8,0.122065728,0.362676056,0.20970266,0.222613459,0.069248826,0.013693271
09-05-2025 09:00,9,0.153364632,0.338028169,0.197574335,0.222222222,0.073552426,0.015258216
09-05-2025 10:00,10,0.156103286,0.297730829,0.207355243,0.249217527,0.075899844,0.012910798
09-05-2025 11:00,11,0.123239437,0.275039124,0.220657277,0.29342723,0.075117371,0.012519562
09-05-2025 12:00,12,0.098200313,0.248043818,0.205399061,0.347809077,0.087245696,0.012519562
09-05-2025 13:00,13,0.063771518,0.209311424,0.213223787,0.399843505,0.104068858,0.009780908
09-05-2025 14:00,14,0.052425665,0.167057903,0.185054773,0.460485133,0.123630673,0.011345853
09-05-2025 15:00,15,0.039906103,0.143192488,0.154147105,0.504303599,0.140062598,0.018388106
09-05-2025 16:00,16,0.041471049,0.121283255,0.148669797,0.511737089,0.157276995,0.019561815
09-05-2025 17:00,17,0.036776213,0.127543036,0.153364632,0.490610329,0.16627543,0.025039124
09-05-2025 18:00,18,0.045383412,0.160015649,0.175665102,0.460093897,0.142018779,0.016431925
09-05-2025 19:00,19,0.0614241,0.200704225,0.216744914,0.405320814,0.10172144,0.014084507
09-05-2025 20:00,20,0.096244131,0.254303599,0.246087637,0.327073552,0.064945227,0.011345853
09-05-2025 21:00,21,0.129890454,0.309859155,0.238654147,0.253912363,0.058685446,0.008607199
09-05-2025 22:00,22,0.143192488,0.329029734,0.223395931,0.231611894,0.064162754,0.008607199
09-05-2025 23:00,23,0.145539906,0.332550861,0.206181534,0.240610329,0.066510172,0.008607199
10-05-2025 00:00,0,0.143192488,0.323552426,0.205790297,0.246087637,0.068075117,0.012910798
10-05-2025 01:00,1,0.140453834,0.299687011,0.196400626,0.258607199,0.088028169,0.016823161
10-05-2025 02:00,2,0.131455399,0.299687011,0.198748044,0.25743349,0.092331768,0.019953052
10-05-2025 03:00,3,0.113067293,0.300469484,0.197965571,0.272300469,0.09428795,0.021517997
10-05-2025 04:00,4,0.106025039,0.291471049,0.207746479,0.274256651,0.099374022,0.021126761
10-05-2025 05:00,5,0.103286385,0.299295775,0.206964006,0.273474178,0.093505477,0.022691706
10-05-2025 06:00,6,0.089593114,0.3114241,0.218701095,0.270344288,0.08685446,0.023082942
10-05-2025 07:00,7,0.09741784,0.330203443,0.216353678,0.258215962,0.078638498,0.019170579
10-05-2025 08:00,8,0.122065728,0.362676056,0.20970266,0.222613459,0.069248826,0.013693271
10-05-2025 09:00,9,0.153364632,0.338028169,0.197574335,0.222222222,0.073552426,0.015258216
10-05-2025 10:00,10,0.156103286,0.297730829,0.207355243,0.249217527,0.075899844,0.012910798
10-05-2025 11:00,11,0.123239437,0.275039124,0.220657277,0.29342723,0.075117371,0.012519562
10-05-2025 12:00,12,0.098200313,0.248043818,0.205399061,0.347809077,0.087245696,0.012519562
10-05-2025 13:00,13,0.063771518,0.209311424,0.213223787,0.399843505,0.104068858,0.009780908
10-05-2025 14:00,14,0.052425665,0.167057903,0.185054773,0.460485133,0.123630673,0.011345853
10-05-2025 15:00,15,0.039906103,0.143192488,0.154147105,0.504303599,0.140062598,0.018388106
10-05-2025 16:00,16,0.041471049,0.121283255,0.148669797,0.511737089,0.157276995,0.019561815
10-05-2025 17:00,17,0.036776213,0.127543036,0.153364632,0.490610329,0.16627543,0.025039124
10-05-2025 18:00,18,0.045383412,0.160015649,0.175665102,0.460093897,0.142018779,0.016431925
10-05-2025 19:00,19,0.0614241,0.200704225,0.216744914,0.405320814,0.10172144,0.014084507
10-05-2025 20:00,20,0.096244131,0.254303599,0.246087637,0.327073552,0.064945227,0.011345853
10-05-2025 21:00,21,0.129890454,0.309859155,0.238654147,0.253912363,0.058685446,0.008607199
10-05-2025 22:00,22,0.143192488,0.329029734,0.223395931,0.231611894,0.064162754,0.008607199
10-05-2025 23:00,23,0.145539906,0.332550861,0.206181534,0.240610329,0.066510172,0.008607199
11-05-2025 00:00,0,0.143192488,0.323552426,0.205790297,0.246087637,0.068075117,0.012910798
11-05-2025 01:00,1,0.140453834,0.299687011,0.196400626,0.258607199,0.088028169,0.016823161
11-05-2025 02:00,2,0.131455399,0.299687011,0.198748044,0.25743349,0.092331768,0.019953052
11-05-2025 03:00,3,0.113067293,0.300469484,0.197965571,0.272300469,0.09428795,0.021517997
11-05-2025 04:00,4,0.106025039,0.291471049,0.207746479,0.274256651,0.099374022,0.021126761
11-05-2025 05:00,5,0.103286385,0.299295775,0.206964006,0.273474178,0.093505477,0.022691706
11-05-2025 06:00,6,0.089593114,0.3114241,0.218701095,0.270344288,0.08685446,0.023082942
11-05-2025 07:00,7,0.09741784,0.330203443,0.216353678,0.258215962,0.078638498,0.019170579
11-05-2025 08:00,8,0.122065728,0.362676056,0.20970266,0.222613459,0.069248826,0.013693271
11-05-2025 09:00,9,0.153364632,0.338028169,0.197574335,0.222222222,0.073552426,0.015258216
11-05-2025 10:00,10,0.156103286,0.297730829,0.207355243,0.249217527,0.075899844,0.012910798
11-05-2025 11:00,11,0.123239437,0.275039124,0.220657277,0.29342723,0.075117371,0.012519562
11-05-2025 12:00,12,0.098200313,0.248043818,0.205399061,0.347809077,0.087245696,0.012519562
11-05-2025 13:00,13,0.063771518,0.209311424,0.213223787,0.399843505,0.104068858,0.009780908
11-05-2025 14:00,14,0.052425665,0.167057903,0.185054773,0.460485133,0.123630673,0.011345853
11-05-2025 15:00,15,0.039906103,0.143192488,0.154147105,0.504303599,0.140062598,0.018388106
11-05-2025 16:00,16,0.041471049,0.121283255,0.148669797,0.511737089,0.157276995,0.019561815
11-05-2025 17:00,17,0.036776213,0.127543036,0.153364632,0.490610329,0.16627543,0.025039124
11-05-2025 18:00,18,0.045383412,0.160015649,0.175665102,0.460093897,0.142018779,0.016431925
11-05-2025 19:00,19,0.0614241,0.200704225,0.216744914,0.405320814,0.10172144,0.014084507
11-05-2025 20:00,20,0.096244131,0.254303599,0.246087637,0.327073552,0.064945227,0.011345853
11-05-2025 21:00,21,0.129890454,0.309859155,0.238654147,0.253912363,0.058685446,0.008607199
11-05-2025 22:00,22,0.143192488,0.329029734,0.223395931,0.231611894,0.064162754,0.008607199
11-05-2025 23:00,23,0.145539906,0.332550861,0.206181534,0.240610329,0.066510172,0.008607199
12-05-2025 00:00,0,0.143192488,0.323552426,0.205790297,0.246087637,0.068075117,0.012910798
12-05-2025 01:00,1,0.140453834,0.299687011,0.196400626,0.258607199,0.088028169,0.016823161
12-05-2025 02:00,2,0.131455399,0.299687011,0.198748044,0.25743349,0.092331768,0.019953052
12-05-2025 03:00,3,0.113067293,0.300469484,0.197965571,0.272300469,0.09428795,0.021517997
12-05-2025 04:00,4,0.106025039,0.291471049,0.207746479,0.274256651,0.099374022,0.021126761
12-05-2025 05:00,5,0.103286385,0.299295775,0.206964006,0.273474178,0.093505477,0.022691706
12-05-2025 06:00,6,0.089593114,0.3114241,0.218701095,0.270344288,0.08685446,0.023082942
12-05-2025 07:00,7,0.09741784,0.330203443,0.216353678,0.258215962,0.078638498,0.019170579
12-05-2025 08:00,8,0.122065728,0.362676056,0.20970266,0.222613459,0.069248826,0.013693271
12-05-2025 09:00,9,0.153364632,0.338028169,0.197574335,0.222222222,0.073552426,0.015258216
12-05-2025 10:00,10,0.156103286,0.297730829,0.207355243,0.249217527,0.075899844,0.012910798
12-05-2025 11:00,11,0.123239437,0.275039124,0.220657277,0.29342723,0.075117371,0.012519562
12-05-2025 12:00,12,0.098200313,0.248043818,0.205399061,0.347809077,0.087245696,0.012519562
12-05-2025 13:00,13,0.063771518,0.209311424,0.213223787,0.399843505,0.104068858,0.009780908
12-05-2025 14:00,14,0.052425665,0.167057903,0.185054773,0.460485133,0.123630673,0.011345853
12-05-2025 15:00,15,0.039906103,0.143192488,0.154147105,0.504303599,0.140062598,0.018388106
12-05-2025 16:00,16,0.041471049,0.121283255,0.148669797,0.511737089,0.157276995,0.019561815
12-05-2025 17:00,17,0.036776213,0.127543036,0.153364632,0.490610329,0.16627543,0.025039124
12-05-2025 18:00,18,0.045383412,0.160015649,0.175665102,0.460093897,0.142018779,0.016431925
12-05-2025 19:00,19,0.0614241,0.200704225,0.216744914,0.405320814,0.10172144,0.014084507
12-05-2025 20:00,20,0.096244131,0.254303599,0.246087637,0.327073552,0.064945227,0.011345853
12-05-2025 21:00,21,0.129890454,0.309859155,0.238654147,0.253912363,0.058685446,0.008607199
12-05-2025 22:00,22,0.143192488,0.329029734,0.223395931,0.231611894,0.064162754,0.008607199
12-05-2025 23:00,23,0.145539906,0.332550861,0.206181534,0.240610329,0.066510172,0.008607199
13-05-2025 00:00,0,0.143192488,0.323552426,0.205790297,0.246087637,0.068075117,0.012910798
13-05-2025 01:00,1,0.140453834,0.299687011,0.196400626,0.258607199,0.088028169,0.016823161
13-05-2025 02:00,2,0.131455399,0.299687011,0.198748044,0.25743349,0.092331768,0.019953052
13-05-2025 03:00,3,0.113067293,0.300469484,0.197965571,0.272300469,0.09428795,0.021517997
13-05-2025 04:00,4,0.106025039,0.291471049,0.207746479,0.274256651,0.099374022,0.021126761
13-05-2025 05:00,5,0.103286385,0.299295775,0.206964006,0.273474178,0.093505477,0.022691706
13-05-2025 06:00,6,0.089593114,0.3114241,0.218701095,0.270344288,0.08685446,0.023082942
13-05-2025 07:00,7,0.09741784,0.330203443,0.216353678,0.258215962,0.078638498,0.019170579
13-05-2025 08:00,8,0.122065728,0.362676056,0.20970266,0.222613459,0.069248826,0.013693271
13-05-2025 09:00,9,0.153364632,0.338028169,0.197574335,0.222222222,0.073552426,0.015258216
13-05-2025 10:00,10,0.156103286,0.297730829,0.207355243,0.249217527,0.075899844,0.012910798
13-05-2025 11:00,11,0.123239437,0.275039124,0.220657277,0.29342723,0.075117371,0.012519562
13-05-2025 12:00,12,0.098200313,0.248043818,0.205399061,0.347809077,0.087245696,0.012519562
13-05-2025 13:00,13,0.063771518,0.209311424,0.213223787,0.399843505,0.104068858,0.009780908
13-05-2025 14:00,14,0.052425665,0.167057903,0.185054773,0.460485133,0.123630673,0.011345853
13-05-2025 15:00,15,0.039906103,0.143192488,0.154147105,0.504303599,0.140062598,0.018388106
13-05-2025 16:00,16,0.041471049,0.121283255,0.148669797,0.511737089,0.157276995,0.019561815
13-05-2025 17:00,17,0.036776213,0.127543036,0.153364632,0.490610329,0.16627543,0.025039124
13-05-2025 18:00,18,0.045383412,0.160015649,0.175665102,0.460093897,0.142018779,0.016431925
13-05-2025 19:00,19,0.0614241,0.200704225,0.216744914,0.405320814,0.10172144,0.014084507
13-05-2025 20:00,20,0.096244131,0.254303599,0.246087637,0.327073552,0.064945227,0.011345853
13-05-2025 21:00,21,0.129890454,0.309859155,0.238654147,0.253912363,0.058685446,0.008607199
13-05-2025 22:00,22,0.143192488,0.329029734,0.223395931,0.231611894,0.064162754,0.008607199
13-05-2025 23:00,23,0.145539906,0.332550861,0.206181534,0.240610329,0.066510172,0.008607199
14-05-2025 00:00,0,0.143192488,0.323552426,0.205790297,0.246087637,0.068075117,0.012910798
14-05-2025 01:00,1,0.140453834,0.299687011,0.196400626,0.258607199,0.088028169,0.016823161
14-05-2025 02:00,2,0.131455399,0.299687011,0.198748044,0.25743349,0.092331768,0.019953052
14-05-2025 03:00,3,0.113067293,0.300469484,0.197965571,0.272300469,0.09428795,0.021517997
14-05-2025 04:00,4,0.106025039,0.291471049,0.207746479,0.274256651,0.099374022,0.021126761
14-05-2025 05:00,5,0.103286385,0.299295775,0.206964006,0.273474178,0.093505477,0.022691706
14-05-2025 06:00,6,0.089593114,0.3114241,0.218701095,0.270344288,0.08685446,0.023082942
14-05-2025 07:00,7,0.09741784,0.330203443,0.216353678,0.258215962,0.078638498,0.019170579
14-05-2025 08:00,8,0.122065728,0.362676056,0.20970266,0.222613459,0.069248826,0.013693271
14-05-2025 09:00,9,0.153364632,0.338028169,0.197574335,0.222222222,0.073552426,0.015258216
14-05-2025 10:00,10,0.156103286,0.297730829,0.207355243,0.249217527,0.075899844,0.012910798
14-05-2025 11:00,11,0.123239437,0.275039124,0.220657277,0.29342723,0.075117371,0.012519562
14-05-2025 12:00,12,0.098200313,0.248043818,0.205399061,0.347809077,0.087245696,0.012519562
14-05-2025 13:00,13,0.063771518,0.209311424,0.213223787,0.399843505,0.104068858,0.009780908
14-05-2025 14:00,14,0.052425665,0.167057903,0.185054773,0.460485133,0.123630673,0.011345853
14-05-2025 15:00,15,0.039906103,0.143192488,0.154147105,0.504303599,0.140062598,0.018388106
14-05-2025 16:00,16,0.041471049,0.121283255,0.148669797,0.511737089,0.157276995,0.019561815
14-05-2025 17:00,17,0.036776213,0.127543036,0.153364632,0.490610329,0.16627543,0.025039124
14-05-2025 18:00,18,0.045383412,0.160015649,0.175665102,0.460093897,0.142018779,0.016431925
14-05-2025 19:00,19,0.0614241,0.200704225,0.216744914,0.405320814,0.10172144,0.014084507
14-05-2025 20:00,20,0.096244131,0.254303599,0.246087637,0.327073552,0.064945227,0.011345853
14-05-2025 21:00,21,0.129890454,0.309859155,0.238654147,0.253912363,0.058685446,0.008607199
14-05-2025 22:00,22,0.143192488,0.329029734,0.223395931,0.231611894,0.064162754,0.008607199
14-05-2025 23:00,23,0.145539906,0.332550861,0.206181534,0.240610329,0.066510172,0.008607199
15-05-2025 00:00,0,0.143192488,0.323552426,0.205790297,0.246087637,0.068075117,0.012910798
15-05-2025 01:00,1,0.140453834,0.299687011,0.196400626,0.258607199,0.088028169,0.016823161
15-05-2025 02:00,2,0.131455399,0.299687011,0.198748044,0.25743349,0.092331768,0.019953052
15-05-2025 03:00,3,0.113067293,0.300469484,0.197965571,0.272300469,0.09428795,0.021517997
15-05-2025 04:00,4,0.106025039,0.291471049,0.207746479,0.274256651,0.099374022,0.021126761
15-05-2025 05:00,5,0.103286385,0.299295775,0.206964006,0.273474178,0.093505477,0.022691706
15-05-2025 06:00,6,0.089593114,0.3114241,0.218701095,0.270344288,0.08685446,0.023082942
15-05-2025 07:00,7,0.09741784,0.330203443,0.216353678,0.258215962,0.078638498,0.019170579
15-05-2025 08:00,8,0.122065728,0.362676056,0.20970266,0.222613459,0.069248826,0.013693271
15-05-2025 09:00,9,0.153364632,0.338028169,0.197574335,0.222222222,0.073552426,0.015258216
15-05-2025 10:00,10,0.156103286,0.297730829,0.207355243,0.249217527,0.075899844,0.012910798
15-05-2025 11:00,11,0.123239437,0.275039124,0.220657277,0.29342723,0.075117371,0.012519562
15-05-2025 12:00,12,0.098200313,0.248043818,0.205399061,0.347809077,0.087245696,0.012519562
15-05-2025 13:00,13,0.063771518,0.209311424,0.213223787,0.399843505,0.104068858,0.009780908
15-05-2025 14:00,14,0.052425665,0.167057903,0.185054773,0.460485133,0.123630673,0.011345853
15-05-2025 15:00,15,0.039906103,0.143192488,0.154147105,0.504303599,0.140062598,0.018388106
15-05-2025 16:00,16,0.041471049,0.121283255,0.148669797,0.511737089,0.157276995,0.019561815
15-05-2025 17:00,17,0.036776213,0.127543036,0.153364632,0.490610329,0.16627543,0.025039124
15-05-2025 18:00,18,0.045383412,0.160015649,0.175665102,0.460093897,0.142018779,0.016431925
15-05-2025 19:00,19,0.0614241,0.200704225,0.216744914,0.405320814,0.10172144,0.014084507
15-05-2025 20:00,20,0.096244131,0.254303599,0.246087637,0.327073552,0.064945227,0.011345853
15-05-2025 21:00,21,0.129890454,0.309859155,0.238654147,0.253912363,0.058685446,0.008607199
15-05-2025 22:00,22,0.143192488,0.329029734,0.223395931,0.231611894,0.064162754,0.008607199
15-05-2025 23:00,23,0.145539906,0.332550861,0.206181534,0.240610329,0.066510172,0.008607199
16-05-2025 00:00,0,0.143192488,0.323552426,0.205790297,0.246087637,0.068075117,0.012910798
16-05-2025 01:00,1,0.140453834,0.299687011,0.196400626,0.258607199,0.088028169,0.016823161
16-05-2025 02:00,2,0.131455399,0.299687011,0.198748044,0.25743349,0.092331768,0.019953052
16-05-2025 03:00,3,0.113067293,0.300469484,0.197965571,0.272300469,0.09428795,0.021517997
16-05-2025 04:00,4,0.106025039,0.291471049,0.207746479,0.274256651,0.099374022,0.021126761
16-05-2025 05:00,5,0.103286385,0.299295775,0.206964006,0.273474178,0.093505477,0.022691706
16-05-2025 06:00,6,0.089593114,0.3114241,0.218701095,0.270344288,0.08685446,0.023082942
16-05-2025 07:00,7,0.09741784,0.330203443,0.216353678,0.258215962,0.078638498,0.019170579
16-05-2025 08:00,8,0.122065728,0.362676056,0.20970266,0.222613459,0.069248826,0.013693271
16-05-2025 09:00,9,0.153364632,0.338028169,0.197574335,0.222222222,0.073552426,0.015258216
16-05-2025 10:00,10,0.156103286,0.297730829,0.207355243,0.249217527,0.075899844,0.012910798
16-05-2025 11:00,11,0.123239437,0.275039124,0.220657277,0.29342723,0.075117371,0.012519562
16-05-2025 12:00,12,0.098200313,0.248043818,0.205399061,0.347809077,0.087245696,0.012519562
16-05-2025 13:00,13,0.063771518,0.209311424,0.213223787,0.399843505,0.104068858,0.009780908
16-05-2025 14:00,14,0.052425665,0.167057903,0.185054773,0.460485133,0.123630673,0.011345853
16-05-2025 15:00,15,0.039906103,0.143192488,0.154147105,0.504303599,0.140062598,0.018388106
16-05-2025 16:00,16,0.041471049,0.121283255,0.148669797,0.511737089,0.157276995,0.019561815
16-05-2025 17:00,17,0.036776213,0.127543036,0.153364632,0.490610329,0.16627543,0.025039124
16-05-2025 18:00,18,0.045383412,0.160015649,0.175665102,0.460093897,0.142018779,0.016431925
16-05-2025 19:00,19,0.0614241,0.200704225,0.216744914,0.405320814,0.10172144,0.014084507
16-05-2025 20:00,20,0.096244131,0.254303599,0.246087637,0.327073552,0.064945227,0.011345853
16-05-2025 21:00,21,0.129890454,0.309859155,0.238654147,0.253912363,0.058685446,0.008607199
16-05-2025 22:00,22,0.143192488,0.329029734,0.223395931,0.231611894,0.064162754,0.008607199
16-05-2025 23:00,23,0.145539906,0.332550861,0.206181534,0.240610329,0.066510172,0.008607199
17-05-2025 00:00,0,0.143192488,0.323552426,0.205790297,0.246087637,0.068075117,0.012910798
17-05-2025 01:00,1,0.140453834,0.299687011,0.196400626,0.258607199,0.088028169,0.016823161
17-05-2025 02:00,2,0.131455399,0.299687011,0.198748044,0.25743349,0.092331768,0.019953052
17-05-2025 03:00,3,0.113067293,0.300469484,0.197965571,0.272300469,0.09428795,0.021517997
17-05-2025 04:00,4,0.106025039,0.291471049,0.207746479,0.274256651,0.099374022,0.021126761
17-05-2025 05:00,5,0.103286385,0.299295775,0.206964006,0.273474178,0.093505477,0.022691706
17-05-2025 06:00,6,0.089593114,0.3114241,0.218701095,0.270344288,0.08685446,0.023082942
17-05-2025 07:00,7,0.09741784,0.330203443,0.216353678,0.258215962,0.078638498,0.019170579
17-05-2025 08:00,8,0.122065728,0.362676056,0.20970266,0.222613459,0.069248826,0.013693271
17-05-2025 09:00,9,0.153364632,0.338028169,0.197574335,0.222222222,0.073552426,0.015258216
17-05-2025 10:00,10,0.156103286,0.297730829,0.207355243,0.249217527,0.075899844,0.012910798
17-05-2025 11:00,11,0.123239437,0.275039124,0.220657277,0.29342723,0.075117371,0.012519562
17-05-2025 12:00,12,0.098200313,0.248043818,0.205399061,0.347809077,0.087245696,0.012519562
17-05-2025 13:00,13,0.063771518,0.209311424,0.213223787,0.399843505,0.104068858,0.009780908
17-05-2025 14:00,14,0.052425665,0.167057903,0.185054773,0.460485133,0.123630673,0.011345853
17-05-2025 15:00,15,0.039906103,0.143192488,0.154147105,0.504303599,0.140062598,0.018388106
17-05-2025 16:00,16,0.041471049,0.121283255,0.148669797,0.511737089,0.157276995,0.019561815
17-05-2025 17:00,17,0.036776213,0.127543036,0.153364632,0.490610329,0.16627543,0.025039124
17-05-2025 18:00,18,0.045383412,0.160015649,0.175665102,0.460093897,0.142018779,0.016431925
17-05-2025 19:00,19,0.0614241,0.200704225,0.216744914,0.405320814,0.10172144,0.014084507
17-05-2025 20:00,20,0.096244131,0.254303599,0.246087637,0.327073552,0.064945227,0.011345853
17-05-2025 21:00,21,0.129890454,0.309859155,0.238654147,0.253912363,0.058685446,0.008607199
17-05-2025 22:00,22,0.143192488,0.329029734,0.223395931,0.231611894,0.064162754,0.008607199
17-05-2025 23:00,23,0.145539906,0.332550861,0.206181534,0.240610329,0.066510172,0.008607199
18-05-2025 00:00,0,0.143192488,0.323552426,0.205790297,0.246087637,0.068075117,0.012910798
18-05-2025 01:00,1,0.140453834,0.299687011,0.196400626,0.258607199,0.088028169,0.016823161
18-05-2025 02:00,2,0.131455399,0.299687011,0.198748044,0.25743349,0.092331768,0.019953052
18-05-2025 03:00,3,0.113067293,0.300469484,0.197965571,0.272300469,0.09428795,0.021517997
18-05-2025 04:00,4,0.106025039,0.291471049,0.207746479,0.274256651,0.099374022,0.021126761
18-05-2025 05:00,5,0.103286385,0.299295775,0.206964006,0.273474178,0.093505477,0.022691706
18-05-2025 06:00,6,0.089593114,0.3114241,0.218701095,0.270344288,0.08685446,0.023082942
18-05-2025 07:00,7,0.09741784,0.330203443,0.216353678,0.258215962,0.078638498,0.019170579
18-05-2025 08:00,8,0.122065728,0.362676056,0.20970266,0.222613459,0.069248826,0.013693271
18-05-2025 09:00,9,0.153364632,0.338028169,0.197574335,0.222222222,0.073552426,0.015258216
18-05-2025 10:00,10,0.156103286,0.297730829,0.207355243,0.249217527,0.075899844,0.012910798
18-05-2025 11:00,11,0.123239437,0.275039124,0.220657277,0.29342723,0.075117371,0.012519562
18-05-2025 12:00,12,0.098200313,0.248043818,0.205399061,0.347809077,0.087245696,0.012519562
18-05-2025 13:00,13,0.063771518,0.209311424,0.213223787,0.399843505,0.104068858,0.009780908
18-05-2025 14:00,14,0.052425665,0.167057903,0.185054773,0.460485133,0.123630673,0.011345853
18-05-2025 15:00,15,0.039906103,0.143192488,0.154147105,0.504303599,0.140062598,0.018388106
18-05-2025 16:00,16,0.041471049,0.121283255,0.148669797,0.511737089,0.157276995,0.019561815
18-05-2025 17:00,17,0.036776213,0.127543036,0.153364632,0.490610329,0.16627543,0.025039124
18-05-2025 18:00,18,0.045383412,0.160015649,0.175665102,0.460093897,0.142018779,0.016431925
18-05-2025 19:00,19,0.0614241,0.200704225,0.216744914,0.405320814,0.10172144,0.014084507
18-05-2025 20:00,20,0.096244131,0.254303599,0.246087637,0.327073552,0.064945227,0.011345853
18-05-2025 21:00,21,0.129890454,0.309859155,0.238654147,0.253912363,0.058685446,0.008607199
18-05-2025 22:00,22,0.143192488,0.329029734,0.223395931,0.231611894,0.064162754,0.008607199
18-05-2025 23:00,23,0.145539906,0.332550861,0.206181534,0.240610329,0.066510172,0.008607199
19-05-2025 00:00,0,0.143192488,0.323552426,0.205790297,0.246087637,0.068075117,0.012910798
19-05-2025 01:00,1,0.140453834,0.299687011,0.196400626,0.258607199,0.088028169,0.016823161
19-05-2025 02:00,2,0.131455399,0.299687011,0.198748044,0.25743349,0.092331768,0.019953052
19-05-2025 03:00,3,0.113067293,0.300469484,0.197965571,0.272300469,0.09428795,0.021517997
19-05-2025 04:00,4,0.106025039,0.291471049,0.207746479,0.274256651,0.099374022,0.021126761
19-05-2025 05:00,5,0.103286385,0.299295775,0.206964006,0.273474178,0.093505477,0.022691706
19-05-2025 06:00,6,0.089593114,0.3114241,0.218701095,0.270344288,0.08685446,0.023082942
19-05-2025 07:00,7,0.09741784,0.330203443,0.216353678,0.258215962,0.078638498,0.019170579
19-05-2025 08:00,8,0.122065728,0.362676056,0.20970266,0.222613459,0.069248826,0.013693271
19-05-2025 09:00,9,0.153364632,0.338028169,0.197574335,0.222222222,0.073552426,0.015258216
19-05-2025 10:00,10,0.156103286,0.297730829,0.207355243,0.249217527,0.075899844,0.012910798
19-05-2025 11:00,11,0.123239437,0.275039124,0.220657277,0.29342723,0.075117371,0.012519562
19-05-2025 12:00,12,0.098200313,0.248043818,0.205399061,0.347809077,0.087245696,0.012519562
19-05-2025 13:00,13,0.063771518,0.209311424,0.213223787,0.399843505,0.104068858,0.009780908
19-05-2025 14:00,14,0.052425665,0.167057903,0.185054773,0.460485133,0.123630673,0.011345853
19-05-2025 15:00,15,0.039906103,0.143192488,0.154147105,0.504303599,0.140062598,0.018388106
19-05-2025 16:00,16,0.041471049,0.121283255,0.148669797,0.511737089,0.157276995,0.019561815
19-05-2025 17:00,17,0.036776213,0.127543036,0.153364632,0.490610329,0.16627543,0.025039124
19-05-2025 18:00,18,0.045383412,0.160015649,0.175665102,0.460093897,0.142018779,0.016431925
19-05-2025 19:00,19,0.0614241,0.200704225,0.216744914,0.405320814,0.10172144,0.014084507
19-05-2025 20:00,20,0.096244131,0.254303599,0.246087637,0.327073552,0.064945227,0.011345853
19-05-2025 21:00,21,0.129890454,0.309859155,0.238654147,0.253912363,0.058685446,0.008607199
19-05-2025 22:00,22,0.143192488,0.329029734,0.223395931,0.231611894,0.064162754,0.008607199
19-05-2025 23:00,23,0.145539906,0.332550861,0.206181534,0.240610329,0.066510172,0.008607199
20-05-2025 00:00,0,0.143192488,0.323552426,0.205790297,0.246087637,0.068075117,0.012910798
20-05-2025 01:00,1,0.140453834,0.299687011,0.196400626,0.258607199,0.088028169,0.016823161
20-05-2025 02:00,2,0.131455399,0.299687011,0.198748044,0.25743349,0.092331768,0.019953052
20-05-2025 03:00,3,0.113067293,0.300469484,0.197965571,0.272300469,0.09428795,0.021517997
20-05-2025 04:00,4,0.106025039,0.291471049,0.207746479,0.274256651,0.099374022,0.021126761
20-05-2025 05:00,5,0.103286385,0.299295775,0.206964006,0.273474178,0.093505477,0.022691706
20-05-2025 06:00,6,0.089593114,0.3114241,0.218701095,0.270344288,0.08685446,0.023082942
20-05-2025 07:00,7,0.09741784,0.330203443,0.216353678,0.258215962,0.078638498,0.019170579
20-05-2025 08:00,8,0.122065728,0.362676056,0.20970266,0.222613459,0.069248826,0.013693271
20-05-2025 09:00,9,0.153364632,0.338028169,0.197574335,0.222222222,0.073552426,0.015258216
20-05-2025 10:00,10,0.156103286,0.297730829,0.207355243,0.249217527,0.075899844,0.012910798
20-05-2025 11:00,11,0.123239437,0.275039124,0.220657277,0.29342723,0.075117371,0.012519562
20-05-2025 12:00,12,0.098200313,0.248043818,0.205399061,0.347809077,0.087245696,0.012519562
20-05-2025 13:00,13,0.063771518,0.209311424,0.213223787,0.399843505,0.104068858,0.009780908
20-05-2025 14:00,14,0.052425665,0.167057903,0.185054773,0.460485133,0.123630673,0.011345853
20-05-2025 15:00,15,0.039906103,0.143192488,0.154147105,0.504303599,0.140062598,0.018388106
20-05-2025 16:00,16,0.041471049,0.121283255,0.148669797,0.511737089,0.157276995,0.019561815
20-05-2025 17:00,17,0.036776213,0.127543036,0.153364632,0.490610329,0.16627543,0.025039124
20-05-2025 18:00,18,0.045383412,0.160015649,0.175665102,0.460093897,0.142018779,0.016431925
20-05-2025 19:00,19,0.0614241,0.200704225,0.216744914,0.405320814,0.10172144,0.014084507
20-05-2025 20:00,20,0.096244131,0.254303599,0.246087637,0.327073552,0.064945227,0.011345853
20-05-2025 21:00,21,0.129890454,0.309859155,0.238654147,0.253912363,0.058685446,0.008607199
20-05-2025 22:00,22,0.143192488,0.329029734,0.223395931,0.231611894,0.064162754,0.008607199
20-05-2025 23:00,23,0.145539906,0.332550861,0.206181534,0.240610329,0.066510172,0.008607199
21-05-2025 00:00,0,0.143192488,0.323552426,0.205790297,0.246087637,0.068075117,0.012910798
21-05-2025 01:00,1,0.140453834,0.299687011,0.196400626,0.258607199,0.088028169,0.016823161
21-05-2025 02:00,2,0.131455399,0.299687011,0.198748044,0.25743349,0.092331768,0.019953052
21-05-2025 03:00,3,0.113067293,0.300469484,0.197965571,0.272300469,0.09428795,0.021517997
21-05-2025 04:00,4,0.106025039,0.291471049,0.207746479,0.274256651,0.099374022,0.021126761
21-05-2025 05:00,5,0.103286385,0.299295775,0.206964006,0.273474178,0.093505477,0.022691706
21-05-2025 06:00,6,0.089593114,0.3114241,0.218701095,0.270344288,0.08685446,0.023082942
21-05-2025 07:00,7,0.09741784,0.330203443,0.216353678,0.258215962,0.078638498,0.019170579
21-05-2025 08:00,8,0.122065728,0.362676056,0.20970266,0.222613459,0.069248826,0.013693271
21-05-2025 09:00,9,0.153364632,0.338028169,0.197574335,0.222222222,0.073552426,0.015258216
21-05-2025 10:00,10,0.156103286,0.297730829,0.207355243,0.249217527,0.075899844,0.012910798
21-05-2025 11:00,11,0.123239437,0.275039124,0.220657277,0.29342723,0.075117371,0.012519562
21-05-2025 12:00,12,0.098200313,0.248043818,0.205399061,0.347809077,0.087245696,0.012519562
21-05-2025 13:00,13,0.063771518,0.209311424,0.213223787,0.399843505,0.104068858,0.009780908
21-05-2025 14:00,14,0.052425665,0.167057903,0.185054773,0.460485133,0.123630673,0.011345853
21-05-2025 15:00,15,0.039906103,0.143192488,0.154147105,0.504303599,0.140062598,0.018388106
21-05-2025 16:00,16,0.041471049,0.121283255,0.148669797,0.511737089,0.157276995,0.019561815
21-05-2025 17:00,17,0.036776213,0.127543036,0.153364632,0.490610329,0.16627543,0.025039124
21-05-2025 18:00,18,0.045383412,0.160015649,0.175665102,0.460093897,0.142018779,0.016431925
21-05-2025 19:00,19,0.0614241,0.200704225,0.216744914,0.405320814,0.10172144,0.014084507
21-05-2025 20:00,20,0.096244131,0.254303599,0.246087637,0.327073552,0.064945227,0.011345853
21-05-2025 21:00,21,0.129890454,0.309859155,0.238654147,0.253912363,0.058685446,0.008607199
21-05-2025 22:00,22,0.143192488,0.329029734,0.223395931,0.231611894,0.064162754,0.008607199
21-05-2025 23:00,23,0.145539906,0.332550861,0.206181534,0.240610329,0.066510172,0.008607199
22-05-2025 00:00,0,0.143192488,0.323552426,0.205790297,0.246087637,0.068075117,0.012910798
22-05-2025 01:00,1,0.140453834,0.299687011,0.196400626,0.258607199,0.088028169,0.016823161
22-05-2025 02:00,2,0.131455399,0.299687011,0.198748044,0.25743349,0.092331768,0.019953052
22-05-2025 03:00,3,0.113067293,0.300469484,0.197965571,0.272300469,0.09428795,0.021517997
22-05-2025 04:00,4,0.106025039,0.291471049,0.207746479,0.274256651,0.099374022,0.021126761
22-05-2025 05:00,5,0.103286385,0.299295775,0.206964006,0.273474178,0.093505477,0.022691706
22-05-2025 06:00,6,0.089593114,0.3114241,0.218701095,0.270344288,0.08685446,0.023082942
22-05-2025 07:00,7,0.09741784,0.330203443,0.216353678,0.258215962,0.078638498,0.019170579
22-05-2025 08:00,8,0.122065728,0.362676056,0.20970266,0.222613459,0.069248826,0.013693271
22-05-2025 09:00,9,0.153364632,0.338028169,0.197574335,0.222222222,0.073552426,0.015258216
22-05-2025 10:00,10,0.156103286,0.297730829,0.207355243,0.249217527,0.075899844,0.012910798
22-05-2025 11:00,11,0.123239437,0.275039124,0.220657277,0.29342723,0.075117371,0.012519562
22-05-2025 12:00,12,0.098200313,0.248043818,0.205399061,0.347809077,0.087245696,0.012519562
22-05-2025 13:00,13,0.063771518,0.209311424,0.213223787,0.399843505,0.104068858,0.009780908
22-05-2025 14:00,14,0.052425665,0.167057903,0.185054773,0.460485133,0.123630673,0.011345853
22-05-2025 15:00,15,0.039906103,0.143192488,0.154147105,0.504303599,0.140062598,0.018388106
22-05-2025 16:00,16,0.041471049,0.121283255,0.148669797,0.511737089,0.157276995,0.019561815
22-05-2025 17:00,17,0.036776213,0.127543036,0.153364632,0.490610329,0.16627543,0.025039124
22-05-2025 18:00,18,0.045383412,0.160015649,0.175665102,0.460093897,0.142018779,0.016431925
22-05-2025 19:00,19,0.0614241,0.200704225,0.216744914,0.405320814,0.10172144,0.014084507
22-05-2025 20:00,20,0.096244131,0.254303599,0.246087637,0.327073552,0.064945227,0.011345853
22-05-2025 21:00,21,0.129890454,0.309859155,0.238654147,0.253912363,0.058685446,0.008607199
22-05-2025 22:00,22,0.143192488,0.329029734,0.223395931,0.231611894,0.064162754,0.008607199
22-05-2025 23:00,23,0.145539906,0.332550861,0.206181534,0.240610329,0.066510172,0.008607199
23-05-2025 00:00,0,0.143192488,0.323552426,0.205790297,0.246087637,0.068075117,0.012910798
23-05-2025 01:00,1,0.140453834,0.299687011,0.196400626,0.258607199,0.088028169,0.016823161
23-05-2025 02:00,2,0.131455399,0.299687011,0.198748044,0.25743349,0.092331768,0.019953052
23-05-2025 03:00,3,0.113067293,0.300469484,0.197965571,0.272300469,0.09428795,0.021517997
23-05-2025 04:00,4,0.106025039,0.291471049,0.207746479,0.274256651,0.099374022,0.021126761
23-05-2025 05:00,5,0.103286385,0.299295775,0.206964006,0.273474178,0.093505477,0.022691706
23-05-2025 06:00,6,0.089593114,0.3114241,0.218701095,0.270344288,0.08685446,0.023082942
23-05-2025 07:00,7,0.09741784,0.330203443,0.216353678,0.258215962,0.078638498,0.019170579
23-05-2025 08:00,8,0.122065728,0.362676056,0.20970266,0.222613459,0.069248826,0.013693271
23-05-2025 09:00,9,0.153364632,0.338028169,0.197574335,0.222222222,0.073552426,0.015258216
23-05-2025 10:00,10,0.156103286,0.297730829,0.207355243,0.249217527,0.075899844,0.012910798
23-05-2025 11:00,11,0.123239437,0.275039124,0.220657277,0.29342723,0.075117371,0.012519562
23-05-2025 12:00,12,0.098200313,0.248043818,0.205399061,0.347809077,0.087245696,0.012519562
23-05-2025 13:00,13,0.063771518,0.209311424,0.213223787,0.399843505,0.104068858,0.009780908
23-05-2025 14:00,14,0.052425665,0.167057903,0.185054773,0.460485133,0.123630673,0.011345853
23-05-2025 15:00,15,0.039906103,0.143192488,0.154147105,0.504303599,0.140062598,0.018388106
23-05-2025 16:00,16,0.041471049,0.121283255,0.148669797,0.511737089,0.157276995,0.019561815
23-05-2025 17:00,17,0.036776213,0.127543036,0.153364632,0.490610329,0.16627543,0.025039124
23-05-2025 18:00,18,0.045383412,0.160015649,0.175665102,0.460093897,0.142018779,0.016431925
23-05-2025 19:00,19,0.0614241,0.200704225,0.216744914,0.405320814,0.10172144,0.014084507
23-05-2025 20:00,20,0.096244131,0.254303599,0.246087637,0.327073552,0.064945227,0.011345853
23-05-2025 21:00,21,0.129890454,0.309859155,0.238654147,0.253912363,0.058685446,0.008607199
23-05-2025 22:00,22,0.143192488,0.329029734,0.223395931,0.231611894,0.064162754,0.008607199
23-05-2025 23:00,23,0.145539906,0.332550861,0.206181534,0.240610329,0.066510172,0.008607199
24-05-2025 00:00,0,0.143192488,0.323552426,0.205790297,0.246087637,0.068075117,0.012910798
24-05-2025 01:00,1,0.140453834,0.299687011,0.196400626,0.258607199,0.088028169,0.016823161
24-05-2025 02:00,2,0.131455399,0.299687011,0.198748044,0.25743349,0.092331768,0.019953052
24-05-2025 03:00,3,0.113067293,0.300469484,0.197965571,0.272300469,0.09428795,0.021517997
24-05-2025 04:00,4,0.106025039,0.291471049,0.207746479,0.274256651,0.099374022,0.021126761
24-05-2025 05:00,5,0.103286385,0.299295775,0.206964006,0.273474178,0.093505477,0.022691706
24-05-2025 06:00,6,0.089593114,0.3114241,0.218701095,0.270344288,0.08685446,0.023082942
24-05-2025 07:00,7,0.09741784,0.330203443,0.216353678,0.258215962,0.078638498,0.019170579
24-05-2025 08:00,8,0.122065728,0.362676056,0.20970266,0.222613459,0.069248826,0.013693271
24-05-2025 09:00,9,0.153364632,0.338028169,0.197574335,0.222222222,0.073552426,0.015258216
24-05-2025 10:00,10,0.156103286,0.297730829,0.207355243,0.249217527,0.075899844,0.012910798
24-05-2025 11:00,11,0.123239437,0.275039124,0.220657277,0.29342723,0.075117371,0.012519562
24-05-2025 12:00,12,0.098200313,0.248043818,0.205399061,0.347809077,0.087245696,0.012519562
24-05-2025 13:00,13,0.063771518,0.209311424,0.213223787,0.399843505,0.104068858,0.009780908
24-05-2025 14:00,14,0.052425665,0.167057903,0.185054773,0.460485133,0.123630673,0.011345853
24-05-2025 15:00,15,0.039906103,0.143192488,0.154147105,0.504303599,0.140062598,0.018388106
24-05-2025 16:00,16,0.041471049,0.121283255,0.148669797,0.511737089,0.157276995,0.019561815
24-05-2025 17:00,17,0.036776213,0.127543036,0.153364632,0.490610329,0.16627543,0.025039124
24-05-2025 18:00,18,0.045383412,0.160015649,0.175665102,0.460093897,0.142018779,0.016431925
24-05-2025 19:00,19,0.0614241,0.200704225,0.216744914,0.405320814,0.10172144,0.014084507
24-05-2025 20:00,20,0.096244131,0.254303599,0.246087637,0.327073552,0.064945227,0.011345853
24-05-2025 21:00,21,0.129890454,0.309859155,0.238654147,0.253912363,0.058685446,0.008607199
24-05-2025 22:00,22,0.143192488,0.329029734,0.223395931,0.231611894,0.064162754,0.008607199
24-05-2025 23:00,23,0.145539906,0.332550861,0.206181534,0.240610329,0.066510172,0.008607199
25-05-2025 00:00,0,0.143192488,0.323552426,0.205790297,0.246087637,0.068075117,0.012910798
25-05-2025 01:00,1,0.140453834,0.299687011,0.196400626,0.258607199,0.088028169,0.016823161
25-05-2025 02:00,2,0.131455399,0.299687011,0.198748044,0.25743349,0.092331768,0.019953052
25-05-2025 03:00,3,0.113067293,0.300469484,0.197965571,0.272300469,0.09428795,0.021517997
25-05-2025 04:00,4,0.106025039,0.291471049,0.207746479,0.274256651,0.099374022,0.021126761
25-05-2025 05:00,5,0.103286385,0.299295775,0.206964006,0.273474178,0.093505477,0.022691706
25-05-2025 06:00,6,0.089593114,0.3114241,0.218701095,0.270344288,0.08685446,0.023082942
25-05-2025 07:00,7,0.09741784,0.330203443,0.216353678,0.258215962,0.078638498,0.019170579
25-05-2025 08:00,8,0.122065728,0.362676056,0.20970266,0.222613459,0.069248826,0.013693271
25-05-2025 09:00,9,0.153364632,0.338028169,0.197574335,0.222222222,0.073552426,0.015258216
25-05-2025 10:00,10,0.156103286,0.297730829,0.207355243,0.249217527,0.075899844,0.012910798
25-05-2025 11:00,11,0.123239437,0.275039124,0.220657277,0.29342723,0.075117371,0.012519562
25-05-2025 12:00,12,0.098200313,0.248043818,0.205399061,0.347809077,0.087245696,0.012519562
25-05-2025 13:00,13,0.063771518,0.209311424,0.213223787,0.399843505,0.104068858,0.009780908
25-05-2025 14:00,14,0.052425665,0.167057903,0.185054773,0.460485133,0.123630673,0.011345853
25-05-2025 15:00,15,0.039906103,0.143192488,0.154147105,0.504303599,0.140062598,0.018388106
25-05-2025 16:00,16,0.041471049,0.121283255,0.148669797,0.511737089,0.157276995,0.019561815
25-05-2025 17:00,17,0.036776213,0.127543036,0.153364632,0.490610329,0.16627543,0.025039124
25-05-2025 18:00,18,0.045383412,0.160015649,0.175665102,0.460093897,0.142018779,0.016431925
25-05-2025 19:00,19,0.0614241,0.200704225,0.216744914,0.405320814,0.10172144,0.014084507
25-05-2025 20:00,20,0.096244131,0.254303599,0.246087637,0.327073552,0.064945227,0.011345853
25-05-2025 21:00,21,0.129890454,0.309859155,0.238654147,0.253912363,0.058685446,0.008607199
25-05-2025 22:00,22,0.143192488,0.329029734,0.223395931,0.231611894,0.064162754,0.008607199
25-05-2025 23:00,23,0.145539906,0.332550861,0.206181534,0.240610329,0.066510172,0.008607199
26-05-2025 00:00,0,0.143192488,0.323552426,0.205790297,0.246087637,0.068075117,0.012910798
26-05-2025 01:00,1,0.140453834,0.299687011,0.196400626,0.258607199,0.088028169,0.016823161
26-05-2025 02:00,2,0.131455399,0.299687011,0.198748044,0.25743349,0.092331768,0.019953052
26-05-2025 03:00,3,0.113067293,0.300469484,0.197965571,0.272300469,0.09428795,0.021517997
26-05-2025 04:00,4,0.106025039,0.291471049,0.207746479,0.274256651,0.099374022,0.021126761
26-05-2025 05:00,5,0.103286385,0.299295775,0.206964006,0.273474178,0.093505477,0.022691706
26-05-2025 06:00,6,0.089593114,0.3114241,0.218701095,0.270344288,0.08685446,0.023082942
26-05-2025 07:00,7,0.09741784,0.330203443,0.216353678,0.258215962,0.078638498,0.019170579
26-05-2025 08:00,8,0.122065728,0.362676056,0.20970266,0.222613459,0.069248826,0.013693271
26-05-2025 09:00,9,0.153364632,0.338028169,0.197574335,0.222222222,0.073552426,0.015258216
26-05-2025 10:00,10,0.156103286,0.297730829,0.207355243,0.249217527,0.075899844,0.012910798
26-05-2025 11:00,11,0.123239437,0.275039124,0.220657277,0.29342723,0.075117371,0.012519562
26-05-2025 12:00,12,0.098200313,0.248043818,0.205399061,0.347809077,0.087245696,0.012519562
26-05-2025 13:00,13,0.063771518,0.209311424,0.213223787,0.399843505,0.104068858,0.009780908
26-05-2025 14:00,14,0.052425665,0.167057903,0.185054773,0.460485133,0.123630673,0.011345853
26-05-2025 15:00,15,0.039906103,0.143192488,0.154147105,0.504303599,0.140062598,0.018388106
26-05-2025 16:00,16,0.041471049,0.121283255,0.148669797,0.511737089,0.157276995,0.019561815
26-05-2025 17:00,17,0.036776213,0.127543036,0.153364632,0.490610329,0.16627543,0.025039124
26-05-2025 18:00,18,0.045383412,0.160015649,0.175665102,0.460093897,0.142018779,0.016431925
26-05-2025 19:00,19,0.0614241,0.200704225,0.216744914,0.405320814,0.10172144,0.014084507
26-05-2025 20:00,20,0.096244131,0.254303599,0.246087637,0.327073552,0.064945227,0.011345853
26-05-2025 21:00,21,0.129890454,0.309859155,0.238654147,0.253912363,0.058685446,0.008607199
26-05-2025 22:00,22,0.143192488,0.329029734,0.223395931,0.231611894,0.064162754,0.008607199
26-05-2025 23:00,23,0.145539906,0.332550861,0.206181534,0.240610329,0.066510172,0.008607199
27-05-2025 00:00,0,0.143192488,0.323552426,0.205790297,0.246087637,0.068075117,0.012910798
27-05-2025 01:00,1,0.140453834,0.299687011,0.196400626,0.258607199,0.088028169,0.016823161
27-05-2025 02:00,2,0.131455399,0.299687011,0.198748044,0.25743349,0.092331768,0.019953052
27-05-2025 03:00,3,0.113067293,0.300469484,0.197965571,0.272300469,0.09428795,0.021517997
27-05-2025 04:00,4,0.106025039,0.291471049,0.207746479,0.274256651,0.099374022,0.021126761
27-05-2025 05:00,5,0.103286385,0.299295775,0.206964006,0.273474178,0.093505477,0.022691706
27-05-2025 06:00,6,0.089593114,0.3114241,0.218701095,0.270344288,0.08685446,0.023082942
27-05-2025 07:00,7,0.09741784,0.330203443,0.216353678,0.258215962,0.078638498,0.019170579
27-05-2025 08:00,8,0.122065728,0.362676056,0.20970266,0.222613459,0.069248826,0.013693271
27-05-2025 09:00,9,0.153364632,0.338028169,0.197574335,0.222222222,0.073552426,0.015258216
27-05-2025 10:00,10,0.156103286,0.297730829,0.207355243,0.249217527,0.075899844,0.012910798
27-05-2025 11:00,11,0.123239437,0.275039124,0.220657277,0.29342723,0.075117371,0.012519562
27-05-2025 12:00,12,0.098200313,0.248043818,0.205399061,0.347809077,0.087245696,0.012519562
27-05-2025 13:00,13,0.063771518,0.209311424,0.213223787,0.399843505,0.104068858,0.009780908
27-05-2025 14:00,14,0.052425665,0.167057903,0.185054773,0.460485133,0.123630673,0.011345853
27-05-2025 15:00,15,0.039906103,0.143192488,0.154147105,0.504303599,0.140062598,0.018388106
27-05-2025 16:00,16,0.041471049,0.121283255,0.148669797,0.511737089,0.157276995,0.019561815
27-05-2025 17:00,17,0.036776213,0.127543036,0.153364632,0.490610329,0.16627543,0.025039124
27-05-2025 18:00,18,0.045383412,0.160015649,0.175665102,0.460093897,0.142018779,0.016431925
27-05-2025 19:00,19,0.0614241,0.200704225,0.216744914,0.405320814,0.10172144,0.014084507
27-05-2025 20:00,20,0.096244131,0.254303599,0.246087637,0.327073552,0.064945227,0.011345853
27-05-2025 21:00,21,0.129890454,0.309859155,0.238654147,0.253912363,0.058685446,0.008607199
27-05-2025 22:00,22,0.143192488,0.329029734,0.223395931,0.231611894,0.064162754,0.008607199
27-05-2025 23:00,23,0.145539906,0.332550861,0.206181534,0.240610329,0.066510172,0.008607199
28-05-2025 00:00,0,0.143192488,0.323552426,0.205790297,0.246087637,0.068075117,0.012910798
28-05-2025 01:00,1,0.140453834,0.299687011,0.196400626,0.258607199,0.088028169,0.016823161
28-05-2025 02:00,2,0.131455399,0.299687011,0.198748044,0.25743349,0.092331768,0.019953052
28-05-2025 03:00,3,0.113067293,0.300469484,0.197965571,0.272300469,0.09428795,0.021517997
28-05-2025 04:00,4,0.106025039,0.291471049,0.207746479,0.274256651,0.099374022,0.021126761
28-05-2025 05:00,5,0.103286385,0.299295775,0.206964006,0.273474178,0.093505477,0.022691706
28-05-2025 06:00,6,0.089593114,0.3114241,0.218701095,0.270344288,0.08685446,0.023082942
28-05-2025 07:00,7,0.09741784,0.330203443,0.216353678,0.258215962,0.078638498,0.019170579
28-05-2025 08:00,8,0.122065728,0.362676056,0.20970266,0.222613459,0.069248826,0.013693271
28-05-2025 09:00,9,0.153364632,0.338028169,0.197574335,0.222222222,0.073552426,0.015258216
28-05-2025 10:00,10,0.156103286,0.297730829,0.207355243,0.249217527,0.075899844,0.012910798
28-05-2025 11:00,11,0.123239437,0.275039124,0.220657277,0.29342723,0.075117371,0.012519562
28-05-2025 12:00,12,0.098200313,0.248043818,0.205399061,0.347809077,0.087245696,0.012519562
28-05-2025 13:00,13,0.063771518,0.209311424,0.213223787,0.399843505,0.104068858,0.009780908
28-05-2025 14:00,14,0.052425665,0.167057903,0.185054773,0.460485133,0.123630673,0.011345853
28-05-2025 15:00,15,0.039906103,0.143192488,0.154147105,0.504303599,0.140062598,0.018388106
28-05-2025 16:00,16,0.041471049,0.121283255,0.148669797,0.511737089,0.157276995,0.019561815
28-05-2025 17:00,17,0.036776213,0.127543036,0.153364632,0.490610329,0.16627543,0.025039124
28-05-2025 18:00,18,0.045383412,0.160015649,0.175665102,0.460093897,0.142018779,0.016431925
28-05-2025 19:00,19,0.0614241,0.200704225,0.216744914,0.405320814,0.10172144,0.014084507
28-05-2025 20:00,20,0.096244131,0.254303599,0.246087637,0.327073552,0.064945227,0.011345853
28-05-2025 21:00,21,0.129890454,0.309859155,0.238654147,0.253912363,0.058685446,0.008607199
28-05-2025 22:00,22,0.143192488,0.329029734,0.223395931,0.231611894,0.064162754,0.008607199
28-05-2025 23:00,23,0.145539906,0.332550861,0.206181534,0.240610329,0.066510172,0.008607199
29-05-2025 00:00,0,0.143192488,0.323552426,0.205790297,0.246087637,0.068075117,0.012910798
29-05-2025 01:00,1,0.140453834,0.299687011,0.196400626,0.258607199,0.088028169,0.016823161
29-05-2025 02:00,2,0.131455399,0.299687011,0.198748044,0.25743349,0.092331768,0.019953052
29-05-2025 03:00,3,0.113067293,0.300469484,0.197965571,0.272300469,0.09428795,0.021517997
29-05-2025 04:00,4,0.106025039,0.291471049,0.207746479,0.274256651,0.099374022,0.021126761
29-05-2025 05:00,5,0.103286385,0.299295775,0.206964006,0.273474178,0.093505477,0.022691706
29-05-2025 06:00,6,0.089593114,0.3114241,0.218701095,0.270344288,0.08685446,0.023082942
29-05-2025 07:00,7,0.09741784,0.330203443,0.216353678,0.258215962,0.078638498,0.019170579
29-05-2025 08:00,8,0.122065728,0.362676056,0.20970266,0.222613459,0.069248826,0.013693271
29-05-2025 09:00,9,0.153364632,0.338028169,0.197574335,0.222222222,0.073552426,0.015258216
29-05-2025 10:00,10,0.156103286,0.297730829,0.207355243,0.249217527,0.075899844,0.012910798
29-05-2025 11:00,11,0.123239437,0.275039124,0.220657277,0.29342723,0.075117371,0.012519562
29-05-2025 12:00,12,0.098200313,0.248043818,0.205399061,0.347809077,0.087245696,0.012519562
29-05-2025 13:00,13,0.063771518,0.209311424,0.213223787,0.399843505,0.104068858,0.009780908
29-05-2025 14:00,14,0.052425665,0.167057903,0.185054773,0.460485133,0.123630673,0.011345853
29-05-2025 15:00,15,0.039906103,0.143192488,0.154147105,0.504303599,0.140062598,0.018388106
29-05-2025 16:00,16,0.041471049,0.121283255,0.148669797,0.511737089,0.157276995,0.019561815
29-05-2025 17:00,17,0.036776213,0.127543036,0.153364632,0.490610329,0.16627543,0.025039124
29-05-2025 18:00,18,0.045383412,0.160015649,0.175665102,0.460093897,0.142018779,0.016431925
29-05-2025 19:00,19,0.0614241,0.200704225,0.216744914,0.405320814,0.10172144,0.014084507
29-05-2025 20:00,20,0.096244131,0.254303599,0.246087637,0.327073552,0.064945227,0.011345853
29-05-2025 21:00,21,0.129890454,0.309859155,0.238654147,0.253912363,0.058685446,0.008607199
29-05-2025 22:00,22,0.143192488,0.329029734,0.223395931,0.231611894,0.064162754,0.008607199
29-05-2025 23:00,23,0.145539906,0.332550861,0.206181534,0.240610329,0.066510172,0.008607199
30-05-2025 00:00,0,0.143192488,0.323552426,0.205790297,0.246087637,0.068075117,0.012910798
30-05-2025 01:00,1,0.140453834,0.299687011,0.196400626,0.258607199,0.088028169,0.016823161
30-05-2025 02:00,2,0.131455399,0.299687011,0.198748044,0.25743349,0.092331768,0.019953052
30-05-2025 03:00,3,0.113067293,0.300469484,0.197965571,0.272300469,0.09428795,0.021517997
30-05-2025 04:00,4,0.106025039,0.291471049,0.207746479,0.274256651,0.099374022,0.021126761
30-05-2025 05:00,5,0.103286385,0.299295775,0.206964006,0.273474178,0.093505477,0.022691706
30-05-2025 06:00,6,0.089593114,0.3114241,0.218701095,0.270344288,0.08685446,0.023082942
30-05-2025 07:00,7,0.09741784,0.330203443,0.216353678,0.258215962,0.078638498,0.019170579
30-05-2025 08:00,8,0.122065728,0.362676056,0.20970266,0.222613459,0.069248826,0.013693271
30-05-2025 09:00,9,0.153364632,0.338028169,0.197574335,0.222222222,0.073552426,0.015258216
30-05-2025 10:00,10,0.156103286,0.297730829,0.207355243,0.249217527,0.075899844,0.012910798
30-05-2025 11:00,11,0.123239437,0.275039124,0.220657277,0.29342723,0.075117371,0.012519562
30-05-2025 12:00,12,0.098200313,0.248043818,0.205399061,0.347809077,0.087245696,0.012519562
30-05-2025 13:00,13,0.063771518,0.209311424,0.213223787,0.399843505,0.104068858,0.009780908
30-05-2025 14:00,14,0.052425665,0.167057903,0.185054773,0.460485133,0.123630673,0.011345853
30-05-2025 15:00,15,0.039906103,0.143192488,0.154147105,0.504303599,0.140062598,0.018388106
30-05-2025 16:00,16,0.041471049,0.121283255,0.148669797,0.511737089,0.157276995,0.019561815
30-05-2025 17:00,17,0.036776213,0.127543036,0.153364632,0.490610329,0.16627543,0.025039124
30-05-2025 18:00,18,0.045383412,0.160015649,0.175665102,0.460093897,0.142018779,0.016431925
30-05-2025 19:00,19,0.0614241,0.200704225,0.216744914,0.405320814,0.10172144,0.014084507
30-05-2025 20:00,20,0.096244131,0.254303599,0.246087637,0.327073552,0.064945227,0.011345853
30-05-2025 21:00,21,0.129890454,0.309859155,0.238654147,0.253912363,0.058685446,0.008607199
30-05-2025 22:00,22,0.143192488,0.329029734,0.223395931,0.231611894,0.064162754,0.008607199
30-05-2025 23:00,23,0.145539906,0.332550861,0.206181534,0.240610329,0.066510172,0.008607199
31-05-2025 00:00,0,0.143192488,0.323552426,0.205790297,0.246087637,0.068075117,0.012910798
31-05-2025 01:00,1,0.140453834,0.299687011,0.196400626,0.258607199,0.088028169,0.016823161
31-05-2025 02:00,2,0.131455399,0.299687011,0.198748044,0.25743349,0.092331768,0.019953052
31-05-2025 03:00,3,0.113067293,0.300469484,0.197965571,0.272300469,0.09428795,0.021517997
31-05-2025 04:00,4,0.106025039,0.291471049,0.207746479,0.274256651,0.099374022,0.021126761
31-05-2025 05:00,5,0.103286385,0.299295775,0.206964006,0.273474178,0.093505477,0.022691706
31-05-2025 06:00,6,0.089593114,0.3114241,0.218701095,0.270344288,0.08685446,0.023082942
31-05-2025 07:00,7,0.09741784,0.330203443,0.216353678,0.258215962,0.078638498,0.019170579
31-05-2025 08:00,8,0.122065728,0.362676056,0.20970266,0.222613459,0.069248826,0.013693271
31-05-2025 09:00,9,0.153364632,0.338028169,0.197574335,0.222222222,0.073552426,0.015258216
31-05-2025 10:00,10,0.156103286,0.297730829,0.207355243,0.249217527,0.075899844,0.012910798
31-05-2025 11:00,11,0.123239437,0.275039124,0.220657277,0.29342723,0.075117371,0.012519562
31-05-2025 12:00,12,0.098200313,0.248043818,0.205399061,0.347809077,0.087245696,0.012519562
31-05-2025 13:00,13,0.063771518,0.209311424,0.213223787,0.399843505,0.104068858,0.009780908
31-05-2025 14:00,14,0.052425665,0.167057903,0.185054773,0.460485133,0.123630673,0.011345853
31-05-2025 15:00,15,0.039906103,0.143192488,0.154147105,0.504303599,0.140062598,0.018388106
31-05-2025 16:00,16,0.041471049,0.121283255,0.148669797,0.511737089,0.157276995,0.019561815
31-05-2025 17:00,17,0.036776213,0.127543036,0.153364632,0.490610329,0.16627543,0.025039124
31-05-2025 18:00,18,0.045383412,0.160015649,0.175665102,0.460093897,0.142018779,0.016431925
31-05-2025 19:00,19,0.0614241,0.200704225,0.216744914,0.405320814,0.10172144,0.014084507
31-05-2025 20:00,20,0.096244131,0.254303599,0.246087637,0.327073552,0.064945227,0.011345853
31-05-2025 21:00,21,0.129890454,0.309859155,0.238654147,0.253912363,0.058685446,0.008607199
31-05-2025 22:00,22,0.143192488,0.329029734,0.223395931,0.231611894,0.064162754,0.008607199
31-05-2025 23:00,23,0.145539906,0.332550861,0.206181534,0.240610329,0.066510172,0.008607199
01-06-2025 00:00,0,0.143192488,0.323552426,0.205790297,0.246087637,0.068075117,0.012910798
01-06-2025 01:00,1,0.140453834,0.299687011,0.196400626,0.258607199,0.088028169,0.016823161
01-06-2025 02:00,2,0.131455399,0.299687011,0.198748044,0.25743349,0.092331768,0.019953052
01-06-2025 03:00,3,0.113067293,0.300469484,0.197965571,0.272300469,0.09428795,0.021517997
01-06-2025 04:00,4,0.106025039,0.291471049,0.207746479,0.274256651,0.099374022,0.021126761
01-06-2025 05:00,5,0.103286385,0.299295775,0.206964006,0.273474178,0.093505477,0.022691706
01-06-2025 06:00,6,0.089593114,0.3114241,0.218701095,0.270344288,0.08685446,0.023082942
01-06-2025 07:00,7,0.09741784,0.330203443,0.216353678,0.258215962,0.078638498,0.019170579
01-06-2025 08:00,8,0.122065728,0.362676056,0.20970266,0.222613459,0.069248826,0.013693271
01-06-2025 09:00,9,0.153364632,0.338028169,0.197574335,0.222222222,0.073552426,0.015258216
01-06-2025 10:00,10,0.156103286,0.297730829,0.207355243,0.249217527,0.075899844,0.012910798
01-06-2025 11:00,11,0.123239437,0.275039124,0.220657277,0.29342723,0.075117371,0.012519562
01-06-2025 12:00,12,0.098200313,0.248043818,0.205399061,0.347809077,0.087245696,0.012519562
01-06-2025 13:00,13,0.063771518,0.209311424,0.213223787,0.399843505,0.104068858,0.009780908
01-06-2025 14:00,14,0.052425665,0.167057903,0.185054773,0.460485133,0.123630673,0.011345853
01-06-2025 15:00,15,0.039906103,0.143192488,0.154147105,0.504303599,0.140062598,0.018388106
01-06-2025 16:00,16,0.041471049,0.121283255,0.148669797,0.511737089,0.157276995,0.019561815
01-06-2025 17:00,17,0.036776213,0.127543036,0.153364632,0.490610329,0.16627543,0.025039124
01-06-2025 18:00,18,0.045383412,0.160015649,0.175665102,0.460093897,0.142018779,0.016431925
01-06-2025 19:00,19,0.0614241,0.200704225,0.216744914,0.405320814,0.10172144,0.014084507
01-06-2025 20:00,20,0.096244131,0.254303599,0.246087637,0.327073552,0.064945227,0.011345853
01-06-2025 21:00,21,0.129890454,0.309859155,0.238654147,0.253912363,0.058685446,0.008607199
01-06-2025 22:00,22,0.143192488,0.329029734,0.223395931,0.231611894,0.064162754,0.008607199
01-06-2025 23:00,23,0.145539906,0.332550861,0.206181534,0.240610329,0.066510172,0.008607199
02-06-2025 00:00,0,0.143192488,0.323552426,0.205790297,0.246087637,0.068075117,0.012910798
02-06-2025 01:00,1,0.140453834,0.299687011,0.196400626,0.258607199,0.088028169,0.016823161
02-06-2025 02:00,2,0.131455399,0.299687011,0.198748044,0.25743349,0.092331768,0.019953052
02-06-2025 03:00,3,0.113067293,0.300469484,0.197965571,0.272300469,0.09428795,0.021517997
02-06-2025 04:00,4,0.106025039,0.291471049,0.207746479,0.274256651,0.099374022,0.021126761
02-06-2025 05:00,5,0.103286385,0.299295775,0.206964006,0.273474178,0.093505477,0.022691706
02-06-2025 06:00,6,0.089593114,0.3114241,0.218701095,0.270344288,0.08685446,0.023082942
02-06-2025 07:00,7,0.09741784,0.330203443,0.216353678,0.258215962,0.078638498,0.019170579
02-06-2025 08:00,8,0.122065728,0.362676056,0.20970266,0.222613459,0.069248826,0.013693271
02-06-2025 09:00,9,0.153364632,0.338028169,0.197574335,0.222222222,0.073552426,0.015258216
02-06-2025 10:00,10,0.156103286,0.297730829,0.207355243,0.249217527,0.075899844,0.012910798
02-06-2025 11:00,11,0.123239437,0.275039124,0.220657277,0.29342723,0.075117371,0.012519562
02-06-2025 12:00,12,0.098200313,0.248043818,0.205399061,0.347809077,0.087245696,0.012519562
02-06-2025 13:00,13,0.063771518,0.209311424,0.213223787,0.399843505,0.104068858,0.009780908
02-06-2025 14:00,14,0.052425665,0.167057903,0.185054773,0.460485133,0.123630673,0.011345853
02-06-2025 15:00,15,0.039906103,0.143192488,0.154147105,0.504303599,0.140062598,0.018388106
02-06-2025 16:00,16,0.041471049,0.121283255,0.148669797,0.511737089,0.157276995,0.019561815
02-06-2025 17:00,17,0.036776213,0.127543036,0.153364632,0.490610329,0.16627543,0.025039124
02-06-2025 18:00,18,0.045383412,0.160015649,0.175665102,0.460093897,0.142018779,0.016431925
02-06-2025 19:00,19,0.0614241,0.200704225,0.216744914,0.405320814,0.10172144,0.014084507
02-06-2025 20:00,20,0.096244131,0.254303599,0.246087637,0.327073552,0.064945227,0.011345853
02-06-2025 21:00,21,0.129890454,0.309859155,0.238654147,0.253912363,0.058685446,0.008607199
02-06-2025 22:00,22,0.143192488,0.329029734,0.223395931,0.231611894,0.064162754,0.008607199
02-06-2025 23:00,23,0.145539906,0.332550861,0.206181534,0.240610329,0.066510172,0.008607199
03-06-2025 00:00,0,0.143192488,0.323552426,0.205790297,0.246087637,0.068075117,0.012910798
03-06-2025 01:00,1,0.140453834,0.299687011,0.196400626,0.258607199,0.088028169,0.016823161
03-06-2025 02:00,2,0.131455399,0.299687011,0.198748044,0.25743349,0.092331768,0.019953052
03-06-2025 03:00,3,0.113067293,0.300469484,0.197965571,0.272300469,0.09428795,0.021517997
03-06-2025 04:00,4,0.106025039,0.291471049,0.207746479,0.274256651,0.099374022,0.021126761
03-06-2025 05:00,5,0.103286385,0.299295775,0.206964006,0.273474178,0.093505477,0.022691706
03-06-2025 06:00,6,0.089593114,0.3114241,0.218701095,0.270344288,0.08685446,0.023082942
03-06-2025 07:00,7,0.09741784,0.330203443,0.216353678,0.258215962,0.078638498,0.019170579
03-06-2025 08:00,8,0.122065728,0.362676056,0.20970266,0.222613459,0.069248826,0.013693271
03-06-2025 09:00,9,0.153364632,0.338028169,0.197574335,0.222222222,0.073552426,0.015258216
03-06-2025 10:00,10,0.156103286,0.297730829,0.207355243,0.249217527,0.075899844,0.012910798
03-06-2025 11:00,11,0.123239437,0.275039124,0.220657277,0.29342723,0.075117371,0.012519562
03-06-2025 12:00,12,0.098200313,0.248043818,0.205399061,0.347809077,0.087245696,0.012519562
03-06-2025 13:00,13,0.063771518,0.209311424,0.213223787,0.399843505,0.104068858,0.009780908
03-06-2025 14:00,14,0.052425665,0.167057903,0.185054773,0.460485133,0.123630673,0.011345853
03-06-2025 15:00,15,0.039906103,0.143192488,0.154147105,0.504303599,0.140062598,0.018388106
03-06-2025 16:00,16,0.041471049,0.121283255,0.148669797,0.511737089,0.157276995,0.019561815
03-06-2025 17:00,17,0.036776213,0.127543036,0.153364632,0.490610329,0.16627543,0.025039124
03-06-2025 18:00,18,0.045383412,0.160015649,0.175665102,0.460093897,0.142018779,0.016431925
03-06-2025 19:00,19,0.0614241,0.200704225,0.216744914,0.405320814,0.10172144,0.014084507
03-06-2025 20:00,20,0.096244131,0.254303599,0.246087637,0.327073552,0.064945227,0.011345853
03-06-2025 21:00,21,0.129890454,0.309859155,0.238654147,0.253912363,0.058685446,0.008607199
03-06-2025 22:00,22,0.143192488,0.329029734,0.223395931,0.231611894,0.064162754,0.008607199
03-06-2025 23:00,23,0.145539906,0.332550861,0.206181534,0.240610329,0.066510172,0.008607199
04-06-2025 00:00,0,0.143192488,0.323552426,0.205790297,0.246087637,0.068075117,0.012910798
04-06-2025 01:00,1,0.140453834,0.299687011,0.196400626,0.258607199,0.088028169,0.016823161
04-06-2025 02:00,2,0.131455399,0.299687011,0.198748044,0.25743349,0.092331768,0.019953052
04-06-2025 03:00,3,0.113067293,0.300469484,0.197965571,0.272300469,0.09428795,0.021517997
04-06-2025 04:00,4,0.106025039,0.291471049,0.207746479,0.274256651,0.099374022,0.021126761
04-06-2025 05:00,5,0.103286385,0.299295775,0.206964006,0.273474178,0.093505477,0.022691706
04-06-2025 06:00,6,0.089593114,0.3114241,0.218701095,0.270344288,0.08685446,0.023082942
04-06-2025 07:00,7,0.09741784,0.330203443,0.216353678,0.258215962,0.078638498,0.019170579
04-06-2025 08:00,8,0.122065728,0.362676056,0.20970266,0.222613459,0.069248826,0.013693271
04-06-2025 09:00,9,0.153364632,0.338028169,0.197574335,0.222222222,0.073552426,0.015258216
04-06-2025 10:00,10,0.156103286,0.297730829,0.207355243,0.249217527,0.075899844,0.012910798
04-06-2025 11:00,11,0.123239437,0.275039124,0.220657277,0.29342723,0.075117371,0.012519562
04-06-2025 12:00,12,0.098200313,0.248043818,0.205399061,0.347809077,0.087245696,0.012519562
04-06-2025 13:00,13,0.063771518,0.209311424,0.213223787,0.399843505,0.104068858,0.009780908
04-06-2025 14:00,14,0.052425665,0.167057903,0.185054773,0.460485133,0.123630673,0.011345853
04-06-2025 15:00,15,0.039906103,0.143192488,0.154147105,0.504303599,0.140062598,0.018388106
04-06-2025 16:00,16,0.041471049,0.121283255,0.148669797,0.511737089,0.157276995,0.019561815
04-06-2025 17:00,17,0.036776213,0.127543036,0.153364632,0.490610329,0.16627543,0.025039124
04-06-2025 18:00,18,0.045383412,0.160015649,0.175665102,0.460093897,0.142018779,0.016431925
04-06-2025 19:00,19,0.0614241,0.200704225,0.216744914,0.405320814,0.10172144,0.014084507
04-06-2025 20:00,20,0.096244131,0.254303599,0.246087637,0.327073552,0.064945227,0.011345853
04-06-2025 21:00,21,0.129890454,0.309859155,0.238654147,0.253912363,0.058685446,0.008607199
04-06-2025 22:00,22,0.143192488,0.329029734,0.223395931,0.231611894,0.064162754,0.008607199
04-06-2025 23:00,23,0.145539906,0.332550861,0.206181534,0.240610329,0.066510172,0.008607199
05-06-2025 00:00,0,0.143192488,0.323552426,0.205790297,0.246087637,0.068075117,0.012910798
05-06-2025 01:00,1,0.140453834,0.299687011,0.196400626,0.258607199,0.088028169,0.016823161
05-06-2025 02:00,2,0.131455399,0.299687011,0.198748044,0.25743349,0.092331768,0.019953052
05-06-2025 03:00,3,0.113067293,0.300469484,0.197965571,0.272300469,0.09428795,0.021517997
05-06-2025 04:00,4,0.106025039,0.291471049,0.207746479,0.274256651,0.099374022,0.021126761
05-06-2025 05:00,5,0.103286385,0.299295775,0.206964006,0.273474178,0.093505477,0.022691706
05-06-2025 06:00,6,0.089593114,0.3114241,0.218701095,0.270344288,0.08685446,0.023082942
05-06-2025 07:00,7,0.09741784,0.330203443,0.216353678,0.258215962,0.078638498,0.019170579
05-06-2025 08:00,8,0.122065728,0.362676056,0.20970266,0.222613459,0.069248826,0.013693271
05-06-2025 09:00,9,0.153364632,0.338028169,0.197574335,0.222222222,0.073552426,0.015258216
05-06-2025 10:00,10,0.156103286,0.297730829,0.207355243,0.249217527,0.075899844,0.012910798
05-06-2025 11:00,11,0.123239437,0.275039124,0.220657277,0.29342723,0.075117371,0.012519562
05-06-2025 12:00,12,0.098200313,0.248043818,0.205399061,0.347809077,0.087245696,0.012519562
05-06-2025 13:00,13,0.063771518,0.209311424,0.213223787,0.399843505,0.104068858,0.009780908
05-06-2025 14:00,14,0.052425665,0.167057903,0.185054773,0.460485133,0.123630673,0.011345853
05-06-2025 15:00,15,0.039906103,0.143192488,0.154147105,0.504303599,0.140062598,0.018388106
05-06-2025 16:00,16,0.041471049,0.121283255,0.148669797,0.511737089,0.157276995,0.019561815
05-06-2025 17:00,17,0.036776213,0.127543036,0.153364632,0.490610329,0.16627543,0.025039124
05-06-2025 18:00,18,0.045383412,0.160015649,0.175665102,0.460093897,0.142018779,0.016431925
05-06-2025 19:00,19,0.0614241,0.200704225,0.216744914,0.405320814,0.10172144,0.014084507
05-06-2025 20:00,20,0.096244131,0.254303599,0.246087637,0.327073552,0.064945227,0.011345853
05-06-2025 21:00,21,0.129890454,0.309859155,0.238654147,0.253912363,0.058685446,0.008607199
05-06-2025 22:00,22,0.143192488,0.329029734,0.223395931,0.231611894,0.064162754,0.008607199
05-06-2025 23:00,23,0.145539906,0.332550861,0.206181534,0.240610329,0.066510172,0.008607199
06-06-2025 00:00,0,0.143192488,0.323552426,0.205790297,0.246087637,0.068075117,0.012910798
06-06-2025 01:00,1,0.140453834,0.299687011,0.196400626,0.258607199,0.088028169,0.016823161
06-06-2025 02:00,2,0.131455399,0.299687011,0.198748044,0.25743349,0.092331768,0.019953052
06-06-2025 03:00,3,0.113067293,0.300469484,0.197965571,0.272300469,0.09428795,0.021517997
06-06-2025 04:00,4,0.106025039,0.291471049,0.207746479,0.274256651,0.099374022,0.021126761
06-06-2025 05:00,5,0.103286385,0.299295775,0.206964006,0.273474178,0.093505477,0.022691706
06-06-2025 06:00,6,0.089593114,0.3114241,0.218701095,0.270344288,0.08685446,0.023082942
06-06-2025 07:00,7,0.09741784,0.330203443,0.216353678,0.258215962,0.078638498,0.019170579
06-06-2025 08:00,8,0.122065728,0.362676056,0.20970266,0.222613459,0.069248826,0.013693271
06-06-2025 09:00,9,0.153364632,0.338028169,0.197574335,0.222222222,0.073552426,0.015258216
06-06-2025 10:00,10,0.156103286,0.297730829,0.207355243,0.249217527,0.075899844,0.012910798
06-06-2025 11:00,11,0.123239437,0.275039124,0.220657277,0.29342723,0.075117371,0.012519562
06-06-2025 12:00,12,0.098200313,0.248043818,0.205399061,0.347809077,0.087245696,0.012519562
06-06-2025 13:00,13,0.063771518,0.209311424,0.213223787,0.399843505,0.104068858,0.009780908
06-06-2025 14:00,14,0.052425665,0.167057903,0.185054773,0.460485133,0.123630673,0.011345853
06-06-2025 15:00,15,0.039906103,0.143192488,0.154147105,0.504303599,0.140062598,0.018388106
06-06-2025 16:00,16,0.041471049,0.121283255,0.148669797,0.511737089,0.157276995,0.019561815
06-06-2025 17:00,17,0.036776213,0.127543036,0.153364632,0.490610329,0.16627543,0.025039124
06-06-2025 18:00,18,0.045383412,0.160015649,0.175665102,0.460093897,0.142018779,0.016431925
06-06-2025 19:00,19,0.0614241,0.200704225,0.216744914,0.405320814,0.10172144,0.014084507
06-06-2025 20:00,20,0.096244131,0.254303599,0.246087637,0.327073552,0.064945227,0.011345853
06-06-2025 21:00,21,0.129890454,0.309859155,0.238654147,0.253912363,0.058685446,0.008607199
06-06-2025 22:00,22,0.143192488,0.329029734,0.223395931,0.231611894,0.064162754,0.008607199
06-06-2025 23:00,23,0.145539906,0.332550861,0.206181534,0.240610329,0.066510172,0.008607199
07-06-2025 00:00,0,0.143192488,0.323552426,0.205790297,0.246087637,0.068075117,0.012910798
07-06-2025 01:00,1,0.140453834,0.299687011,0.196400626,0.258607199,0.088028169,0.016823161
07-06-2025 02:00,2,0.131455399,0.299687011,0.198748044,0.25743349,0.092331768,0.019953052
07-06-2025 03:00,3,0.113067293,0.300469484,0.197965571,0.272300469,0.09428795,0.021517997
07-06-2025 04:00,4,0.106025039,0.291471049,0.207746479,0.274256651,0.099374022,0.021126761
07-06-2025 05:00,5,0.103286385,0.299295775,0.206964006,0.273474178,0.093505477,0.022691706
07-06-2025 06:00,6,0.089593114,0.3114241,0.218701095,0.270344288,0.08685446,0.023082942
07-06-2025 07:00,7,0.09741784,0.330203443,0.216353678,0.258215962,0.078638498,0.019170579
07-06-2025 08:00,8,0.122065728,0.362676056,0.20970266,0.222613459,0.069248826,0.013693271
07-06-2025 09:00,9,0.153364632,0.338028169,0.197574335,0.222222222,0.073552426,0.015258216
07-06-2025 10:00,10,0.156103286,0.297730829,0.207355243,0.249217527,0.075899844,0.012910798
07-06-2025 11:00,11,0.123239437,0.275039124,0.220657277,0.29342723,0.075117371,0.012519562
07-06-2025 12:00,12,0.098200313,0.248043818,0.205399061,0.347809077,0.087245696,0.012519562
07-06-2025 13:00,13,0.063771518,0.209311424,0.213223787,0.399843505,0.104068858,0.009780908
07-06-2025 14:00,14,0.052425665,0.167057903,0.185054773,0.460485133,0.123630673,0.011345853
07-06-2025 15:00,15,0.039906103,0.143192488,0.154147105,0.504303599,0.140062598,0.018388106
07-06-2025 16:00,16,0.041471049,0.121283255,0.148669797,0.511737089,0.157276995,0.019561815
07-06-2025 17:00,17,0.036776213,0.127543036,0.153364632,0.490610329,0.16627543,0.025039124
07-06-2025 18:00,18,0.045383412,0.160015649,0.175665102,0.460093897,0.142018779,0.016431925
07-06-2025 19:00,19,0.0614241,0.200704225,0.216744914,0.405320814,0.10172144,0.014084507
07-06-2025 20:00,20,0.096244131,0.254303599,0.246087637,0.327073552,0.064945227,0.011345853
07-06-2025 21:00,21,0.129890454,0.309859155,0.238654147,0.253912363,0.058685446,0.008607199
07-06-2025 22:00,22,0.143192488,0.329029734,0.223395931,0.231611894,0.064162754,0.008607199
07-06-2025 23:00,23,0.145539906,0.332550861,0.206181534,0.240610329,0.066510172,0.008607199
08-06-2025 00:00,0,0.143192488,0.323552426,0.205790297,0.246087637,0.068075117,0.012910798
08-06-2025 01:00,1,0.140453834,0.299687011,0.196400626,0.258607199,0.088028169,0.016823161
08-06-2025 02:00,2,0.131455399,0.299687011,0.198748044,0.25743349,0.092331768,0.019953052
08-06-2025 03:00,3,0.113067293,0.300469484,0.197965571,0.272300469,0.09428795,0.021517997
08-06-2025 04:00,4,0.106025039,0.291471049,0.207746479,0.274256651,0.099374022,0.021126761
08-06-2025 05:00,5,0.103286385,0.299295775,0.206964006,0.273474178,0.093505477,0.022691706
08-06-2025 06:00,6,0.089593114,0.3114241,0.218701095,0.270344288,0.08685446,0.023082942
08-06-2025 07:00,7,0.09741784,0.330203443,0.216353678,0.258215962,0.078638498,0.019170579
08-06-2025 08:00,8,0.122065728,0.362676056,0.20970266,0.222613459,0.069248826,0.013693271
08-06-2025 09:00,9,0.153364632,0.338028169,0.197574335,0.222222222,0.073552426,0.015258216
08-06-2025 10:00,10,0.156103286,0.297730829,0.207355243,0.249217527,0.075899844,0.012910798
08-06-2025 11:00,11,0.123239437,0.275039124,0.220657277,0.29342723,0.075117371,0.012519562
08-06-2025 12:00,12,0.098200313,0.248043818,0.205399061,0.347809077,0.087245696,0.012519562
08-06-2025 13:00,13,0.063771518,0.209311424,0.213223787,0.399843505,0.104068858,0.009780908
08-06-2025 14:00,14,0.052425665,0.167057903,0.185054773,0.460485133,0.123630673,0.011345853
08-06-2025 15:00,15,0.039906103,0.143192488,0.154147105,0.504303599,0.140062598,0.018388106
08-06-2025 16:00,16,0.041471049,0.121283255,0.148669797,0.511737089,0.157276995,0.019561815
08-06-2025 17:00,17,0.036776213,0.127543036,0.153364632,0.490610329,0.16627543,0.025039124
08-06-2025 18:00,18,0.045383412,0.160015649,0.175665102,0.460093897,0.142018779,0.016431925
08-06-2025 19:00,19,0.0614241,0.200704225,0.216744914,0.405320814,0.10172144,0.014084507
08-06-2025 20:00,20,0.096244131,0.254303599,0.246087637,0.327073552,0.064945227,0.011345853
08-06-2025 21:00,21,0.129890454,0.309859155,0.238654147,0.253912363,0.058685446,0.008607199
08-06-2025 22:00,22,0.143192488,0.329029734,0.223395931,0.231611894,0.064162754,0.008607199
08-06-2025 23:00,23,0.145539906,0.332550861,0.206181534,0.240610329,0.066510172,0.008607199
09-06-2025 00:00,0,0.143192488,0.323552426,0.205790297,0.246087637,0.068075117,0.012910798
09-06-2025 01:00,1,0.140453834,0.299687011,0.196400626,0.258607199,0.088028169,0.016823161
09-06-2025 02:00,2,0.131455399,0.299687011,0.198748044,0.25743349,0.092331768,0.019953052
09-06-2025 03:00,3,0.113067293,0.300469484,0.197965571,0.272300469,0.09428795,0.021517997
09-06-2025 04:00,4,0.106025039,0.291471049,0.207746479,0.274256651,0.099374022,0.021126761
09-06-2025 05:00,5,0.103286385,0.299295775,0.206964006,0.273474178,0.093505477,0.022691706
09-06-2025 06:00,6,0.089593114,0.3114241,0.218701095,0.270344288,0.08685446,0.023082942
09-06-2025 07:00,7,0.09741784,0.330203443,0.216353678,0.258215962,0.078638498,0.019170579
09-06-2025 08:00,8,0.122065728,0.362676056,0.20970266,0.222613459,0.069248826,0.013693271
09-06-2025 09:00,9,0.153364632,0.338028169,0.197574335,0.222222222,0.073552426,0.015258216
09-06-2025 10:00,10,0.156103286,0.297730829,0.207355243,0.249217527,0.075899844,0.012910798
09-06-2025 11:00,11,0.123239437,0.275039124,0.220657277,0.29342723,0.075117371,0.012519562
09-06-2025 12:00,12,0.098200313,0.248043818,0.205399061,0.347809077,0.087245696,0.012519562
09-06-2025 13:00,13,0.063771518,0.209311424,0.213223787,0.399843505,0.104068858,0.009780908
09-06-2025 14:00,14,0.052425665,0.167057903,0.185054773,0.460485133,0.123630673,0.011345853
09-06-2025 15:00,15,0.039906103,0.143192488,0.154147105,0.504303599,0.140062598,0.018388106
09-06-2025 16:00,16,0.041471049,0.121283255,0.148669797,0.511737089,0.157276995,0.019561815
09-06-2025 17:00,17,0.036776213,0.127543036,0.153364632,0.490610329,0.16627543,0.025039124
09-06-2025 18:00,18,0.045383412,0.160015649,0.175665102,0.460093897,0.142018779,0.016431925
09-06-2025 19:00,19,0.0614241,0.200704225,0.216744914,0.405320814,0.10172144,0.014084507
09-06-2025 20:00,20,0.096244131,0.254303599,0.246087637,0.327073552,0.064945227,0.011345853
09-06-2025 21:00,21,0.129890454,0.309859155,0.238654147,0.253912363,0.058685446,0.008607199
09-06-2025 22:00,22,0.143192488,0.329029734,0.223395931,0.231611894,0.064162754,0.008607199
09-06-2025 23:00,23,0.145539906,0.332550861,0.206181534,0.240610329,0.066510172,0.008607199
10-06-2025 00:00,0,0.143192488,0.323552426,0.205790297,0.246087637,0.068075117,0.012910798
10-06-2025 01:00,1,0.140453834,0.299687011,0.196400626,0.258607199,0.088028169,0.016823161
10-06-2025 02:00,2,0.131455399,0.299687011,0.198748044,0.25743349,0.092331768,0.019953052
10-06-2025 03:00,3,0.113067293,0.300469484,0.197965571,0.272300469,0.09428795,0.021517997
10-06-2025 04:00,4,0.106025039,0.291471049,0.207746479,0.274256651,0.099374022,0.021126761
10-06-2025 05:00,5,0.103286385,0.299295775,0.206964006,0.273474178,0.093505477,0.022691706
10-06-2025 06:00,6,0.089593114,0.3114241,0.218701095,0.270344288,0.08685446,0.023082942
10-06-2025 07:00,7,0.09741784,0.330203443,0.216353678,0.258215962,0.078638498,0.019170579
10-06-2025 08:00,8,0.122065728,0.362676056,0.20970266,0.222613459,0.069248826,0.013693271
10-06-2025 09:00,9,0.153364632,0.338028169,0.197574335,0.222222222,0.073552426,0.015258216
10-06-2025 10:00,10,0.156103286,0.297730829,0.207355243,0.249217527,0.075899844,0.012910798
10-06-2025 11:00,11,0.123239437,0.275039124,0.220657277,0.29342723,0.075117371,0.012519562
10-06-2025 12:00,12,0.098200313,0.248043818,0.205399061,0.347809077,0.087245696,0.012519562
10-06-2025 13:00,13,0.063771518,0.209311424,0.213223787,0.399843505,0.104068858,0.009780908
10-06-2025 14:00,14,0.052425665,0.167057903,0.185054773,0.460485133,0.123630673,0.011345853
10-06-2025 15:00,15,0.039906103,0.143192488,0.154147105,0.504303599,0.140062598,0.018388106
10-06-2025 16:00,16,0.041471049,0.121283255,0.148669797,0.511737089,0.157276995,0.019561815
10-06-2025 17:00,17,0.036776213,0.127543036,0.153364632,0.490610329,0.16627543,0.025039124
10-06-2025 18:00,18,0.045383412,0.160015649,0.175665102,0.460093897,0.142018779,0.016431925
10-06-2025 19:00,19,0.0614241,0.200704225,0.216744914,0.405320814,0.10172144,0.014084507
10-06-2025 20:00,20,0.096244131,0.254303599,0.246087637,0.327073552,0.064945227,0.011345853
10-06-2025 21:00,21,0.129890454,0.309859155,0.238654147,0.253912363,0.058685446,0.008607199
10-06-2025 22:00,22,0.143192488,0.329029734,0.223395931,0.231611894,0.064162754,0.008607199
10-06-2025 23:00,23,0.145539906,0.332550861,0.206181534,0.240610329,0.066510172,0.008607199
11-06-2025 00:00,0,0.143192488,0.323552426,0.205790297,0.246087637,0.068075117,0.012910798
11-06-2025 01:00,1,0.140453834,0.299687011,0.196400626,0.258607199,0.088028169,0.016823161
11-06-2025 02:00,2,0.131455399,0.299687011,0.198748044,0.25743349,0.092331768,0.019953052
11-06-2025 03:00,3,0.113067293,0.300469484,0.197965571,0.272300469,0.09428795,0.021517997
11-06-2025 04:00,4,0.106025039,0.291471049,0.207746479,0.274256651,0.099374022,0.021126761
11-06-2025 05:00,5,0.103286385,0.299295775,0.206964006,0.273474178,0.093505477,0.022691706
11-06-2025 06:00,6,0.089593114,0.3114241,0.218701095,0.270344288,0.08685446,0.023082942
11-06-2025 07:00,7,0.09741784,0.330203443,0.216353678,0.258215962,0.078638498,0.019170579
11-06-2025 08:00,8,0.122065728,0.362676056,0.20970266,0.222613459,0.069248826,0.013693271
11-06-2025 09:00,9,0.153364632,0.338028169,0.197574335,0.222222222,0.073552426,0.015258216
11-06-2025 10:00,10,0.156103286,0.297730829,0.207355243,0.249217527,0.075899844,0.012910798
11-06-2025 11:00,11,0.123239437,0.275039124,0.220657277,0.29342723,0.075117371,0.012519562
11-06-2025 12:00,12,0.098200313,0.248043818,0.205399061,0.347809077,0.087245696,0.012519562
11-06-2025 13:00,13,0.063771518,0.209311424,0.213223787,0.399843505,0.104068858,0.009780908
11-06-2025 14:00,14,0.052425665,0.167057903,0.185054773,0.460485133,0.123630673,0.011345853
11-06-2025 15:00,15,0.039906103,0.143192488,0.154147105,0.504303599,0.140062598,0.018388106
11-06-2025 16:00,16,0.041471049,0.121283255,0.148669797,0.511737089,0.157276995,0.019561815
11-06-2025 17:00,17,0.036776213,0.127543036,0.153364632,0.490610329,0.16627543,0.025039124
11-06-2025 18:00,18,0.045383412,0.160015649,0.175665102,0.460093897,0.142018779,0.016431925
11-06-2025 19:00,19,0.0614241,0.200704225,0.216744914,0.405320814,0.10172144,0.014084507
11-06-2025 20:00,20,0.096244131,0.254303599,0.246087637,0.327073552,0.064945227,0.011345853
11-06-2025 21:00,21,0.129890454,0.309859155,0.238654147,0.253912363,0.058685446,0.008607199
11-06-2025 22:00,22,0.143192488,0.329029734,0.223395931,0.231611894,0.064162754,0.008607199
11-06-2025 23:00,23,0.145539906,0.332550861,0.206181534,0.240610329,0.066510172,0.008607199
12-06-2025 00:00,0,0.143192488,0.323552426,0.205790297,0.246087637,0.068075117,0.012910798
12-06-2025 01:00,1,0.140453834,0.299687011,0.196400626,0.258607199,0.088028169,0.016823161
12-06-2025 02:00,2,0.131455399,0.299687011,0.198748044,0.25743349,0.092331768,0.019953052
12-06-2025 03:00,3,0.113067293,0.300469484,0.197965571,0.272300469,0.09428795,0.021517997
12-06-2025 04:00,4,0.106025039,0.291471049,0.207746479,0.274256651,0.099374022,0.021126761
12-06-2025 05:00,5,0.103286385,0.299295775,0.206964006,0.273474178,0.093505477,0.022691706
12-06-2025 06:00,6,0.089593114,0.3114241,0.218701095,0.270344288,0.08685446,0.023082942
12-06-2025 07:00,7,0.09741784,0.330203443,0.216353678,0.258215962,0.078638498,0.019170579
12-06-2025 08:00,8,0.122065728,0.362676056,0.20970266,0.222613459,0.069248826,0.013693271
12-06-2025 09:00,9,0.153364632,0.338028169,0.197574335,0.222222222,0.073552426,0.015258216
12-06-2025 10:00,10,0.156103286,0.297730829,0.207355243,0.249217527,0.075899844,0.012910798
12-06-2025 11:00,11,0.123239437,0.275039124,0.220657277,0.29342723,0.075117371,0.012519562
12-06-2025 12:00,12,0.098200313,0.248043818,0.205399061,0.347809077,0.087245696,0.012519562
12-06-2025 13:00,13,0.063771518,0.209311424,0.213223787,0.399843505,0.104068858,0.009780908
12-06-2025 14:00,14,0.052425665,0.167057903,0.185054773,0.460485133,0.123630673,0.011345853
12-06-2025 15:00,15,0.039906103,0.143192488,0.154147105,0.504303599,0.140062598,0.018388106
12-06-2025 16:00,16,0.041471049,0.121283255,0.148669797,0.511737089,0.157276995,0.019561815
12-06-2025 17:00,17,0.036776213,0.127543036,0.153364632,0.490610329,0.16627543,0.025039124
12-06-2025 18:00,18,0.045383412,0.160015649,0.175665102,0.460093897,0.142018779,0.016431925
12-06-2025 19:00,19,0.0614241,0.200704225,0.216744914,0.405320814,0.10172144,0.014084507
12-06-2025 20:00,20,0.096244131,0.254303599,0.246087637,0.327073552,0.064945227,0.011345853
12-06-2025 21:00,21,0.129890454,0.309859155,0.238654147,0.253912363,0.058685446,0.008607199
12-06-2025 22:00,22,0.143192488,0.329029734,0.223395931,0.231611894,0.064162754,0.008607199
12-06-2025 23:00,23,0.145539906,0.332550861,0.206181534,0.240610329,0.066510172,0.008607199
13-06-2025 00:00,0,0.143192488,0.323552426,0.205790297,0.246087637,0.068075117,0.012910798
13-06-2025 01:00,1,0.140453834,0.299687011,0.196400626,0.258607199,0.088028169,0.016823161
13-06-2025 02:00,2,0.131455399,0.299687011,0.198748044,0.25743349,0.092331768,0.019953052
13-06-2025 03:00,3,0.113067293,0.300469484,0.197965571,0.272300469,0.09428795,0.021517997
13-06-2025 04:00,4,0.106025039,0.291471049,0.207746479,0.274256651,0.099374022,0.021126761
13-06-2025 05:00,5,0.103286385,0.299295775,0.206964006,0.273474178,0.093505477,0.022691706
13-06-2025 06:00,6,0.089593114,0.3114241,0.218701095,0.270344288,0.08685446,0.023082942
13-06-2025 07:00,7,0.09741784,0.330203443,0.216353678,0.258215962,0.078638498,0.019170579
13-06-2025 08:00,8,0.122065728,0.362676056,0.20970266,0.222613459,0.069248826,0.013693271
13-06-2025 09:00,9,0.153364632,0.338028169,0.197574335,0.222222222,0.073552426,0.015258216
13-06-2025 10:00,10,0.156103286,0.297730829,0.207355243,0.249217527,0.075899844,0.012910798
13-06-2025 11:00,11,0.123239437,0.275039124,0.220657277,0.29342723,0.075117371,0.012519562
13-06-2025 12:00,12,0.098200313,0.248043818,0.205399061,0.347809077,0.087245696,0.012519562
13-06-2025 13:00,13,0.063771518,0.209311424,0.213223787,0.399843505,0.104068858,0.009780908
13-06-2025 14:00,14,0.052425665,0.167057903,0.185054773,0.460485133,0.123630673,0.011345853
13-06-2025 15:00,15,0.039906103,0.143192488,0.154147105,0.504303599,0.140062598,0.018388106
13-06-2025 16:00,16,0.041471049,0.121283255,0.148669797,0.511737089,0.157276995,0.019561815
13-06-2025 17:00,17,0.036776213,0.127543036,0.153364632,0.490610329,0.16627543,0.025039124
13-06-2025 18:00,18,0.045383412,0.160015649,0.175665102,0.460093897,0.142018779,0.016431925
13-06-2025 19:00,19,0.0614241,0.200704225,0.216744914,0.405320814,0.10172144,0.014084507
13-06-2025 20:00,20,0.096244131,0.254303599,0.246087637,0.327073552,0.064945227,0.011345853
13-06-2025 21:00,21,0.129890454,0.309859155,0.238654147,0.253912363,0.058685446,0.008607199
13-06-2025 22:00,22,0.143192488,0.329029734,0.223395931,0.231611894,0.064162754,0.008607199
13-06-2025 23:00,23,0.145539906,0.332550861,0.206181534,0.240610329,0.066510172,0.008607199
14-06-2025 00:00,0,0.143192488,0.323552426,0.205790297,0.246087637,0.068075117,0.012910798
14-06-2025 01:00,1,0.140453834,0.299687011,0.196400626,0.258607199,0.088028169,0.016823161
14-06-2025 02:00,2,0.131455399,0.299687011,0.198748044,0.25743349,0.092331768,0.019953052
14-06-2025 03:00,3,0.113067293,0.300469484,0.197965571,0.272300469,0.09428795,0.021517997
14-06-2025 04:00,4,0.106025039,0.291471049,0.207746479,0.274256651,0.099374022,0.021126761
14-06-2025 05:00,5,0.103286385,0.299295775,0.206964006,0.273474178,0.093505477,0.022691706
14-06-2025 06:00,6,0.089593114,0.3114241,0.218701095,0.270344288,0.08685446,0.023082942
14-06-2025 07:00,7,0.09741784,0.330203443,0.216353678,0.258215962,0.078638498,0.019170579
14-06-2025 08:00,8,0.122065728,0.362676056,0.20970266,0.222613459,0.069248826,0.013693271
14-06-2025 09:00,9,0.153364632,0.338028169,0.197574335,0.222222222,0.073552426,0.015258216
14-06-2025 10:00,10,0.156103286,0.297730829,0.207355243,0.249217527,0.075899844,0.012910798
14-06-2025 11:00,11,0.123239437,0.275039124,0.220657277,0.29342723,0.075117371,0.012519562
14-06-2025 12:00,12,0.098200313,0.248043818,0.205399061,0.347809077,0.087245696,0.012519562
14-06-2025 13:00,13,0.063771518,0.209311424,0.213223787,0.399843505,0.104068858,0.009780908
14-06-2025 14:00,14,0.052425665,0.167057903,0.185054773,0.460485133,0.123630673,0.011345853
14-06-2025 15:00,15,0.039906103,0.143192488,0.154147105,0.504303599,0.140062598,0.018388106
14-06-2025 16:00,16,0.041471049,0.121283255,0.148669797,0.511737089,0.157276995,0.019561815
14-06-2025 17:00,17,0.036776213,0.127543036,0.153364632,0.490610329,0.16627543,0.025039124
14-06-2025 18:00,18,0.045383412,0.160015649,0.175665102,0.460093897,0.142018779,0.016431925
14-06-2025 19:00,19,0.0614241,0.200704225,0.216744914,0.405320814,0.10172144,0.014084507
14-06-2025 20:00,20,0.096244131,0.254303599,0.246087637,0.327073552,0.064945227,0.011345853
14-06-2025 21:00,21,0.129890454,0.309859155,0.238654147,0.253912363,0.058685446,0.008607199
14-06-2025 22:00,22,0.143192488,0.329029734,0.223395931,0.231611894,0.064162754,0.008607199
14-06-2025 23:00,23,0.145539906,0.332550861,0.206181534,0.240610329,0.066510172,0.008607199
15-06-2025 00:00,0,0.143192488,0.323552426,0.205790297,0.246087637,0.068075117,0.012910798
15-06-2025 01:00,1,0.140453834,0.299687011,0.196400626,0.258607199,0.088028169,0.016823161
15-06-2025 02:00,2,0.131455399,0.299687011,0.198748044,0.25743349,0.092331768,0.019953052
15-06-2025 03:00,3,0.113067293,0.300469484,0.197965571,0.272300469,0.09428795,0.021517997
15-06-2025 04:00,4,0.106025039,0.291471049,0.207746479,0.274256651,0.099374022,0.021126761
15-06-2025 05:00,5,0.103286385,0.299295775,0.206964006,0.273474178,0.093505477,0.022691706
15-06-2025 06:00,6,0.089593114,0.3114241,0.218701095,0.270344288,0.08685446,0.023082942
15-06-2025 07:00,7,0.09741784,0.330203443,0.216353678,0.258215962,0.078638498,0.019170579
15-06-2025 08:00,8,0.122065728,0.362676056,0.20970266,0.222613459,0.069248826,0.013693271
15-06-2025 09:00,9,0.153364632,0.338028169,0.197574335,0.222222222,0.073552426,0.015258216
15-06-2025 10:00,10,0.156103286,0.297730829,0.207355243,0.249217527,0.075899844,0.012910798
15-06-2025 11:00,11,0.123239437,0.275039124,0.220657277,0.29342723,0.075117371,0.012519562
15-06-2025 12:00,12,0.098200313,0.248043818,0.205399061,0.347809077,0.087245696,0.012519562
15-06-2025 13:00,13,0.063771518,0.209311424,0.213223787,0.399843505,0.104068858,0.009780908
15-06-2025 14:00,14,0.052425665,0.167057903,0.185054773,0.460485133,0.123630673,0.011345853
15-06-2025 15:00,15,0.039906103,0.143192488,0.154147105,0.504303599,0.140062598,0.018388106
15-06-2025 16:00,16,0.041471049,0.121283255,0.148669797,0.511737089,0.157276995,0.019561815
15-06-2025 17:00,17,0.036776213,0.127543036,0.153364632,0.490610329,0.16627543,0.025039124
15-06-2025 18:00,18,0.045383412,0.160015649,0.175665102,0.460093897,0.142018779,0.016431925
15-06-2025 19:00,19,0.0614241,0.200704225,0.216744914,0.405320814,0.10172144,0.014084507
15-06-2025 20:00,20,0.096244131,0.254303599,0.246087637,0.327073552,0.064945227,0.011345853
15-06-2025 21:00,21,0.129890454,0.309859155,0.238654147,0.253912363,0.058685446,0.008607199
15-06-2025 22:00,22,0.143192488,0.329029734,0.223395931,0.231611894,0.064162754,0.008607199
15-06-2025 23:00,23,0.145539906,0.332550861,0.206181534,0.240610329,0.066510172,0.008607199
16-06-2025 00:00,0,0.143192488,0.323552426,0.205790297,0.246087637,0.068075117,0.012910798
16-06-2025 01:00,1,0.140453834,0.299687011,0.196400626,0.258607199,0.088028169,0.016823161
16-06-2025 02:00,2,0.131455399,0.299687011,0.198748044,0.25743349,0.092331768,0.019953052
16-06-2025 03:00,3,0.113067293,0.300469484,0.197965571,0.272300469,0.09428795,0.021517997
16-06-2025 04:00,4,0.106025039,0.291471049,0.207746479,0.274256651,0.099374022,0.021126761
16-06-2025 05:00,5,0.103286385,0.299295775,0.206964006,0.273474178,0.093505477,0.022691706
16-06-2025 06:00,6,0.089593114,0.3114241,0.218701095,0.270344288,0.08685446,0.023082942
16-06-2025 07:00,7,0.09741784,0.330203443,0.216353678,0.258215962,0.078638498,0.019170579
16-06-2025 08:00,8,0.122065728,0.362676056,0.20970266,0.222613459,0.069248826,0.013693271
16-06-2025 09:00,9,0.153364632,0.338028169,0.197574335,0.222222222,0.073552426,0.015258216
16-06-2025 10:00,10,0.156103286,0.297730829,0.207355243,0.249217527,0.075899844,0.012910798
16-06-2025 11:00,11,0.123239437,0.275039124,0.220657277,0.29342723,0.075117371,0.012519562
16-06-2025 12:00,12,0.098200313,0.248043818,0.205399061,0.347809077,0.087245696,0.012519562
16-06-2025 13:00,13,0.063771518,0.209311424,0.213223787,0.399843505,0.104068858,0.009780908
16-06-2025 14:00,14,0.052425665,0.167057903,0.185054773,0.460485133,0.123630673,0.011345853
16-06-2025 15:00,15,0.039906103,0.143192488,0.154147105,0.504303599,0.140062598,0.018388106
16-06-2025 16:00,16,0.041471049,0.121283255,0.148669797,0.511737089,0.157276995,0.019561815
16-06-2025 17:00,17,0.036776213,0.127543036,0.153364632,0.490610329,0.16627543,0.025039124
16-06-2025 18:00,18,0.045383412,0.160015649,0.175665102,0.460093897,0.142018779,0.016431925
16-06-2025 19:00,19,0.0614241,0.200704225,0.216744914,0.405320814,0.10172144,0.014084507
16-06-2025 20:00,20,0.096244131,0.254303599,0.246087637,0.327073552,0.064945227,0.011345853
16-06-2025 21:00,21,0.129890454,0.309859155,0.238654147,0.253912363,0.058685446,0.008607199
16-06-2025 22:00,22,0.143192488,0.329029734,0.223395931,0.231611894,0.064162754,0.008607199
16-06-2025 23:00,23,0.145539906,0.332550861,0.206181534,0.240610329,0.066510172,0.008607199
17-06-2025 00:00,0,0.143192488,0.323552426,0.205790297,0.246087637,0.068075117,0.012910798
17-06-2025 01:00,1,0.140453834,0.299687011,0.196400626,0.258607199,0.088028169,0.016823161
17-06-2025 02:00,2,0.131455399,0.299687011,0.198748044,0.25743349,0.092331768,0.019953052
17-06-2025 03:00,3,0.113067293,0.300469484,0.197965571,0.272300469,0.09428795,0.021517997
17-06-2025 04:00,4,0.106025039,0.291471049,0.207746479,0.274256651,0.099374022,0.021126761
17-06-2025 05:00,5,0.103286385,0.299295775,0.206964006,0.273474178,0.093505477,0.022691706
17-06-2025 06:00,6,0.089593114,0.3114241,0.218701095,0.270344288,0.08685446,0.023082942
17-06-2025 07:00,7,0.09741784,0.330203443,0.216353678,0.258215962,0.078638498,0.019170579
17-06-2025 08:00,8,0.122065728,0.362676056,0.20970266,0.222613459,0.069248826,0.013693271
17-06-2025 09:00,9,0.153364632,0.338028169,0.197574335,0.222222222,0.073552426,0.015258216
17-06-2025 10:00,10,0.156103286,0.297730829,0.207355243,0.249217527,0.075899844,0.012910798
17-06-2025 11:00,11,0.123239437,0.275039124,0.220657277,0.29342723,0.075117371,0.012519562
17-06-2025 12:00,12,0.098200313,0.248043818,0.205399061,0.347809077,0.087245696,0.012519562
17-06-2025 13:00,13,0.063771518,0.209311424,0.213223787,0.399843505,0.104068858,0.009780908
17-06-2025 14:00,14,0.052425665,0.167057903,0.185054773,0.460485133,0.123630673,0.011345853
17-06-2025 15:00,15,0.039906103,0.143192488,0.154147105,0.504303599,0.140062598,0.018388106
17-06-2025 16:00,16,0.041471049,0.121283255,0.148669797,0.511737089,0.157276995,0.019561815
17-06-2025 17:00,17,0.036776213,0.127543036,0.153364632,0.490610329,0.16627543,0.025039124
17-06-2025 18:00,18,0.045383412,0.160015649,0.175665102,0.460093897,0.142018779,0.016431925
17-06-2025 19:00,19,0.0614241,0.200704225,0.216744914,0.405320814,0.10172144,0.014084507
17-06-2025 20:00,20,0.096244131,0.254303599,0.246087637,0.327073552,0.064945227,0.011345853
17-06-2025 21:00,21,0.129890454,0.309859155,0.238654147,0.253912363,0.058685446,0.008607199
17-06-2025 22:00,22,0.143192488,0.329029734,0.223395931,0.231611894,0.064162754,0.008607199
17-06-2025 23:00,23,0.145539906,0.332550861,0.206181534,0.240610329,0.066510172,0.008607199
18-06-2025 00:00,0,0.143192488,0.323552426,0.205790297,0.246087637,0.068075117,0.012910798
18-06-2025 01:00,1,0.140453834,0.299687011,0.196400626,0.258607199,0.088028169,0.016823161
18-06-2025 02:00,2,0.131455399,0.299687011,0.198748044,0.25743349,0.092331768,0.019953052
18-06-2025 03:00,3,0.113067293,0.300469484,0.197965571,0.272300469,0.09428795,0.021517997
18-06-2025 04:00,4,0.106025039,0.291471049,0.207746479,0.274256651,0.099374022,0.021126761
18-06-2025 05:00,5,0.103286385,0.299295775,0.206964006,0.273474178,0.093505477,0.022691706
18-06-2025 06:00,6,0.089593114,0.3114241,0.218701095,0.270344288,0.08685446,0.023082942
18-06-2025 07:00,7,0.09741784,0.330203443,0.216353678,0.258215962,0.078638498,0.019170579
18-06-2025 08:00,8,0.122065728,0.362676056,0.20970266,0.222613459,0.069248826,0.013693271
18-06-2025 09:00,9,0.153364632,0.338028169,0.197574335,0.222222222,0.073552426,0.015258216
18-06-2025 10:00,10,0.156103286,0.297730829,0.207355243,0.249217527,0.075899844,0.012910798
18-06-2025 11:00,11,0.123239437,0.275039124,0.220657277,0.29342723,0.075117371,0.012519562
18-06-2025 12:00,12,0.098200313,0.248043818,0.205399061,0.347809077,0.087245696,0.012519562
18-06-2025 13:00,13,0.063771518,0.209311424,0.213223787,0.399843505,0.104068858,0.009780908
18-06-2025 14:00,14,0.052425665,0.167057903,0.185054773,0.460485133,0.123630673,0.011345853
18-06-2025 15:00,15,0.039906103,0.143192488,0.154147105,0.504303599,0.140062598,0.018388106
18-06-2025 16:00,16,0.041471049,0.121283255,0.148669797,0.511737089,0.157276995,0.019561815
18-06-2025 17:00,17,0.036776213,0.127543036,0.153364632,0.490610329,0.16627543,0.025039124
18-06-2025 18:00,18,0.045383412,0.160015649,0.175665102,0.460093897,0.142018779,0.016431925
18-06-2025 19:00,19,0.0614241,0.200704225,0.216744914,0.405320814,0.10172144,0.014084507
18-06-2025 20:00,20,0.096244131,0.254303599,0.246087637,0.327073552,0.064945227,0.011345853
18-06-2025 21:00,21,0.129890454,0.309859155,0.238654147,0.253912363,0.058685446,0.008607199
18-06-2025 22:00,22,0.143192488,0.329029734,0.223395931,0.231611894,0.064162754,0.008607199
18-06-2025 23:00,23,0.145539906,0.332550861,0.206181534,0.240610329,0.066510172,0.008607199
19-06-2025 00:00,0,0.143192488,0.323552426,0.205790297,0.246087637,0.068075117,0.012910798
19-06-2025 01:00,1,0.140453834,0.299687011,0.196400626,0.258607199,0.088028169,0.016823161
19-06-2025 02:00,2,0.131455399,0.299687011,0.198748044,0.25743349,0.092331768,0.019953052
19-06-2025 03:00,3,0.113067293,0.300469484,0.197965571,0.272300469,0.09428795,0.021517997
19-06-2025 04:00,4,0.106025039,0.291471049,0.207746479,0.274256651,0.099374022,0.021126761
19-06-2025 05:00,5,0.103286385,0.299295775,0.206964006,0.273474178,0.093505477,0.022691706
19-06-2025 06:00,6,0.089593114,0.3114241,0.218701095,0.270344288,0.08685446,0.023082942
19-06-2025 07:00,7,0.09741784,0.330203443,0.216353678,0.258215962,0.078638498,0.019170579
19-06-2025 08:00,8,0.122065728,0.362676056,0.20970266,0.222613459,0.069248826,0.013693271
19-06-2025 09:00,9,0.153364632,0.338028169,0.197574335,0.222222222,0.073552426,0.015258216
19-06-2025 10:00,10,0.156103286,0.297730829,0.207355243,0.249217527,0.075899844,0.012910798
19-06-2025 11:00,11,0.123239437,0.275039124,0.220657277,0.29342723,0.075117371,0.012519562
19-06-2025 12:00,12,0.098200313,0.248043818,0.205399061,0.347809077,0.087245696,0.012519562
19-06-2025 13:00,13,0.063771518,0.209311424,0.213223787,0.399843505,0.104068858,0.009780908
19-06-2025 14:00,14,0.052425665,0.167057903,0.185054773,0.460485133,0.123630673,0.011345853
19-06-2025 15:00,15,0.039906103,0.143192488,0.154147105,0.504303599,0.140062598,0.018388106
19-06-2025 16:00,16,0.041471049,0.121283255,0.148669797,0.511737089,0.157276995,0.019561815
19-06-2025 17:00,17,0.036776213,0.127543036,0.153364632,0.490610329,0.16627543,0.025039124
19-06-2025 18:00,18,0.045383412,0.160015649,0.175665102,0.460093897,0.142018779,0.016431925
19-06-2025 19:00,19,0.0614241,0.200704225,0.216744914,0.405320814,0.10172144,0.014084507
19-06-2025 20:00,20,0.096244131,0.254303599,0.246087637,0.327073552,0.064945227,0.011345853
19-06-2025 21:00,21,0.129890454,0.309859155,0.238654147,0.253912363,0.058685446,0.008607199
19-06-2025 22:00,22,0.143192488,0.329029734,0.223395931,0.231611894,0.064162754,0.008607199
19-06-2025 23:00,23,0.145539906,0.332550861,0.206181534,0.240610329,0.066510172,0.008607199
20-06-2025 00:00,0,0.143192488,0.323552426,0.205790297,0.246087637,0.068075117,0.012910798
20-06-2025 01:00,1,0.140453834,0.299687011,0.196400626,0.258607199,0.088028169,0.016823161
20-06-2025 02:00,2,0.131455399,0.299687011,0.198748044,0.25743349,0.092331768,0.019953052
20-06-2025 03:00,3,0.113067293,0.300469484,0.197965571,0.272300469,0.09428795,0.021517997
20-06-2025 04:00,4,0.106025039,0.291471049,0.207746479,0.274256651,0.099374022,0.021126761
20-06-2025 05:00,5,0.103286385,0.299295775,0.206964006,0.273474178,0.093505477,0.022691706
20-06-2025 06:00,6,0.089593114,0.3114241,0.218701095,0.270344288,0.08685446,0.023082942
20-06-2025 07:00,7,0.09741784,0.330203443,0.216353678,0.258215962,0.078638498,0.019170579
20-06-2025 08:00,8,0.122065728,0.362676056,0.20970266,0.222613459,0.069248826,0.013693271
20-06-2025 09:00,9,0.153364632,0.338028169,0.197574335,0.222222222,0.073552426,0.015258216
20-06-2025 10:00,10,0.156103286,0.297730829,0.207355243,0.249217527,0.075899844,0.012910798
20-06-2025 11:00,11,0.123239437,0.275039124,0.220657277,0.29342723,0.075117371,0.012519562
20-06-2025 12:00,12,0.098200313,0.248043818,0.205399061,0.347809077,0.087245696,0.012519562
20-06-2025 13:00,13,0.063771518,0.209311424,0.213223787,0.399843505,0.104068858,0.009780908
20-06-2025 14:00,14,0.052425665,0.167057903,0.185054773,0.460485133,0.123630673,0.011345853
20-06-2025 15:00,15,0.039906103,0.143192488,0.154147105,0.504303599,0.140062598,0.018388106
20-06-2025 16:00,16,0.041471049,0.121283255,0.148669797,0.511737089,0.157276995,0.019561815
20-06-2025 17:00,17,0.036776213,0.127543036,0.153364632,0.490610329,0.16627543,0.025039124
20-06-2025 18:00,18,0.045383412,0.160015649,0.175665102,0.460093897,0.142018779,0.016431925
20-06-2025 19:00,19,0.0614241,0.200704225,0.216744914,0.405320814,0.10172144,0.014084507
20-06-2025 20:00,20,0.096244131,0.254303599,0.246087637,0.327073552,0.064945227,0.011345853
20-06-2025 21:00,21,0.129890454,0.309859155,0.238654147,0.253912363,0.058685446,0.008607199
20-06-2025 22:00,22,0.143192488,0.329029734,0.223395931,0.231611894,0.064162754,0.008607199
20-06-2025 23:00,23,0.145539906,0.332550861,0.206181534,0.240610329,0.066510172,0.008607199
21-06-2025 00:00,0,0.143192488,0.323552426,0.205790297,0.246087637,0.068075117,0.012910798
21-06-2025 01:00,1,0.140453834,0.299687011,0.196400626,0.258607199,0.088028169,0.016823161
21-06-2025 02:00,2,0.131455399,0.299687011,0.198748044,0.25743349,0.092331768,0.019953052
21-06-2025 03:00,3,0.113067293,0.300469484,0.197965571,0.272300469,0.09428795,0.021517997
21-06-2025 04:00,4,0.106025039,0.291471049,0.207746479,0.274256651,0.099374022,0.021126761
21-06-2025 05:00,5,0.103286385,0.299295775,0.206964006,0.273474178,0.093505477,0.022691706
21-06-2025 06:00,6,0.089593114,0.3114241,0.218701095,0.270344288,0.08685446,0.023082942
21-06-2025 07:00,7,0.09741784,0.330203443,0.216353678,0.258215962,0.078638498,0.019170579
21-06-2025 08:00,8,0.122065728,0.362676056,0.20970266,0.222613459,0.069248826,0.013693271
21-06-2025 09:00,9,0.153364632,0.338028169,0.197574335,0.222222222,0.073552426,0.015258216
21-06-2025 10:00,10,0.156103286,0.297730829,0.207355243,0.249217527,0.075899844,0.012910798
21-06-2025 11:00,11,0.123239437,0.275039124,0.220657277,0.29342723,0.075117371,0.012519562
21-06-2025 12:00,12,0.098200313,0.248043818,0.205399061,0.347809077,0.087245696,0.012519562
21-06-2025 13:00,13,0.063771518,0.209311424,0.213223787,0.399843505,0.104068858,0.009780908
21-06-2025 14:00,14,0.052425665,0.167057903,0.185054773,0.460485133,0.123630673,0.011345853
21-06-2025 15:00,15,0.039906103,0.143192488,0.154147105,0.504303599,0.140062598,0.018388106
21-06-2025 16:00,16,0.041471049,0.121283255,0.148669797,0.511737089,0.157276995,0.019561815
21-06-2025 17:00,17,0.036776213,0.127543036,0.153364632,0.490610329,0.16627543,0.025039124
21-06-2025 18:00,18,0.045383412,0.160015649,0.175665102,0.460093897,0.142018779,0.016431925
21-06-2025 19:00,19,0.0614241,0.200704225,0.216744914,0.405320814,0.10172144,0.014084507
21-06-2025 20:00,20,0.096244131,0.254303599,0.246087637,0.327073552,0.064945227,0.011345853
21-06-2025 21:00,21,0.129890454,0.309859155,0.238654147,0.253912363,0.058685446,0.008607199
21-06-2025 22:00,22,0.143192488,0.329029734,0.223395931,0.231611894,0.064162754,0.008607199
21-06-2025 23:00,23,0.145539906,0.332550861,0.206181534,0.240610329,0.066510172,0.008607199
22-06-2025 00:00,0,0.143192488,0.323552426,0.205790297,0.246087637,0.068075117,0.012910798
22-06-2025 01:00,1,0.140453834,0.299687011,0.196400626,0.258607199,0.088028169,0.016823161
22-06-2025 02:00,2,0.131455399,0.299687011,0.198748044,0.25743349,0.092331768,0.019953052
22-06-2025 03:00,3,0.113067293,0.300469484,0.197965571,0.272300469,0.09428795,0.021517997
22-06-2025 04:00,4,0.106025039,0.291471049,0.207746479,0.274256651,0.099374022,0.021126761
22-06-2025 05:00,5,0.103286385,0.299295775,0.206964006,0.273474178,0.093505477,0.022691706
22-06-2025 06:00,6,0.089593114,0.3114241,0.218701095,0.270344288,0.08685446,0.023082942
22-06-2025 07:00,7,0.09741784,0.330203443,0.216353678,0.258215962,0.078638498,0.019170579
22-06-2025 08:00,8,0.122065728,0.362676056,0.20970266,0.222613459,0.069248826,0.013693271
22-06-2025 09:00,9,0.153364632,0.338028169,0.197574335,0.222222222,0.073552426,0.015258216
22-06-2025 10:00,10,0.156103286,0.297730829,0.207355243,0.249217527,0.075899844,0.012910798
22-06-2025 11:00,11,0.123239437,0.275039124,0.220657277,0.29342723,0.075117371,0.012519562
22-06-2025 12:00,12,0.098200313,0.248043818,0.205399061,0.347809077,0.087245696,0.012519562
22-06-2025 13:00,13,0.063771518,0.209311424,0.213223787,0.399843505,0.104068858,0.009780908
22-06-2025 14:00,14,0.052425665,0.167057903,0.185054773,0.460485133,0.123630673,0.011345853
22-06-2025 15:00,15,0.039906103,0.143192488,0.154147105,0.504303599,0.140062598,0.018388106
22-06-2025 16:00,16,0.041471049,0.121283255,0.148669797,0.511737089,0.157276995,0.019561815
22-06-2025 17:00,17,0.036776213,0.127543036,0.153364632,0.490610329,0.16627543,0.025039124
22-06-2025 18:00,18,0.045383412,0.160015649,0.175665102,0.460093897,0.142018779,0.016431925
22-06-2025 19:00,19,0.0614241,0.200704225,0.216744914,0.405320814,0.10172144,0.014084507
22-06-2025 20:00,20,0.096244131,0.254303599,0.246087637,0.327073552,0.064945227,0.011345853
22-06-2025 21:00,21,0.129890454,0.309859155,0.238654147,0.253912363,0.058685446,0.008607199
22-06-2025 22:00,22,0.143192488,0.329029734,0.223395931,0.231611894,0.064162754,0.008607199
22-06-2025 23:00,23,0.145539906,0.332550861,0.206181534,0.240610329,0.066510172,0.008607199
23-06-2025 00:00,0,0.143192488,0.323552426,0.205790297,0.246087637,0.068075117,0.012910798
23-06-2025 01:00,1,0.140453834,0.299687011,0.196400626,0.258607199,0.088028169,0.016823161
23-06-2025 02:00,2,0.131455399,0.299687011,0.198748044,0.25743349,0.092331768,0.019953052
23-06-2025 03:00,3,0.113067293,0.300469484,0.197965571,0.272300469,0.09428795,0.021517997
23-06-2025 04:00,4,0.106025039,0.291471049,0.207746479,0.274256651,0.099374022,0.021126761
23-06-2025 05:00,5,0.103286385,0.299295775,0.206964006,0.273474178,0.093505477,0.022691706
23-06-2025 06:00,6,0.089593114,0.3114241,0.218701095,0.270344288,0.08685446,0.023082942
23-06-2025 07:00,7,0.09741784,0.330203443,0.216353678,0.258215962,0.078638498,0.019170579
23-06-2025 08:00,8,0.122065728,0.362676056,0.20970266,0.222613459,0.069248826,0.013693271
23-06-2025 09:00,9,0.153364632,0.338028169,0.197574335,0.222222222,0.073552426,0.015258216
23-06-2025 10:00,10,0.156103286,0.297730829,0.207355243,0.249217527,0.075899844,0.012910798
23-06-2025 11:00,11,0.123239437,0.275039124,0.220657277,0.29342723,0.075117371,0.012519562
23-06-2025 12:00,12,0.098200313,0.248043818,0.205399061,0.347809077,0.087245696,0.012519562
23-06-2025 13:00,13,0.063771518,0.209311424,0.213223787,0.399843505,0.104068858,0.009780908
23-06-2025 14:00,14,0.052425665,0.167057903,0.185054773,0.460485133,0.123630673,0.011345853
23-06-2025 15:00,15,0.039906103,0.143192488,0.154147105,0.504303599,0.140062598,0.018388106
23-06-2025 16:00,16,0.041471049,0.121283255,0.148669797,0.511737089,0.157276995,0.019561815
23-06-2025 17:00,17,0.036776213,0.127543036,0.153364632,0.490610329,0.16627543,0.025039124
23-06-2025 18:00,18,0.045383412,0.160015649,0.175665102,0.460093897,0.142018779,0.016431925
23-06-2025 19:00,19,0.0614241,0.200704225,0.216744914,0.405320814,0.10172144,0.014084507
23-06-2025 20:00,20,0.096244131,0.254303599,0.246087637,0.327073552,0.064945227,0.011345853
23-06-2025 21:00,21,0.129890454,0.309859155,0.238654147,0.253912363,0.058685446,0.008607199
23-06-2025 22:00,22,0.143192488,0.329029734,0.223395931,0.231611894,0.064162754,0.008607199
23-06-2025 23:00,23,0.145539906,0.332550861,0.206181534,0.240610329,0.066510172,0.008607199
24-06-2025 00:00,0,0.143192488,0.323552426,0.205790297,0.246087637,0.068075117,0.012910798
24-06-2025 01:00,1,0.140453834,0.299687011,0.196400626,0.258607199,0.088028169,0.016823161
24-06-2025 02:00,2,0.131455399,0.299687011,0.198748044,0.25743349,0.092331768,0.019953052
24-06-2025 03:00,3,0.113067293,0.300469484,0.197965571,0.272300469,0.09428795,0.021517997
24-06-2025 04:00,4,0.106025039,0.291471049,0.207746479,0.274256651,0.099374022,0.021126761
24-06-2025 05:00,5,0.103286385,0.299295775,0.206964006,0.273474178,0.093505477,0.022691706
24-06-2025 06:00,6,0.089593114,0.3114241,0.218701095,0.270344288,0.08685446,0.023082942
24-06-2025 07:00,7,0.09741784,0.330203443,0.216353678,0.258215962,0.078638498,0.019170579
24-06-2025 08:00,8,0.122065728,0.362676056,0.20970266,0.222613459,0.069248826,0.013693271
24-06-2025 09:00,9,0.153364632,0.338028169,0.197574335,0.222222222,0.073552426,0.015258216
24-06-2025 10:00,10,0.156103286,0.297730829,0.207355243,0.249217527,0.075899844,0.012910798
24-06-2025 11:00,11,0.123239437,0.275039124,0.220657277,0.29342723,0.075117371,0.012519562
24-06-2025 12:00,12,0.098200313,0.248043818,0.205399061,0.347809077,0.087245696,0.012519562
24-06-2025 13:00,13,0.063771518,0.209311424,0.213223787,0.399843505,0.104068858,0.009780908
24-06-2025 14:00,14,0.052425665,0.167057903,0.185054773,0.460485133,0.123630673,0.011345853
24-06-2025 15:00,15,0.039906103,0.143192488,0.154147105,0.504303599,0.140062598,0.018388106
24-06-2025 16:00,16,0.041471049,0.121283255,0.148669797,0.511737089,0.157276995,0.019561815
24-06-2025 17:00,17,0.036776213,0.127543036,0.153364632,0.490610329,0.16627543,0.025039124
24-06-2025 18:00,18,0.045383412,0.160015649,0.175665102,0.460093897,0.142018779,0.016431925
24-06-2025 19:00,19,0.0614241,0.200704225,0.216744914,0.405320814,0.10172144,0.014084507
24-06-2025 20:00,20,0.096244131,0.254303599,0.246087637,0.327073552,0.064945227,0.011345853
24-06-2025 21:00,21,0.129890454,0.309859155,0.238654147,0.253912363,0.058685446,0.008607199
24-06-2025 22:00,22,0.143192488,0.329029734,0.223395931,0.231611894,0.064162754,0.008607199
24-06-2025 23:00,23,0.145539906,0.332550861,0.206181534,0.240610329,0.066510172,0.008607199
25-06-2025 00:00,0,0.143192488,0.323552426,0.205790297,0.246087637,0.068075117,0.012910798
25-06-2025 01:00,1,0.140453834,0.299687011,0.196400626,0.258607199,0.088028169,0.016823161
25-06-2025 02:00,2,0.131455399,0.299687011,0.198748044,0.25743349,0.092331768,0.019953052
25-06-2025 03:00,3,0.113067293,0.300469484,0.197965571,0.272300469,0.09428795,0.021517997
25-06-2025 04:00,4,0.106025039,0.291471049,0.207746479,0.274256651,0.099374022,0.021126761
25-06-2025 05:00,5,0.103286385,0.299295775,0.206964006,0.273474178,0.093505477,0.022691706
25-06-2025 06:00,6,0.089593114,0.3114241,0.218701095,0.270344288,0.08685446,0.023082942
25-06-2025 07:00,7,0.09741784,0.330203443,0.216353678,0.258215962,0.078638498,0.019170579
25-06-2025 08:00,8,0.122065728,0.362676056,0.20970266,0.222613459,0.069248826,0.013693271
25-06-2025 09:00,9,0.153364632,0.338028169,0.197574335,0.222222222,0.073552426,0.015258216
25-06-2025 10:00,10,0.156103286,0.297730829,0.207355243,0.249217527,0.075899844,0.012910798
25-06-2025 11:00,11,0.123239437,0.275039124,0.220657277,0.29342723,0.075117371,0.012519562
25-06-2025 12:00,12,0.098200313,0.248043818,0.205399061,0.347809077,0.087245696,0.012519562
25-06-2025 13:00,13,0.063771518,0.209311424,0.213223787,0.399843505,0.104068858,0.009780908
25-06-2025 14:00,14,0.052425665,0.167057903,0.185054773,0.460485133,0.123630673,0.011345853
25-06-2025 15:00,15,0.039906103,0.143192488,0.154147105,0.504303599,0.140062598,0.018388106
25-06-2025 16:00,16,0.041471049,0.121283255,0.148669797,0.511737089,0.157276995,0.019561815
25-06-2025 17:00,17,0.036776213,0.127543036,0.153364632,0.490610329,0.16627543,0.025039124
25-06-2025 18:00,18,0.045383412,0.160015649,0.175665102,0.460093897,0.142018779,0.016431925
25-06-2025 19:00,19,0.0614241,0.200704225,0.216744914,0.405320814,0.10172144,0.014084507
25-06-2025 20:00,20,0.096244131,0.254303599,0.246087637,0.327073552,0.064945227,0.011345853
25-06-2025 21:00,21,0.129890454,0.309859155,0.238654147,0.253912363,0.058685446,0.008607199
25-06-2025 22:00,22,0.143192488,0.329029734,0.223395931,0.231611894,0.064162754,0.008607199
25-06-2025 23:00,23,0.145539906,0.332550861,0.206181534,0.240610329,0.066510172,0.008607199
26-06-2025 00:00,0,0.143192488,0.323552426,0.205790297,0.246087637,0.068075117,0.012910798
26-06-2025 01:00,1,0.140453834,0.299687011,0.196400626,0.258607199,0.088028169,0.016823161
26-06-2025 02:00,2,0.131455399,0.299687011,0.198748044,0.25743349,0.092331768,0.019953052
26-06-2025 03:00,3,0.113067293,0.300469484,0.197965571,0.272300469,0.09428795,0.021517997
26-06-2025 04:00,4,0.106025039,0.291471049,0.207746479,0.274256651,0.099374022,0.021126761
26-06-2025 05:00,5,0.103286385,0.299295775,0.206964006,0.273474178,0.093505477,0.022691706
26-06-2025 06:00,6,0.089593114,0.3114241,0.218701095,0.270344288,0.08685446,0.023082942
26-06-2025 07:00,7,0.09741784,0.330203443,0.216353678,0.258215962,0.078638498,0.019170579
26-06-2025 08:00,8,0.122065728,0.362676056,0.20970266,0.222613459,0.069248826,0.013693271
26-06-2025 09:00,9,0.153364632,0.338028169,0.197574335,0.222222222,0.073552426,0.015258216
26-06-2025 10:00,10,0.156103286,0.297730829,0.207355243,0.249217527,0.075899844,0.012910798
26-06-2025 11:00,11,0.123239437,0.275039124,0.220657277,0.29342723,0.075117371,0.012519562
26-06-2025 12:00,12,0.098200313,0.248043818,0.205399061,0.347809077,0.087245696,0.012519562
26-06-2025 13:00,13,0.063771518,0.209311424,0.213223787,0.399843505,0.104068858,0.009780908
26-06-2025 14:00,14,0.052425665,0.167057903,0.185054773,0.460485133,0.123630673,0.011345853
26-06-2025 15:00,15,0.039906103,0.143192488,0.154147105,0.504303599,0.140062598,0.018388106
26-06-2025 16:00,16,0.041471049,0.121283255,0.148669797,0.511737089,0.157276995,0.019561815
26-06-2025 17:00,17,0.036776213,0.127543036,0.153364632,0.490610329,0.16627543,0.025039124
26-06-2025 18:00,18,0.045383412,0.160015649,0.175665102,0.460093897,0.142018779,0.016431925
26-06-2025 19:00,19,0.0614241,0.200704225,0.216744914,0.405320814,0.10172144,0.014084507
26-06-2025 20:00,20,0.096244131,0.254303599,0.246087637,0.327073552,0.064945227,0.011345853
26-06-2025 21:00,21,0.129890454,0.309859155,0.238654147,0.253912363,0.058685446,0.008607199
26-06-2025 22:00,22,0.143192488,0.329029734,0.223395931,0.231611894,0.064162754,0.008607199
26-06-2025 23:00,23,0.145539906,0.332550861,0.206181534,0.240610329,0.066510172,0.008607199
27-06-2025 00:00,0,0.143192488,0.323552426,0.205790297,0.246087637,0.068075117,0.012910798
27-06-2025 01:00,1,0.140453834,0.299687011,0.196400626,0.258607199,0.088028169,0.016823161
27-06-2025 02:00,2,0.131455399,0.299687011,0.198748044,0.25743349,0.092331768,0.019953052
27-06-2025 03:00,3,0.113067293,0.300469484,0.197965571,0.272300469,0.09428795,0.021517997
27-06-2025 04:00,4,0.106025039,0.291471049,0.207746479,0.274256651,0.099374022,0.021126761
27-06-2025 05:00,5,0.103286385,0.299295775,0.206964006,0.273474178,0.093505477,0.022691706
27-06-2025 06:00,6,0.089593114,0.3114241,0.218701095,0.270344288,0.08685446,0.023082942
27-06-2025 07:00,7,0.09741784,0.330203443,0.216353678,0.258215962,0.078638498,0.019170579
27-06-2025 08:00,8,0.122065728,0.362676056,0.20970266,0.222613459,0.069248826,0.013693271
27-06-2025 09:00,9,0.153364632,0.338028169,0.197574335,0.222222222,0.073552426,0.015258216
27-06-2025 10:00,10,0.156103286,0.297730829,0.207355243,0.249217527,0.075899844,0.012910798
27-06-2025 11:00,11,0.123239437,0.275039124,0.220657277,0.29342723,0.075117371,0.012519562
27-06-2025 12:00,12,0.098200313,0.248043818,0.205399061,0.347809077,0.087245696,0.012519562
27-06-2025 13:00,13,0.063771518,0.209311424,0.213223787,0.399843505,0.104068858,0.009780908
27-06-2025 14:00,14,0.052425665,0.167057903,0.185054773,0.460485133,0.123630673,0.011345853
27-06-2025 15:00,15,0.039906103,0.143192488,0.154147105,0.504303599,0.140062598,0.018388106
27-06-2025 16:00,16,0.041471049,0.121283255,0.148669797,0.511737089,0.157276995,0.019561815
27-06-2025 17:00,17,0.036776213,0.127543036,0.153364632,0.490610329,0.16627543,0.025039124
27-06-2025 18:00,18,0.045383412,0.160015649,0.175665102,0.460093897,0.142018779,0.016431925
27-06-2025 19:00,19,0.0614241,0.200704225,0.216744914,0.405320814,0.10172144,0.014084507
27-06-2025 20:00,20,0.096244131,0.254303599,0.246087637,0.327073552,0.064945227,0.011345853
27-06-2025 21:00,21,0.129890454,0.309859155,0.238654147,0.253912363,0.058685446,0.008607199
27-06-2025 22:00,22,0.143192488,0.329029734,0.223395931,0.231611894,0.064162754,0.008607199
27-06-2025 23:00,23,0.145539906,0.332550861,0.206181534,0.240610329,0.066510172,0.008607199
28-06-2025 00:00,0,0.143192488,0.323552426,0.205790297,0.246087637,0.068075117,0.012910798
28-06-2025 01:00,1,0.140453834,0.299687011,0.196400626,0.258607199,0.088028169,0.016823161
28-06-2025 02:00,2,0.131455399,0.299687011,0.198748044,0.25743349,0.092331768,0.019953052
28-06-2025 03:00,3,0.113067293,0.300469484,0.197965571,0.272300469,0.09428795,0.021517997
28-06-2025 04:00,4,0.106025039,0.291471049,0.207746479,0.274256651,0.099374022,0.021126761
28-06-2025 05:00,5,0.103286385,0.299295775,0.206964006,0.273474178,0.093505477,0.022691706
28-06-2025 06:00,6,0.089593114,0.3114241,0.218701095,0.270344288,0.08685446,0.023082942
28-06-2025 07:00,7,0.09741784,0.330203443,0.216353678,0.258215962,0.078638498,0.019170579
28-06-2025 08:00,8,0.122065728,0.362676056,0.20970266,0.222613459,0.069248826,0.013693271
28-06-2025 09:00,9,0.153364632,0.338028169,0.197574335,0.222222222,0.073552426,0.015258216
28-06-2025 10:00,10,0.156103286,0.297730829,0.207355243,0.249217527,0.075899844,0.012910798
28-06-2025 11:00,11,0.123239437,0.275039124,0.220657277,0.29342723,0.075117371,0.012519562
28-06-2025 12:00,12,0.098200313,0.248043818,0.205399061,0.347809077,0.087245696,0.012519562
28-06-2025 13:00,13,0.063771518,0.209311424,0.213223787,0.399843505,0.104068858,0.009780908
28-06-2025 14:00,14,0.052425665,0.167057903,0.185054773,0.460485133,0.123630673,0.011345853
28-06-2025 15:00,15,0.039906103,0.143192488,0.154147105,0.504303599,0.140062598,0.018388106
28-06-2025 16:00,16,0.041471049,0.121283255,0.148669797,0.511737089,0.157276995,0.019561815
28-06-2025 17:00,17,0.036776213,0.127543036,0.153364632,0.490610329,0.16627543,0.025039124
28-06-2025 18:00,18,0.045383412,0.160015649,0.175665102,0.460093897,0.142018779,0.016431925
28-06-2025 19:00,19,0.0614241,0.200704225,0.216744914,0.405320814,0.10172144,0.014084507
28-06-2025 20:00,20,0.096244131,0.254303599,0.246087637,0.327073552,0.064945227,0.011345853
28-06-2025 21:00,21,0.129890454,0.309859155,0.238654147,0.253912363,0.058685446,0.008607199
28-06-2025 22:00,22,0.143192488,0.329029734,0.223395931,0.231611894,0.064162754,0.008607199
28-06-2025 23:00,23,0.145539906,0.332550861,0.206181534,0.240610329,0.066510172,0.008607199
29-06-2025 00:00,0,0.143192488,0.323552426,0.205790297,0.246087637,0.068075117,0.012910798
29-06-2025 01:00,1,0.140453834,0.299687011,0.196400626,0.258607199,0.088028169,0.016823161
29-06-2025 02:00,2,0.131455399,0.299687011,0.198748044,0.25743349,0.092331768,0.019953052
29-06-2025 03:00,3,0.113067293,0.300469484,0.197965571,0.272300469,0.09428795,0.021517997
29-06-2025 04:00,4,0.106025039,0.291471049,0.207746479,0.274256651,0.099374022,0.021126761
29-06-2025 05:00,5,0.103286385,0.299295775,0.206964006,0.273474178,0.093505477,0.022691706
29-06-2025 06:00,6,0.089593114,0.3114241,0.218701095,0.270344288,0.08685446,0.023082942
29-06-2025 07:00,7,0.09741784,0.330203443,0.216353678,0.258215962,0.078638498,0.019170579
29-06-2025 08:00,8,0.122065728,0.362676056,0.20970266,0.222613459,0.069248826,0.013693271
29-06-2025 09:00,9,0.153364632,0.338028169,0.197574335,0.222222222,0.073552426,0.015258216
29-06-2025 10:00,10,0.156103286,0.297730829,0.207355243,0.249217527,0.075899844,0.012910798
29-06-2025 11:00,11,0.123239437,0.275039124,0.220657277,0.29342723,0.075117371,0.012519562
29-06-2025 12:00,12,0.098200313,0.248043818,0.205399061,0.347809077,0.087245696,0.012519562
29-06-2025 13:00,13,0.063771518,0.209311424,0.213223787,0.399843505,0.104068858,0.009780908
29-06-2025 14:00,14,0.052425665,0.167057903,0.185054773,0.460485133,0.123630673,0.011345853
29-06-2025 15:00,15,0.039906103,0.143192488,0.154147105,0.504303599,0.140062598,0.018388106
29-06-2025 16:00,16,0.041471049,0.121283255,0.148669797,0.511737089,0.157276995,0.019561815
29-06-2025 17:00,17,0.036776213,0.127543036,0.153364632,0.490610329,0.16627543,0.025039124
29-06-2025 18:00,18,0.045383412,0.160015649,0.175665102,0.460093897,0.142018779,0.016431925
29-06-2025 19:00,19,0.0614241,0.200704225,0.216744914,0.405320814,0.10172144,0.014084507
29-06-2025 20:00,20,0.096244131,0.254303599,0.246087637,0.327073552,0.064945227,0.011345853
29-06-2025 21:00,21,0.129890454,0.309859155,0.238654147,0.253912363,0.058685446,0.008607199
29-06-2025 22:00,22,0.143192488,0.329029734,0.223395931,0.231611894,0.064162754,0.008607199
29-06-2025 23:00,23,0.145539906,0.332550861,0.206181534,0.240610329,0.066510172,0.008607199
30-06-2025 00:00,0,0.143192488,0.323552426,0.205790297,0.246087637,0.068075117,0.012910798
30-06-2025 01:00,1,0.140453834,0.299687011,0.196400626,0.258607199,0.088028169,0.016823161
30-06-2025 02:00,2,0.131455399,0.299687011,0.198748044,0.25743349,0.092331768,0.019953052
30-06-2025 03:00,3,0.113067293,0.300469484,0.197965571,0.272300469,0.09428795,0.021517997
30-06-2025 04:00,4,0.106025039,0.291471049,0.207746479,0.274256651,0.099374022,0.021126761
30-06-2025 05:00,5,0.103286385,0.299295775,0.206964006,0.273474178,0.093505477,0.022691706
30-06-2025 06:00,6,0.089593114,0.3114241,0.218701095,0.270344288,0.08685446,0.023082942
30-06-2025 07:00,7,0.09741784,0.330203443,0.216353678,0.258215962,0.078638498,0.019170579
30-06-2025 08:00,8,0.122065728,0.362676056,0.20970266,0.222613459,0.069248826,0.013693271
30-06-2025 09:00,9,0.153364632,0.338028169,0.197574335,0.222222222,0.073552426,0.015258216
30-06-2025 10:00,10,0.156103286,0.297730829,0.207355243,0.249217527,0.075899844,0.012910798
30-06-2025 11:00,11,0.123239437,0.275039124,0.220657277,0.29342723,0.075117371,0.012519562
30-06-2025 12:00,12,0.098200313,0.248043818,0.205399061,0.347809077,0.087245696,0.012519562
30-06-2025 13:00,13,0.063771518,0.209311424,0.213223787,0.399843505,0.104068858,0.009780908
30-06-2025 14:00,14,0.052425665,0.167057903,0.185054773,0.460485133,0.123630673,0.011345853
30-06-2025 15:00,15,0.039906103,0.143192488,0.154147105,0.504303599,0.140062598,0.018388106
30-06-2025 16:00,16,0.041471049,0.121283255,0.148669797,0.511737089,0.157276995,0.019561815
30-06-2025 17:00,17,0.036776213,0.127543036,0.153364632,0.490610329,0.16627543,0.025039124
30-06-2025 18:00,18,0.045383412,0.160015649,0.175665102,0.460093897,0.142018779,0.016431925
30-06-2025 19:00,19,0.0614241,0.200704225,0.216744914,0.405320814,0.10172144,0.014084507
30-06-2025 20:00,20,0.096244131,0.254303599,0.246087637,0.327073552,0.064945227,0.011345853
30-06-2025 21:00,21,0.129890454,0.309859155,0.238654147,0.253912363,0.058685446,0.008607199
30-06-2025 22:00,22,0.143192488,0.329029734,0.223395931,0.231611894,0.064162754,0.008607199
30-06-2025 23:00,23,0.145539906,0.332550861,0.206181534,0.240610329,0.066510172,0.008607199
01-07-2025 00:00,0,0.143192488,0.323552426,0.205790297,0.246087637,0.068075117,0.012910798
01-07-2025 01:00,1,0.140453834,0.299687011,0.196400626,0.258607199,0.088028169,0.016823161
01-07-2025 02:00,2,0.131455399,0.299687011,0.198748044,0.25743349,0.092331768,0.019953052
01-07-2025 03:00,3,0.113067293,0.300469484,0.197965571,0.272300469,0.09428795,0.021517997
01-07-2025 04:00,4,0.106025039,0.291471049,0.207746479,0.274256651,0.099374022,0.021126761
01-07-2025 05:00,5,0.103286385,0.299295775,0.206964006,0.273474178,0.093505477,0.022691706
01-07-2025 06:00,6,0.089593114,0.3114241,0.218701095,0.270344288,0.08685446,0.023082942
01-07-2025 07:00,7,0.09741784,0.330203443,0.216353678,0.258215962,0.078638498,0.019170579
01-07-2025 08:00,8,0.122065728,0.362676056,0.20970266,0.222613459,0.069248826,0.013693271
01-07-2025 09:00,9,0.153364632,0.338028169,0.197574335,0.222222222,0.073552426,0.015258216
01-07-2025 10:00,10,0.156103286,0.297730829,0.207355243,0.249217527,0.075899844,0.012910798
01-07-2025 11:00,11,0.123239437,0.275039124,0.220657277,0.29342723,0.075117371,0.012519562
01-07-2025 12:00,12,0.098200313,0.248043818,0.205399061,0.347809077,0.087245696,0.012519562
01-07-2025 13:00,13,0.063771518,0.209311424,0.213223787,0.399843505,0.104068858,0.009780908
01-07-2025 14:00,14,0.052425665,0.167057903,0.185054773,0.460485133,0.123630673,0.011345853
01-07-2025 15:00,15,0.039906103,0.143192488,0.154147105,0.504303599,0.140062598,0.018388106
01-07-2025 16:00,16,0.041471049,0.121283255,0.148669797,0.511737089,0.157276995,0.019561815
01-07-2025 17:00,17,0.036776213,0.127543036,0.153364632,0.490610329,0.16627543,0.025039124
01-07-2025 18:00,18,0.045383412,0.160015649,0.175665102,0.460093897,0.142018779,0.016431925
01-07-2025 19:00,19,0.0614241,0.200704225,0.216744914,0.405320814,0.10172144,0.014084507
01-07-2025 20:00,20,0.096244131,0.254303599,0.246087637,0.327073552,0.064945227,0.011345853
01-07-2025 21:00,21,0.129890454,0.309859155,0.238654147,0.253912363,0.058685446,0.008607199
01-07-2025 22:00,22,0.143192488,0.329029734,0.223395931,0.231611894,0.064162754,0.008607199
01-07-2025 23:00,23,0.145539906,0.332550861,0.206181534,0.240610329,0.066510172,0.008607199
02-07-2025 00:00,0,0.143192488,0.323552426,0.205790297,0.246087637,0.068075117,0.012910798
02-07-2025 01:00,1,0.140453834,0.299687011,0.196400626,0.258607199,0.088028169,0.016823161
02-07-2025 02:00,2,0.131455399,0.299687011,0.198748044,0.25743349,0.092331768,0.019953052
02-07-2025 03:00,3,0.113067293,0.300469484,0.197965571,0.272300469,0.09428795,0.021517997
02-07-2025 04:00,4,0.106025039,0.291471049,0.207746479,0.274256651,0.099374022,0.021126761
02-07-2025 05:00,5,0.103286385,0.299295775,0.206964006,0.273474178,0.093505477,0.022691706
02-07-2025 06:00,6,0.089593114,0.3114241,0.218701095,0.270344288,0.08685446,0.023082942
02-07-2025 07:00,7,0.09741784,0.330203443,0.216353678,0.258215962,0.078638498,0.019170579
02-07-2025 08:00,8,0.122065728,0.362676056,0.20970266,0.222613459,0.069248826,0.013693271
02-07-2025 09:00,9,0.153364632,0.338028169,0.197574335,0.222222222,0.073552426,0.015258216
02-07-2025 10:00,10,0.156103286,0.297730829,0.207355243,0.249217527,0.075899844,0.012910798
02-07-2025 11:00,11,0.123239437,0.275039124,0.220657277,0.29342723,0.075117371,0.012519562
02-07-2025 12:00,12,0.098200313,0.248043818,0.205399061,0.347809077,0.087245696,0.012519562
02-07-2025 13:00,13,0.063771518,0.209311424,0.213223787,0.399843505,0.104068858,0.009780908
02-07-2025 14:00,14,0.052425665,0.167057903,0.185054773,0.460485133,0.123630673,0.011345853
02-07-2025 15:00,15,0.039906103,0.143192488,0.154147105,0.504303599,0.140062598,0.018388106
02-07-2025 16:00,16,0.041471049,0.121283255,0.148669797,0.511737089,0.157276995,0.019561815
02-07-2025 17:00,17,0.036776213,0.127543036,0.153364632,0.490610329,0.16627543,0.025039124
02-07-2025 18:00,18,0.045383412,0.160015649,0.175665102,0.460093897,0.142018779,0.016431925
02-07-2025 19:00,19,0.0614241,0.200704225,0.216744914,0.405320814,0.10172144,0.014084507
02-07-2025 20:00,20,0.096244131,0.254303599,0.246087637,0.327073552,0.064945227,0.011345853
02-07-2025 21:00,21,0.129890454,0.309859155,0.238654147,0.253912363,0.058685446,0.008607199
02-07-2025 22:00,22,0.143192488,0.329029734,0.223395931,0.231611894,0.064162754,0.008607199
02-07-2025 23:00,23,0.145539906,0.332550861,0.206181534,0.240610329,0.066510172,0.008607199
03-07-2025 00:00,0,0.143192488,0.323552426,0.205790297,0.246087637,0.068075117,0.012910798
03-07-2025 01:00,1,0.140453834,0.299687011,0.196400626,0.258607199,0.088028169,0.016823161
03-07-2025 02:00,2,0.131455399,0.299687011,0.198748044,0.25743349,0.092331768,0.019953052
03-07-2025 03:00,3,0.113067293,0.300469484,0.197965571,0.272300469,0.09428795,0.021517997
03-07-2025 04:00,4,0.106025039,0.291471049,0.207746479,0.274256651,0.099374022,0.021126761
03-07-2025 05:00,5,0.103286385,0.299295775,0.206964006,0.273474178,0.093505477,0.022691706
03-07-2025 06:00,6,0.089593114,0.3114241,0.218701095,0.270344288,0.08685446,0.023082942
03-07-2025 07:00,7,0.09741784,0.330203443,0.216353678,0.258215962,0.078638498,0.019170579
03-07-2025 08:00,8,0.122065728,0.362676056,0.20970266,0.222613459,0.069248826,0.013693271
03-07-2025 09:00,9,0.153364632,0.338028169,0.197574335,0.222222222,0.073552426,0.015258216
03-07-2025 10:00,10,0.156103286,0.297730829,0.207355243,0.249217527,0.075899844,0.012910798
03-07-2025 11:00,11,0.123239437,0.275039124,0.220657277,0.29342723,0.075117371,0.012519562
03-07-2025 12:00,12,0.098200313,0.248043818,0.205399061,0.347809077,0.087245696,0.012519562
03-07-2025 13:00,13,0.063771518,0.209311424,0.213223787,0.399843505,0.104068858,0.009780908
03-07-2025 14:00,14,0.052425665,0.167057903,0.185054773,0.460485133,0.123630673,0.011345853
03-07-2025 15:00,15,0.039906103,0.143192488,0.154147105,0.504303599,0.140062598,0.018388106
03-07-2025 16:00,16,0.041471049,0.121283255,0.148669797,0.511737089,0.157276995,0.019561815
03-07-2025 17:00,17,0.036776213,0.127543036,0.153364632,0.490610329,0.16627543,0.025039124
03-07-2025 18:00,18,0.045383412,0.160015649,0.175665102,0.460093897,0.142018779,0.016431925
03-07-2025 19:00,19,0.0614241,0.200704225,0.216744914,0.405320814,0.10172144,0.014084507
03-07-2025 20:00,20,0.096244131,0.254303599,0.246087637,0.327073552,0.064945227,0.011345853
03-07-2025 21:00,21,0.129890454,0.309859155,0.238654147,0.253912363,0.058685446,0.008607199
03-07-2025 22:00,22,0.143192488,0.329029734,0.223395931,0.231611894,0.064162754,0.008607199
03-07-2025 23:00,23,0.145539906,0.332550861,0.206181534,0.240610329,0.066510172,0.008607199
04-07-2025 00:00,0,0.143192488,0.323552426,0.205790297,0.246087637,0.068075117,0.012910798
04-07-2025 01:00,1,0.140453834,0.299687011,0.196400626,0.258607199,0.088028169,0.016823161
04-07-2025 02:00,2,0.131455399,0.299687011,0.198748044,0.25743349,0.092331768,0.019953052
04-07-2025 03:00,3,0.113067293,0.300469484,0.197965571,0.272300469,0.09428795,0.021517997
04-07-2025 04:00,4,0.106025039,0.291471049,0.207746479,0.274256651,0.099374022,0.021126761
04-07-2025 05:00,5,0.103286385,0.299295775,0.206964006,0.273474178,0.093505477,0.022691706
04-07-2025 06:00,6,0.089593114,0.3114241,0.218701095,0.270344288,0.08685446,0.023082942
04-07-2025 07:00,7,0.09741784,0.330203443,0.216353678,0.258215962,0.078638498,0.019170579
04-07-2025 08:00,8,0.122065728,0.362676056,0.20970266,0.222613459,0.069248826,0.013693271
04-07-2025 09:00,9,0.153364632,0.338028169,0.197574335,0.222222222,0.073552426,0.015258216
04-07-2025 10:00,10,0.156103286,0.297730829,0.207355243,0.249217527,0.075899844,0.012910798
04-07-2025 11:00,11,0.123239437,0.275039124,0.220657277,0.29342723,0.075117371,0.012519562
04-07-2025 12:00,12,0.098200313,0.248043818,0.205399061,0.347809077,0.087245696,0.012519562
04-07-2025 13:00,13,0.063771518,0.209311424,0.213223787,0.399843505,0.104068858,0.009780908
04-07-2025 14:00,14,0.052425665,0.167057903,0.185054773,0.460485133,0.123630673,0.011345853
04-07-2025 15:00,15,0.039906103,0.143192488,0.154147105,0.504303599,0.140062598,0.018388106
04-07-2025 16:00,16,0.041471049,0.121283255,0.148669797,0.511737089,0.157276995,0.019561815
04-07-2025 17:00,17,0.036776213,0.127543036,0.153364632,0.490610329,0.16627543,0.025039124
04-07-2025 18:00,18,0.045383412,0.160015649,0.175665102,0.460093897,0.142018779,0.016431925
04-07-2025 19:00,19,0.0614241,0.200704225,0.216744914,0.405320814,0.10172144,0.014084507
04-07-2025 20:00,20,0.096244131,0.254303599,0.246087637,0.327073552,0.064945227,0.011345853
04-07-2025 21:00,21,0.129890454,0.309859155,0.238654147,0.253912363,0.058685446,0.008607199
04-07-2025 22:00,22,0.143192488,0.329029734,0.223395931,0.231611894,0.064162754,0.008607199
04-07-2025 23:00,23,0.145539906,0.332550861,0.206181534,0.240610329,0.066510172,0.008607199
05-07-2025 00:00,0,0.143192488,0.323552426,0.205790297,0.246087637,0.068075117,0.012910798
05-07-2025 01:00,1,0.140453834,0.299687011,0.196400626,0.258607199,0.088028169,0.016823161
05-07-2025 02:00,2,0.131455399,0.299687011,0.198748044,0.25743349,0.092331768,0.019953052
05-07-2025 03:00,3,0.113067293,0.300469484,0.197965571,0.272300469,0.09428795,0.021517997
05-07-2025 04:00,4,0.106025039,0.291471049,0.207746479,0.274256651,0.099374022,0.021126761
05-07-2025 05:00,5,0.103286385,0.299295775,0.206964006,0.273474178,0.093505477,0.022691706
05-07-2025 06:00,6,0.089593114,0.3114241,0.218701095,0.270344288,0.08685446,0.023082942
05-07-2025 07:00,7,0.09741784,0.330203443,0.216353678,0.258215962,0.078638498,0.019170579
05-07-2025 08:00,8,0.122065728,0.362676056,0.20970266,0.222613459,0.069248826,0.013693271
05-07-2025 09:00,9,0.153364632,0.338028169,0.197574335,0.222222222,0.073552426,0.015258216
05-07-2025 10:00,10,0.156103286,0.297730829,0.207355243,0.249217527,0.075899844,0.012910798
05-07-2025 11:00,11,0.123239437,0.275039124,0.220657277,0.29342723,0.075117371,0.012519562
05-07-2025 12:00,12,0.098200313,0.248043818,0.205399061,0.347809077,0.087245696,0.012519562
05-07-2025 13:00,13,0.063771518,0.209311424,0.213223787,0.399843505,0.104068858,0.009780908
05-07-2025 14:00,14,0.052425665,0.167057903,0.185054773,0.460485133,0.123630673,0.011345853
05-07-2025 15:00,15,0.039906103,0.143192488,0.154147105,0.504303599,0.140062598,0.018388106
05-07-2025 16:00,16,0.041471049,0.121283255,0.148669797,0.511737089,0.157276995,0.019561815
05-07-2025 17:00,17,0.036776213,0.127543036,0.153364632,0.490610329,0.16627543,0.025039124
05-07-2025 18:00,18,0.045383412,0.160015649,0.175665102,0.460093897,0.142018779,0.016431925
05-07-2025 19:00,19,0.0614241,0.200704225,0.216744914,0.405320814,0.10172144,0.014084507
05-07-2025 20:00,20,0.096244131,0.254303599,0.246087637,0.327073552,0.064945227,0.011345853
05-07-2025 21:00,21,0.129890454,0.309859155,0.238654147,0.253912363,0.058685446,0.008607199
05-07-2025 22:00,22,0.143192488,0.329029734,0.223395931,0.231611894,0.064162754,0.008607199
05-07-2025 23:00,23,0.145539906,0.332550861,0.206181534,0.240610329,0.066510172,0.008607199
06-07-2025 00:00,0,0.143192488,0.323552426,0.205790297,0.246087637,0.068075117,0.012910798
06-07-2025 01:00,1,0.140453834,0.299687011,0.196400626,0.258607199,0.088028169,0.016823161
06-07-2025 02:00,2,0.131455399,0.299687011,0.198748044,0.25743349,0.092331768,0.019953052
06-07-2025 03:00,3,0.113067293,0.300469484,0.197965571,0.272300469,0.09428795,0.021517997
06-07-2025 04:00,4,0.106025039,0.291471049,0.207746479,0.274256651,0.099374022,0.021126761
06-07-2025 05:00,5,0.103286385,0.299295775,0.206964006,0.273474178,0.093505477,0.022691706
06-07-2025 06:00,6,0.089593114,0.3114241,0.218701095,0.270344288,0.08685446,0.023082942
06-07-2025 07:00,7,0.09741784,0.330203443,0.216353678,0.258215962,0.078638498,0.019170579
06-07-2025 08:00,8,0.122065728,0.362676056,0.20970266,0.222613459,0.069248826,0.013693271
06-07-2025 09:00,9,0.153364632,0.338028169,0.197574335,0.222222222,0.073552426,0.015258216
06-07-2025 10:00,10,0.156103286,0.297730829,0.207355243,0.249217527,0.075899844,0.012910798
06-07-2025 11:00,11,0.123239437,0.275039124,0.220657277,0.29342723,0.075117371,0.012519562
06-07-2025 12:00,12,0.098200313,0.248043818,0.205399061,0.347809077,0.087245696,0.012519562
06-07-2025 13:00,13,0.063771518,0.209311424,0.213223787,0.399843505,0.104068858,0.009780908
06-07-2025 14:00,14,0.052425665,0.167057903,0.185054773,0.460485133,0.123630673,0.011345853
06-07-2025 15:00,15,0.039906103,0.143192488,0.154147105,0.504303599,0.140062598,0.018388106
06-07-2025 16:00,16,0.041471049,0.121283255,0.148669797,0.511737089,0.157276995,0.019561815
06-07-2025 17:00,17,0.036776213,0.127543036,0.153364632,0.490610329,0.16627543,0.025039124
06-07-2025 18:00,18,0.045383412,0.160015649,0.175665102,0.460093897,0.142018779,0.016431925
06-07-2025 19:00,19,0.0614241,0.200704225,0.216744914,0.405320814,0.10172144,0.014084507
06-07-2025 20:00,20,0.096244131,0.254303599,0.246087637,0.327073552,0.064945227,0.011345853
06-07-2025 21:00,21,0.129890454,0.309859155,0.238654147,0.253912363,0.058685446,0.008607199
06-07-2025 22:00,22,0.143192488,0.329029734,0.223395931,0.231611894,0.064162754,0.008607199
06-07-2025 23:00,23,0.145539906,0.332550861,0.206181534,0.240610329,0.066510172,0.008607199
07-07-2025 00:00,0,0.143192488,0.323552426,0.205790297,0.246087637,0.068075117,0.012910798
07-07-2025 01:00,1,0.140453834,0.299687011,0.196400626,0.258607199,0.088028169,0.016823161
07-07-2025 02:00,2,0.131455399,0.299687011,0.198748044,0.25743349,0.092331768,0.019953052
07-07-2025 03:00,3,0.113067293,0.300469484,0.197965571,0.272300469,0.09428795,0.021517997
07-07-2025 04:00,4,0.106025039,0.291471049,0.207746479,0.274256651,0.099374022,0.021126761
07-07-2025 05:00,5,0.103286385,0.299295775,0.206964006,0.273474178,0.093505477,0.022691706
07-07-2025 06:00,6,0.089593114,0.3114241,0.218701095,0.270344288,0.08685446,0.023082942
07-07-2025 07:00,7,0.09741784,0.330203443,0.216353678,0.258215962,0.078638498,0.019170579
07-07-2025 08:00,8,0.122065728,0.362676056,0.20970266,0.222613459,0.069248826,0.013693271
07-07-2025 09:00,9,0.153364632,0.338028169,0.197574335,0.222222222,0.073552426,0.015258216
07-07-2025 10:00,10,0.156103286,0.297730829,0.207355243,0.249217527,0.075899844,0.012910798
07-07-2025 11:00,11,0.123239437,0.275039124,0.220657277,0.29342723,0.075117371,0.012519562
07-07-2025 12:00,12,0.098200313,0.248043818,0.205399061,0.347809077,0.087245696,0.012519562
07-07-2025 13:00,13,0.063771518,0.209311424,0.213223787,0.399843505,0.104068858,0.009780908
07-07-2025 14:00,14,0.052425665,0.167057903,0.185054773,0.460485133,0.123630673,0.011345853
07-07-2025 15:00,15,0.039906103,0.143192488,0.154147105,0.504303599,0.140062598,0.018388106
07-07-2025 16:00,16,0.041471049,0.121283255,0.148669797,0.511737089,0.157276995,0.019561815
07-07-2025 17:00,17,0.036776213,0.127543036,0.153364632,0.490610329,0.16627543,0.025039124
07-07-2025 18:00,18,0.045383412,0.160015649,0.175665102,0.460093897,0.142018779,0.016431925
07-07-2025 19:00,19,0.0614241,0.200704225,0.216744914,0.405320814,0.10172144,0.014084507
07-07-2025 20:00,20,0.096244131,0.254303599,0.246087637,0.327073552,0.064945227,0.011345853
07-07-2025 21:00,21,0.129890454,0.309859155,0.238654147,0.253912363,0.058685446,0.008607199
07-07-2025 22:00,22,0.143192488,0.329029734,0.223395931,0.231611894,0.064162754,0.008607199
07-07-2025 23:00,23,0.145539906,0.332550861,0.206181534,0.240610329,0.066510172,0.008607199
08-07-2025 00:00,0,0.143192488,0.323552426,0.205790297,0.246087637,0.068075117,0.012910798
08-07-2025 01:00,1,0.140453834,0.299687011,0.196400626,0.258607199,0.088028169,0.016823161
08-07-2025 02:00,2,0.131455399,0.299687011,0.198748044,0.25743349,0.092331768,0.019953052
08-07-2025 03:00,3,0.113067293,0.300469484,0.197965571,0.272300469,0.09428795,0.021517997
08-07-2025 04:00,4,0.106025039,0.291471049,0.207746479,0.274256651,0.099374022,0.021126761
08-07-2025 05:00,5,0.103286385,0.299295775,0.206964006,0.273474178,0.093505477,0.022691706
08-07-2025 06:00,6,0.089593114,0.3114241,0.218701095,0.270344288,0.08685446,0.023082942
08-07-2025 07:00,7,0.09741784,0.330203443,0.216353678,0.258215962,0.078638498,0.019170579
08-07-2025 08:00,8,0.122065728,0.362676056,0.20970266,0.222613459,0.069248826,0.013693271
08-07-2025 09:00,9,0.153364632,0.338028169,0.197574335,0.222222222,0.073552426,0.015258216
08-07-2025 10:00,10,0.156103286,0.297730829,0.207355243,0.249217527,0.075899844,0.012910798
08-07-2025 11:00,11,0.123239437,0.275039124,0.220657277,0.29342723,0.075117371,0.012519562
08-07-2025 12:00,12,0.098200313,0.248043818,0.205399061,0.347809077,0.087245696,0.012519562
08-07-2025 13:00,13,0.063771518,0.209311424,0.213223787,0.399843505,0.104068858,0.009780908
08-07-2025 14:00,14,0.052425665,0.167057903,0.185054773,0.460485133,0.123630673,0.011345853
08-07-2025 15:00,15,0.039906103,0.143192488,0.154147105,0.504303599,0.140062598,0.018388106
08-07-2025 16:00,16,0.041471049,0.121283255,0.148669797,0.511737089,0.157276995,0.019561815
08-07-2025 17:00,17,0.036776213,0.127543036,0.153364632,0.490610329,0.16627543,0.025039124
08-07-2025 18:00,18,0.045383412,0.160015649,0.175665102,0.460093897,0.142018779,0.016431925
08-07-2025 19:00,19,0.0614241,0.200704225,0.216744914,0.405320814,0.10172144,0.014084507
08-07-2025 20:00,20,0.096244131,0.254303599,0.246087637,0.327073552,0.064945227,0.011345853
08-07-2025 21:00,21,0.129890454,0.309859155,0.238654147,0.253912363,0.058685446,0.008607199
08-07-2025 22:00,22,0.143192488,0.329029734,0.223395931,0.231611894,0.064162754,0.008607199
08-07-2025 23:00,23,0.145539906,0.332550861,0.206181534,0.240610329,0.066510172,0.008607199
09-07-2025 00:00,0,0.143192488,0.323552426,0.205790297,0.246087637,0.068075117,0.012910798
09-07-2025 01:00,1,0.140453834,0.299687011,0.196400626,0.258607199,0.088028169,0.016823161
09-07-2025 02:00,2,0.131455399,0.299687011,0.198748044,0.25743349,0.092331768,0.019953052
09-07-2025 03:00,3,0.113067293,0.300469484,0.197965571,0.272300469,0.09428795,0.021517997
09-07-2025 04:00,4,0.106025039,0.291471049,0.207746479,0.274256651,0.099374022,0.021126761
09-07-2025 05:00,5,0.103286385,0.299295775,0.206964006,0.273474178,0.093505477,0.022691706
09-07-2025 06:00,6,0.089593114,0.3114241,0.218701095,0.270344288,0.08685446,0.023082942
09-07-2025 07:00,7,0.09741784,0.330203443,0.216353678,0.258215962,0.078638498,0.019170579
09-07-2025 08:00,8,0.122065728,0.362676056,0.20970266,0.222613459,0.069248826,0.013693271
09-07-2025 09:00,9,0.153364632,0.338028169,0.197574335,0.222222222,0.073552426,0.015258216
09-07-2025 10:00,10,0.156103286,0.297730829,0.207355243,0.249217527,0.075899844,0.012910798
09-07-2025 11:00,11,0.123239437,0.275039124,0.220657277,0.29342723,0.075117371,0.012519562
09-07-2025 12:00,12,0.098200313,0.248043818,0.205399061,0.347809077,0.087245696,0.012519562
09-07-2025 13:00,13,0.063771518,0.209311424,0.213223787,0.399843505,0.104068858,0.009780908
09-07-2025 14:00,14,0.052425665,0.167057903,0.185054773,0.460485133,0.123630673,0.011345853
09-07-2025 15:00,15,0.039906103,0.143192488,0.154147105,0.504303599,0.140062598,0.018388106
09-07-2025 16:00,16,0.041471049,0.121283255,0.148669797,0.511737089,0.157276995,0.019561815
09-07-2025 17:00,17,0.036776213,0.127543036,0.153364632,0.490610329,0.16627543,0.025039124
09-07-2025 18:00,18,0.045383412,0.160015649,0.175665102,0.460093897,0.142018779,0.016431925
09-07-2025 19:00,19,0.0614241,0.200704225,0.216744914,0.405320814,0.10172144,0.014084507
09-07-2025 20:00,20,0.096244131,0.254303599,0.246087637,0.327073552,0.064945227,0.011345853
09-07-2025 21:00,21,0.129890454,0.309859155,0.238654147,0.253912363,0.058685446,0.008607199
09-07-2025 22:00,22,0.143192488,0.329029734,0.223395931,0.231611894,0.064162754,0.008607199
09-07-2025 23:00,23,0.145539906,0.332550861,0.206181534,0.240610329,0.066510172,0.008607199
10-07-2025 00:00,0,0.143192488,0.323552426,0.205790297,0.246087637,0.068075117,0.012910798
10-07-2025 01:00,1,0.140453834,0.299687011,0.196400626,0.258607199,0.088028169,0.016823161
10-07-2025 02:00,2,0.131455399,0.299687011,0.198748044,0.25743349,0.092331768,0.019953052
10-07-2025 03:00,3,0.113067293,0.300469484,0.197965571,0.272300469,0.09428795,0.021517997
10-07-2025 04:00,4,0.106025039,0.291471049,0.207746479,0.274256651,0.099374022,0.021126761
10-07-2025 05:00,5,0.103286385,0.299295775,0.206964006,0.273474178,0.093505477,0.022691706
10-07-2025 06:00,6,0.089593114,0.3114241,0.218701095,0.270344288,0.08685446,0.023082942
10-07-2025 07:00,7,0.09741784,0.330203443,0.216353678,0.258215962,0.078638498,0.019170579
10-07-2025 08:00,8,0.122065728,0.362676056,0.20970266,0.222613459,0.069248826,0.013693271
10-07-2025 09:00,9,0.153364632,0.338028169,0.197574335,0.222222222,0.073552426,0.015258216
10-07-2025 10:00,10,0.156103286,0.297730829,0.207355243,0.249217527,0.075899844,0.012910798
10-07-2025 11:00,11,0.123239437,0.275039124,0.220657277,0.29342723,0.075117371,0.012519562
10-07-2025 12:00,12,0.098200313,0.248043818,0.205399061,0.347809077,0.087245696,0.012519562
10-07-2025 13:00,13,0.063771518,0.209311424,0.213223787,0.399843505,0.104068858,0.009780908
10-07-2025 14:00,14,0.052425665,0.167057903,0.185054773,0.460485133,0.123630673,0.011345853
10-07-2025 15:00,15,0.039906103,0.143192488,0.154147105,0.504303599,0.140062598,0.018388106
10-07-2025 16:00,16,0.041471049,0.121283255,0.148669797,0.511737089,0.157276995,0.019561815
10-07-2025 17:00,17,0.036776213,0.127543036,0.153364632,0.490610329,0.16627543,0.025039124
10-07-2025 18:00,18,0.045383412,0.160015649,0.175665102,0.460093897,0.142018779,0.016431925
10-07-2025 19:00,19,0.0614241,0.200704225,0.216744914,0.405320814,0.10172144,0.014084507
10-07-2025 20:00,20,0.096244131,0.254303599,0.246087637,0.327073552,0.064945227,0.011345853
10-07-2025 21:00,21,0.129890454,0.309859155,0.238654147,0.253912363,0.058685446,0.008607199
10-07-2025 22:00,22,0.143192488,0.329029734,0.223395931,0.231611894,0.064162754,0.008607199
10-07-2025 23:00,23,0.145539906,0.332550861,0.206181534,0.240610329,0.066510172,0.008607199
11-07-2025 00:00,0,0.143192488,0.323552426,0.205790297,0.246087637,0.068075117,0.012910798
11-07-2025 01:00,1,0.140453834,0.299687011,0.196400626,0.258607199,0.088028169,0.016823161
11-07-2025 02:00,2,0.131455399,0.299687011,0.198748044,0.25743349,0.092331768,0.019953052
11-07-2025 03:00,3,0.113067293,0.300469484,0.197965571,0.272300469,0.09428795,0.021517997
11-07-2025 04:00,4,0.106025039,0.291471049,0.207746479,0.274256651,0.099374022,0.021126761
11-07-2025 05:00,5,0.103286385,0.299295775,0.206964006,0.273474178,0.093505477,0.022691706
11-07-2025 06:00,6,0.089593114,0.3114241,0.218701095,0.270344288,0.08685446,0.023082942
11-07-2025 07:00,7,0.09741784,0.330203443,0.216353678,0.258215962,0.078638498,0.019170579
11-07-2025 08:00,8,0.122065728,0.362676056,0.20970266,0.222613459,0.069248826,0.013693271
11-07-2025 09:00,9,0.153364632,0.338028169,0.197574335,0.222222222,0.073552426,0.015258216
11-07-2025 10:00,10,0.156103286,0.297730829,0.207355243,0.249217527,0.075899844,0.012910798
11-07-2025 11:00,11,0.123239437,0.275039124,0.220657277,0.29342723,0.075117371,0.012519562
11-07-2025 12:00,12,0.098200313,0.248043818,0.205399061,0.347809077,0.087245696,0.012519562
11-07-2025 13:00,13,0.063771518,0.209311424,0.213223787,0.399843505,0.104068858,0.009780908
11-07-2025 14:00,14,0.052425665,0.167057903,0.185054773,0.460485133,0.123630673,0.011345853
11-07-2025 15:00,15,0.039906103,0.143192488,0.154147105,0.504303599,0.140062598,0.018388106
11-07-2025 16:00,16,0.041471049,0.121283255,0.148669797,0.511737089,0.157276995,0.019561815
11-07-2025 17:00,17,0.036776213,0.127543036,0.153364632,0.490610329,0.16627543,0.025039124
11-07-2025 18:00,18,0.045383412,0.160015649,0.175665102,0.460093897,0.142018779,0.016431925
11-07-2025 19:00,19,0.0614241,0.200704225,0.216744914,0.405320814,0.10172144,0.014084507
11-07-2025 20:00,20,0.096244131,0.254303599,0.246087637,0.327073552,0.064945227,0.011345853
11-07-2025 21:00,21,0.129890454,0.309859155,0.238654147,0.253912363,0.058685446,0.008607199
11-07-2025 22:00,22,0.143192488,0.329029734,0.223395931,0.231611894,0.064162754,0.008607199
11-07-2025 23:00,23,0.145539906,0.332550861,0.206181534,0.240610329,0.066510172,0.008607199
12-07-2025 00:00,0,0.143192488,0.323552426,0.205790297,0.246087637,0.068075117,0.012910798
12-07-2025 01:00,1,0.140453834,0.299687011,0.196400626,0.258607199,0.088028169,0.016823161
12-07-2025 02:00,2,0.131455399,0.299687011,0.198748044,0.25743349,0.092331768,0.019953052
12-07-2025 03:00,3,0.113067293,0.300469484,0.197965571,0.272300469,0.09428795,0.021517997
12-07-2025 04:00,4,0.106025039,0.291471049,0.207746479,0.274256651,0.099374022,0.021126761
12-07-2025 05:00,5,0.103286385,0.299295775,0.206964006,0.273474178,0.093505477,0.022691706
12-07-2025 06:00,6,0.089593114,0.3114241,0.218701095,0.270344288,0.08685446,0.023082942
12-07-2025 07:00,7,0.09741784,0.330203443,0.216353678,0.258215962,0.078638498,0.019170579
12-07-2025 08:00,8,0.122065728,0.362676056,0.20970266,0.222613459,0.069248826,0.013693271
12-07-2025 09:00,9,0.153364632,0.338028169,0.197574335,0.222222222,0.073552426,0.015258216
12-07-2025 10:00,10,0.156103286,0.297730829,0.207355243,0.249217527,0.075899844,0.012910798
12-07-2025 11:00,11,0.123239437,0.275039124,0.220657277,0.29342723,0.075117371,0.012519562
12-07-2025 12:00,12,0.098200313,0.248043818,0.205399061,0.347809077,0.087245696,0.012519562
12-07-2025 13:00,13,0.063771518,0.209311424,0.213223787,0.399843505,0.104068858,0.009780908
12-07-2025 14:00,14,0.052425665,0.167057903,0.185054773,0.460485133,0.123630673,0.011345853
12-07-2025 15:00,15,0.039906103,0.143192488,0.154147105,0.504303599,0.140062598,0.018388106
12-07-2025 16:00,16,0.041471049,0.121283255,0.148669797,0.511737089,0.157276995,0.019561815
12-07-2025 17:00,17,0.036776213,0.127543036,0.153364632,0.490610329,0.16627543,0.025039124
12-07-2025 18:00,18,0.045383412,0.160015649,0.175665102,0.460093897,0.142018779,0.016431925
12-07-2025 19:00,19,0.0614241,0.200704225,0.216744914,0.405320814,0.10172144,0.014084507
12-07-2025 20:00,20,0.096244131,0.254303599,0.246087637,0.327073552,0.064945227,0.011345853
12-07-2025 21:00,21,0.129890454,0.309859155,0.238654147,0.253912363,0.058685446,0.008607199
12-07-2025 22:00,22,0.143192488,0.329029734,0.223395931,0.231611894,0.064162754,0.008607199
12-07-2025 23:00,23,0.145539906,0.332550861,0.206181534,0.240610329,0.066510172,0.008607199
13-07-2025 00:00,0,0.143192488,0.323552426,0.205790297,0.246087637,0.068075117,0.012910798
13-07-2025 01:00,1,0.140453834,0.299687011,0.196400626,0.258607199,0.088028169,0.016823161
13-07-2025 02:00,2,0.131455399,0.299687011,0.198748044,0.25743349,0.092331768,0.019953052
13-07-2025 03:00,3,0.113067293,0.300469484,0.197965571,0.272300469,0.09428795,0.021517997
13-07-2025 04:00,4,0.106025039,0.291471049,0.207746479,0.274256651,0.099374022,0.021126761
13-07-2025 05:00,5,0.103286385,0.299295775,0.206964006,0.273474178,0.093505477,0.022691706
13-07-2025 06:00,6,0.089593114,0.3114241,0.218701095,0.270344288,0.08685446,0.023082942
13-07-2025 07:00,7,0.09741784,0.330203443,0.216353678,0.258215962,0.078638498,0.019170579
13-07-2025 08:00,8,0.122065728,0.362676056,0.20970266,0.222613459,0.069248826,0.013693271
13-07-2025 09:00,9,0.153364632,0.338028169,0.197574335,0.222222222,0.073552426,0.015258216
13-07-2025 10:00,10,0.156103286,0.297730829,0.207355243,0.249217527,0.075899844,0.012910798
13-07-2025 11:00,11,0.123239437,0.275039124,0.220657277,0.29342723,0.075117371,0.012519562
13-07-2025 12:00,12,0.098200313,0.248043818,0.205399061,0.347809077,0.087245696,0.012519562
13-07-2025 13:00,13,0.063771518,0.209311424,0.213223787,0.399843505,0.104068858,0.009780908
13-07-2025 14:00,14,0.052425665,0.167057903,0.185054773,0.460485133,0.123630673,0.011345853
13-07-2025 15:00,15,0.039906103,0.143192488,0.154147105,0.504303599,0.140062598,0.018388106
13-07-2025 16:00,16,0.041471049,0.121283255,0.148669797,0.511737089,0.157276995,0.019561815
13-07-2025 17:00,17,0.036776213,0.127543036,0.153364632,0.490610329,0.16627543,0.025039124
13-07-2025 18:00,18,0.045383412,0.160015649,0.175665102,0.460093897,0.142018779,0.016431925
13-07-2025 19:00,19,0.0614241,0.200704225,0.216744914,0.405320814,0.10172144,0.014084507
13-07-2025 20:00,20,0.096244131,0.254303599,0.246087637,0.327073552,0.064945227,0.011345853
13-07-2025 21:00,21,0.129890454,0.309859155,0.238654147,0.253912363,0.058685446,0.008607199
13-07-2025 22:00,22,0.143192488,0.329029734,0.223395931,0.231611894,0.064162754,0.008607199
13-07-2025 23:00,23,0.145539906,0.332550861,0.206181534,0.240610329,0.066510172,0.008607199
14-07-2025 00:00,0,0.143192488,0.323552426,0.205790297,0.246087637,0.068075117,0.012910798
14-07-2025 01:00,1,0.140453834,0.299687011,0.196400626,0.258607199,0.088028169,0.016823161
14-07-2025 02:00,2,0.131455399,0.299687011,0.198748044,0.25743349,0.092331768,0.019953052
14-07-2025 03:00,3,0.113067293,0.300469484,0.197965571,0.272300469,0.09428795,0.021517997
14-07-2025 04:00,4,0.106025039,0.291471049,0.207746479,0.274256651,0.099374022,0.021126761
14-07-2025 05:00,5,0.103286385,0.299295775,0.206964006,0.273474178,0.093505477,0.022691706
14-07-2025 06:00,6,0.089593114,0.3114241,0.218701095,0.270344288,0.08685446,0.023082942
14-07-2025 07:00,7,0.09741784,0.330203443,0.216353678,0.258215962,0.078638498,0.019170579
14-07-2025 08:00,8,0.122065728,0.362676056,0.20970266,0.222613459,0.069248826,0.013693271
14-07-2025 09:00,9,0.153364632,0.338028169,0.197574335,0.222222222,0.073552426,0.015258216
14-07-2025 10:00,10,0.156103286,0.297730829,0.207355243,0.249217527,0.075899844,0.012910798
14-07-2025 11:00,11,0.123239437,0.275039124,0.220657277,0.29342723,0.075117371,0.012519562
14-07-2025 12:00,12,0.098200313,0.248043818,0.205399061,0.347809077,0.087245696,0.012519562
14-07-2025 13:00,13,0.063771518,0.209311424,0.213223787,0.399843505,0.104068858,0.009780908
14-07-2025 14:00,14,0.052425665,0.167057903,0.185054773,0.460485133,0.123630673,0.011345853
14-07-2025 15:00,15,0.039906103,0.143192488,0.154147105,0.504303599,0.140062598,0.018388106
14-07-2025 16:00,16,0.041471049,0.121283255,0.148669797,0.511737089,0.157276995,0.019561815
14-07-2025 17:00,17,0.036776213,0.127543036,0.153364632,0.490610329,0.16627543,0.025039124
14-07-2025 18:00,18,0.045383412,0.160015649,0.175665102,0.460093897,0.142018779,0.016431925
14-07-2025 19:00,19,0.0614241,0.200704225,0.216744914,0.405320814,0.10172144,0.014084507
14-07-2025 20:00,20,0.096244131,0.254303599,0.246087637,0.327073552,0.064945227,0.011345853
14-07-2025 21:00,21,0.129890454,0.309859155,0.238654147,0.253912363,0.058685446,0.008607199
14-07-2025 22:00,22,0.143192488,0.329029734,0.223395931,0.231611894,0.064162754,0.008607199
14-07-2025 23:00,23,0.145539906,0.332550861,0.206181534,0.240610329,0.066510172,0.008607199
15-07-2025 00:00,0,0.143192488,0.323552426,0.205790297,0.246087637,0.068075117,0.012910798
15-07-2025 01:00,1,0.140453834,0.299687011,0.196400626,0.258607199,0.088028169,0.016823161
15-07-2025 02:00,2,0.131455399,0.299687011,0.198748044,0.25743349,0.092331768,0.019953052
15-07-2025 03:00,3,0.113067293,0.300469484,0.197965571,0.272300469,0.09428795,0.021517997
15-07-2025 04:00,4,0.106025039,0.291471049,0.207746479,0.274256651,0.099374022,0.021126761
15-07-2025 05:00,5,0.103286385,0.299295775,0.206964006,0.273474178,0.093505477,0.022691706
15-07-2025 06:00,6,0.089593114,0.3114241,0.218701095,0.270344288,0.08685446,0.023082942
15-07-2025 07:00,7,0.09741784,0.330203443,0.216353678,0.258215962,0.078638498,0.019170579
15-07-2025 08:00,8,0.122065728,0.362676056,0.20970266,0.222613459,0.069248826,0.013693271
15-07-2025 09:00,9,0.153364632,0.338028169,0.197574335,0.222222222,0.073552426,0.015258216
15-07-2025 10:00,10,0.156103286,0.297730829,0.207355243,0.249217527,0.075899844,0.012910798
15-07-2025 11:00,11,0.123239437,0.275039124,0.220657277,0.29342723,0.075117371,0.012519562
15-07-2025 12:00,12,0.098200313,0.248043818,0.205399061,0.347809077,0.087245696,0.012519562
15-07-2025 13:00,13,0.063771518,0.209311424,0.213223787,0.399843505,0.104068858,0.009780908
15-07-2025 14:00,14,0.052425665,0.167057903,0.185054773,0.460485133,0.123630673,0.011345853
15-07-2025 15:00,15,0.039906103,0.143192488,0.154147105,0.504303599,0.140062598,0.018388106
15-07-2025 16:00,16,0.041471049,0.121283255,0.148669797,0.511737089,0.157276995,0.019561815
15-07-2025 17:00,17,0.036776213,0.127543036,0.153364632,0.490610329,0.16627543,0.025039124
15-07-2025 18:00,18,0.045383412,0.160015649,0.175665102,0.460093897,0.142018779,0.016431925
15-07-2025 19:00,19,0.0614241,0.200704225,0.216744914,0.405320814,0.10172144,0.014084507
15-07-2025 20:00,20,0.096244131,0.254303599,0.246087637,0.327073552,0.064945227,0.011345853
15-07-2025 21:00,21,0.129890454,0.309859155,0.238654147,0.253912363,0.058685446,0.008607199
15-07-2025 22:00,22,0.143192488,0.329029734,0.223395931,0.231611894,0.064162754,0.008607199
15-07-2025 23:00,23,0.145539906,0.332550861,0.206181534,0.240610329,0.066510172,0.008607199
16-07-2025 00:00,0,0.143192488,0.323552426,0.205790297,0.246087637,0.068075117,0.012910798
16-07-2025 01:00,1,0.140453834,0.299687011,0.196400626,0.258607199,0.088028169,0.016823161
16-07-2025 02:00,2,0.131455399,0.299687011,0.198748044,0.25743349,0.092331768,0.019953052
16-07-2025 03:00,3,0.113067293,0.300469484,0.197965571,0.272300469,0.09428795,0.021517997
16-07-2025 04:00,4,0.106025039,0.291471049,0.207746479,0.274256651,0.099374022,0.021126761
16-07-2025 05:00,5,0.103286385,0.299295775,0.206964006,0.273474178,0.093505477,0.022691706
16-07-2025 06:00,6,0.089593114,0.3114241,0.218701095,0.270344288,0.08685446,0.023082942
16-07-2025 07:00,7,0.09741784,0.330203443,0.216353678,0.258215962,0.078638498,0.019170579
16-07-2025 08:00,8,0.122065728,0.362676056,0.20970266,0.222613459,0.069248826,0.013693271
16-07-2025 09:00,9,0.153364632,0.338028169,0.197574335,0.222222222,0.073552426,0.015258216
16-07-2025 10:00,10,0.156103286,0.297730829,0.207355243,0.249217527,0.075899844,0.012910798
16-07-2025 11:00,11,0.123239437,0.275039124,0.220657277,0.29342723,0.075117371,0.012519562
16-07-2025 12:00,12,0.098200313,0.248043818,0.205399061,0.347809077,0.087245696,0.012519562
16-07-2025 13:00,13,0.063771518,0.209311424,0.213223787,0.399843505,0.104068858,0.009780908
16-07-2025 14:00,14,0.052425665,0.167057903,0.185054773,0.460485133,0.123630673,0.011345853
16-07-2025 15:00,15,0.039906103,0.143192488,0.154147105,0.504303599,0.140062598,0.018388106
16-07-2025 16:00,16,0.041471049,0.121283255,0.148669797,0.511737089,0.157276995,0.019561815
16-07-2025 17:00,17,0.036776213,0.127543036,0.153364632,0.490610329,0.16627543,0.025039124
16-07-2025 18:00,18,0.045383412,0.160015649,0.175665102,0.460093897,0.142018779,0.016431925
16-07-2025 19:00,19,0.0614241,0.200704225,0.216744914,0.405320814,0.10172144,0.014084507
16-07-2025 20:00,20,0.096244131,0.254303599,0.246087637,0.327073552,0.064945227,0.011345853
16-07-2025 21:00,21,0.129890454,0.309859155,0.238654147,0.253912363,0.058685446,0.008607199
16-07-2025 22:00,22,0.143192488,0.329029734,0.223395931,0.231611894,0.064162754,0.008607199
16-07-2025 23:00,23,0.145539906,0.332550861,0.206181534,0.240610329,0.066510172,0.008607199
17-07-2025 00:00,0,0.143192488,0.323552426,0.205790297,0.246087637,0.068075117,0.012910798
17-07-2025 01:00,1,0.140453834,0.299687011,0.196400626,0.258607199,0.088028169,0.016823161
17-07-2025 02:00,2,0.131455399,0.299687011,0.198748044,0.25743349,0.092331768,0.019953052
17-07-2025 03:00,3,0.113067293,0.300469484,0.197965571,0.272300469,0.09428795,0.021517997
17-07-2025 04:00,4,0.106025039,0.291471049,0.207746479,0.274256651,0.099374022,0.021126761
17-07-2025 05:00,5,0.103286385,0.299295775,0.206964006,0.273474178,0.093505477,0.022691706
17-07-2025 06:00,6,0.089593114,0.3114241,0.218701095,0.270344288,0.08685446,0.023082942
17-07-2025 07:00,7,0.09741784,0.330203443,0.216353678,0.258215962,0.078638498,0.019170579
17-07-2025 08:00,8,0.122065728,0.362676056,0.20970266,0.222613459,0.069248826,0.013693271
17-07-2025 09:00,9,0.153364632,0.338028169,0.197574335,0.222222222,0.073552426,0.015258216
17-07-2025 10:00,10,0.156103286,0.297730829,0.207355243,0.249217527,0.075899844,0.012910798
17-07-2025 11:00,11,0.123239437,0.275039124,0.220657277,0.29342723,0.075117371,0.012519562
17-07-2025 12:00,12,0.098200313,0.248043818,0.205399061,0.347809077,0.087245696,0.012519562
17-07-2025 13:00,13,0.063771518,0.209311424,0.213223787,0.399843505,0.104068858,0.009780908
17-07-2025 14:00,14,0.052425665,0.167057903,0.185054773,0.460485133,0.123630673,0.011345853
17-07-2025 15:00,15,0.039906103,0.143192488,0.154147105,0.504303599,0.140062598,0.018388106
17-07-2025 16:00,16,0.041471049,0.121283255,0.148669797,0.511737089,0.157276995,0.019561815
17-07-2025 17:00,17,0.036776213,0.127543036,0.153364632,0.490610329,0.16627543,0.025039124
17-07-2025 18:00,18,0.045383412,0.160015649,0.175665102,0.460093897,0.142018779,0.016431925
17-07-2025 19:00,19,0.0614241,0.200704225,0.216744914,0.405320814,0.10172144,0.014084507
17-07-2025 20:00,20,0.096244131,0.254303599,0.246087637,0.327073552,0.064945227,0.011345853
17-07-2025 21:00,21,0.129890454,0.309859155,0.238654147,0.253912363,0.058685446,0.008607199
17-07-2025 22:00,22,0.143192488,0.329029734,0.223395931,0.231611894,0.064162754,0.008607199
17-07-2025 23:00,23,0.145539906,0.332550861,0.206181534,0.240610329,0.066510172,0.008607199
18-07-2025 00:00,0,0.143192488,0.323552426,0.205790297,0.246087637,0.068075117,0.012910798
18-07-2025 01:00,1,0.140453834,0.299687011,0.196400626,0.258607199,0.088028169,0.016823161
18-07-2025 02:00,2,0.131455399,0.299687011,0.198748044,0.25743349,0.092331768,0.019953052
18-07-2025 03:00,3,0.113067293,0.300469484,0.197965571,0.272300469,0.09428795,0.021517997
18-07-2025 04:00,4,0.106025039,0.291471049,0.207746479,0.274256651,0.099374022,0.021126761
18-07-2025 05:00,5,0.103286385,0.299295775,0.206964006,0.273474178,0.093505477,0.022691706
18-07-2025 06:00,6,0.089593114,0.3114241,0.218701095,0.270344288,0.08685446,0.023082942
18-07-2025 07:00,7,0.09741784,0.330203443,0.216353678,0.258215962,0.078638498,0.019170579
18-07-2025 08:00,8,0.122065728,0.362676056,0.20970266,0.222613459,0.069248826,0.013693271
18-07-2025 09:00,9,0.153364632,0.338028169,0.197574335,0.222222222,0.073552426,0.015258216
18-07-2025 10:00,10,0.156103286,0.297730829,0.207355243,0.249217527,0.075899844,0.012910798
18-07-2025 11:00,11,0.123239437,0.275039124,0.220657277,0.29342723,0.075117371,0.012519562
18-07-2025 12:00,12,0.098200313,0.248043818,0.205399061,0.347809077,0.087245696,0.012519562
18-07-2025 13:00,13,0.063771518,0.209311424,0.213223787,0.399843505,0.104068858,0.009780908
18-07-2025 14:00,14,0.052425665,0.167057903,0.185054773,0.460485133,0.123630673,0.011345853
18-07-2025 15:00,15,0.039906103,0.143192488,0.154147105,0.504303599,0.140062598,0.018388106
18-07-2025 16:00,16,0.041471049,0.121283255,0.148669797,0.511737089,0.157276995,0.019561815
18-07-2025 17:00,17,0.036776213,0.127543036,0.153364632,0.490610329,0.16627543,0.025039124
18-07-2025 18:00,18,0.045383412,0.160015649,0.175665102,0.460093897,0.142018779,0.016431925
18-07-2025 19:00,19,0.0614241,0.200704225,0.216744914,0.405320814,0.10172144,0.014084507
18-07-2025 20:00,20,0.096244131,0.254303599,0.246087637,0.327073552,0.064945227,0.011345853
18-07-2025 21:00,21,0.129890454,0.309859155,0.238654147,0.253912363,0.058685446,0.008607199
18-07-2025 22:00,22,0.143192488,0.329029734,0.223395931,0.231611894,0.064162754,0.008607199
18-07-2025 23:00,23,0.145539906,0.332550861,0.206181534,0.240610329,0.066510172,0.008607199
19-07-2025 00:00,0,0.143192488,0.323552426,0.205790297,0.246087637,0.068075117,0.012910798
19-07-2025 01:00,1,0.140453834,0.299687011,0.196400626,0.258607199,0.088028169,0.016823161
19-07-2025 02:00,2,0.131455399,0.299687011,0.198748044,0.25743349,0.092331768,0.019953052
19-07-2025 03:00,3,0.113067293,0.300469484,0.197965571,0.272300469,0.09428795,0.021517997
19-07-2025 04:00,4,0.106025039,0.291471049,0.207746479,0.274256651,0.099374022,0.021126761
19-07-2025 05:00,5,0.103286385,0.299295775,0.206964006,0.273474178,0.093505477,0.022691706
19-07-2025 06:00,6,0.089593114,0.3114241,0.218701095,0.270344288,0.08685446,0.023082942
19-07-2025 07:00,7,0.09741784,0.330203443,0.216353678,0.258215962,0.078638498,0.019170579
19-07-2025 08:00,8,0.122065728,0.362676056,0.20970266,0.222613459,0.069248826,0.013693271
19-07-2025 09:00,9,0.153364632,0.338028169,0.197574335,0.222222222,0.073552426,0.015258216
19-07-2025 10:00,10,0.156103286,0.297730829,0.207355243,0.249217527,0.075899844,0.012910798
19-07-2025 11:00,11,0.123239437,0.275039124,0.220657277,0.29342723,0.075117371,0.012519562
19-07-2025 12:00,12,0.098200313,0.248043818,0.205399061,0.347809077,0.087245696,0.012519562
19-07-2025 13:00,13,0.063771518,0.209311424,0.213223787,0.399843505,0.104068858,0.009780908
19-07-2025 14:00,14,0.052425665,0.167057903,0.185054773,0.460485133,0.123630673,0.011345853
19-07-2025 15:00,15,0.039906103,0.143192488,0.154147105,0.504303599,0.140062598,0.018388106
19-07-2025 16:00,16,0.041471049,0.121283255,0.148669797,0.511737089,0.157276995,0.019561815
19-07-2025 17:00,17,0.036776213,0.127543036,0.153364632,0.490610329,0.16627543,0.025039124
19-07-2025 18:00,18,0.045383412,0.160015649,0.175665102,0.460093897,0.142018779,0.016431925
19-07-2025 19:00,19,0.0614241,0.200704225,0.216744914,0.405320814,0.10172144,0.014084507
19-07-2025 20:00,20,0.096244131,0.254303599,0.246087637,0.327073552,0.064945227,0.011345853
19-07-2025 21:00,21,0.129890454,0.309859155,0.238654147,0.253912363,0.058685446,0.008607199
19-07-2025 22:00,22,0.143192488,0.329029734,0.223395931,0.231611894,0.064162754,0.008607199
19-07-2025 23:00,23,0.145539906,0.332550861,0.206181534,0.240610329,0.066510172,0.008607199
20-07-2025 00:00,0,0.143192488,0.323552426,0.205790297,0.246087637,0.068075117,0.012910798
20-07-2025 01:00,1,0.140453834,0.299687011,0.196400626,0.258607199,0.088028169,0.016823161
20-07-2025 02:00,2,0.131455399,0.299687011,0.198748044,0.25743349,0.092331768,0.019953052
20-07-2025 03:00,3,0.113067293,0.300469484,0.197965571,0.272300469,0.09428795,0.021517997
20-07-2025 04:00,4,0.106025039,0.291471049,0.207746479,0.274256651,0.099374022,0.021126761
20-07-2025 05:00,5,0.103286385,0.299295775,0.206964006,0.273474178,0.093505477,0.022691706
20-07-2025 06:00,6,0.089593114,0.3114241,0.218701095,0.270344288,0.08685446,0.023082942
20-07-2025 07:00,7,0.09741784,0.330203443,0.216353678,0.258215962,0.078638498,0.019170579
20-07-2025 08:00,8,0.122065728,0.362676056,0.20970266,0.222613459,0.069248826,0.013693271
20-07-2025 09:00,9,0.153364632,0.338028169,0.197574335,0.222222222,0.073552426,0.015258216
20-07-2025 10:00,10,0.156103286,0.297730829,0.207355243,0.249217527,0.075899844,0.012910798
20-07-2025 11:00,11,0.123239437,0.275039124,0.220657277,0.29342723,0.075117371,0.012519562
20-07-2025 12:00,12,0.098200313,0.248043818,0.205399061,0.347809077,0.087245696,0.012519562
20-07-2025 13:00,13,0.063771518,0.209311424,0.213223787,0.399843505,0.104068858,0.009780908
20-07-2025 14:00,14,0.052425665,0.167057903,0.185054773,0.460485133,0.123630673,0.011345853
20-07-2025 15:00,15,0.039906103,0.143192488,0.154147105,0.504303599,0.140062598,0.018388106
20-07-2025 16:00,16,0.041471049,0.121283255,0.148669797,0.511737089,0.157276995,0.019561815
20-07-2025 17:00,17,0.036776213,0.127543036,0.153364632,0.490610329,0.16627543,0.025039124
20-07-2025 18:00,18,0.045383412,0.160015649,0.175665102,0.460093897,0.142018779,0.016431925
20-07-2025 19:00,19,0.0614241,0.200704225,0.216744914,0.405320814,0.10172144,0.014084507
20-07-2025 20:00,20,0.096244131,0.254303599,0.246087637,0.327073552,0.064945227,0.011345853
20-07-2025 21:00,21,0.129890454,0.309859155,0.238654147,0.253912363,0.058685446,0.008607199
20-07-2025 22:00,22,0.143192488,0.329029734,0.223395931,0.231611894,0.064162754,0.008607199
20-07-2025 23:00,23,0.145539906,0.332550861,0.206181534,0.240610329,0.066510172,0.008607199
21-07-2025 00:00,0,0.143192488,0.323552426,0.205790297,0.246087637,0.068075117,0.012910798
21-07-2025 01:00,1,0.140453834,0.299687011,0.196400626,0.258607199,0.088028169,0.016823161
21-07-2025 02:00,2,0.131455399,0.299687011,0.198748044,0.25743349,0.092331768,0.019953052
21-07-2025 03:00,3,0.113067293,0.300469484,0.197965571,0.272300469,0.09428795,0.021517997
21-07-2025 04:00,4,0.106025039,0.291471049,0.207746479,0.274256651,0.099374022,0.021126761
21-07-2025 05:00,5,0.103286385,0.299295775,0.206964006,0.273474178,0.093505477,0.022691706
21-07-2025 06:00,6,0.089593114,0.3114241,0.218701095,0.270344288,0.08685446,0.023082942
21-07-2025 07:00,7,0.09741784,0.330203443,0.216353678,0.258215962,0.078638498,0.019170579
21-07-2025 08:00,8,0.122065728,0.362676056,0.20970266,0.222613459,0.069248826,0.013693271
21-07-2025 09:00,9,0.153364632,0.338028169,0.197574335,0.222222222,0.073552426,0.015258216
21-07-2025 10:00,10,0.156103286,0.297730829,0.207355243,0.249217527,0.075899844,0.012910798
21-07-2025 11:00,11,0.123239437,0.275039124,0.220657277,0.29342723,0.075117371,0.012519562
21-07-2025 12:00,12,0.098200313,0.248043818,0.205399061,0.347809077,0.087245696,0.012519562
21-07-2025 13:00,13,0.063771518,0.209311424,0.213223787,0.399843505,0.104068858,0.009780908
21-07-2025 14:00,14,0.052425665,0.167057903,0.185054773,0.460485133,0.123630673,0.011345853
21-07-2025 15:00,15,0.039906103,0.143192488,0.154147105,0.504303599,0.140062598,0.018388106
21-07-2025 16:00,16,0.041471049,0.121283255,0.148669797,0.511737089,0.157276995,0.019561815
21-07-2025 17:00,17,0.036776213,0.127543036,0.153364632,0.490610329,0.16627543,0.025039124
21-07-2025 18:00,18,0.045383412,0.160015649,0.175665102,0.460093897,0.142018779,0.016431925
21-07-2025 19:00,19,0.0614241,0.200704225,0.216744914,0.405320814,0.10172144,0.014084507
21-07-2025 20:00,20,0.096244131,0.254303599,0.246087637,0.327073552,0.064945227,0.011345853
21-07-2025 21:00,21,0.129890454,0.309859155,0.238654147,0.253912363,0.058685446,0.008607199
21-07-2025 22:00,22,0.143192488,0.329029734,0.223395931,0.231611894,0.064162754,0.008607199
21-07-2025 23:00,23,0.145539906,0.332550861,0.206181534,0.240610329,0.066510172,0.008607199
22-07-2025 00:00,0,0.143192488,0.323552426,0.205790297,0.246087637,0.068075117,0.012910798
22-07-2025 01:00,1,0.140453834,0.299687011,0.196400626,0.258607199,0.088028169,0.016823161
22-07-2025 02:00,2,0.131455399,0.299687011,0.198748044,0.25743349,0.092331768,0.019953052
22-07-2025 03:00,3,0.113067293,0.300469484,0.197965571,0.272300469,0.09428795,0.021517997
22-07-2025 04:00,4,0.106025039,0.291471049,0.207746479,0.274256651,0.099374022,0.021126761
22-07-2025 05:00,5,0.103286385,0.299295775,0.206964006,0.273474178,0.093505477,0.022691706
22-07-2025 06:00,6,0.089593114,0.3114241,0.218701095,0.270344288,0.08685446,0.023082942
22-07-2025 07:00,7,0.09741784,0.330203443,0.216353678,0.258215962,0.078638498,0.019170579
22-07-2025 08:00,8,0.122065728,0.362676056,0.20970266,0.222613459,0.069248826,0.013693271
22-07-2025 09:00,9,0.153364632,0.338028169,0.197574335,0.222222222,0.073552426,0.015258216
22-07-2025 10:00,10,0.156103286,0.297730829,0.207355243,0.249217527,0.075899844,0.012910798
22-07-2025 11:00,11,0.123239437,0.275039124,0.220657277,0.29342723,0.075117371,0.012519562
22-07-2025 12:00,12,0.098200313,0.248043818,0.205399061,0.347809077,0.087245696,0.012519562
22-07-2025 13:00,13,0.063771518,0.209311424,0.213223787,0.399843505,0.104068858,0.009780908
22-07-2025 14:00,14,0.052425665,0.167057903,0.185054773,0.460485133,0.123630673,0.011345853
22-07-2025 15:00,15,0.039906103,0.143192488,0.154147105,0.504303599,0.140062598,0.018388106
22-07-2025 16:00,16,0.041471049,0.121283255,0.148669797,0.511737089,0.157276995,0.019561815
22-07-2025 17:00,17,0.036776213,0.127543036,0.153364632,0.490610329,0.16627543,0.025039124
22-07-2025 18:00,18,0.045383412,0.160015649,0.175665102,0.460093897,0.142018779,0.016431925
22-07-2025 19:00,19,0.0614241,0.200704225,0.216744914,0.405320814,0.10172144,0.014084507
22-07-2025 20:00,20,0.096244131,0.254303599,0.246087637,0.327073552,0.064945227,0.011345853
22-07-2025 21:00,21,0.129890454,0.309859155,0.238654147,0.253912363,0.058685446,0.008607199
22-07-2025 22:00,22,0.143192488,0.329029734,0.223395931,0.231611894,0.064162754,0.008607199
22-07-2025 23:00,23,0.145539906,0.332550861,0.206181534,0.240610329,0.066510172,0.008607199
23-07-2025 00:00,0,0.143192488,0.323552426,0.205790297,0.246087637,0.068075117,0.012910798
23-07-2025 01:00,1,0.140453834,0.299687011,0.196400626,0.258607199,0.088028169,0.016823161
23-07-2025 02:00,2,0.131455399,0.299687011,0.198748044,0.25743349,0.092331768,0.019953052
23-07-2025 03:00,3,0.113067293,0.300469484,0.197965571,0.272300469,0.09428795,0.021517997
23-07-2025 04:00,4,0.106025039,0.291471049,0.207746479,0.274256651,0.099374022,0.021126761
23-07-2025 05:00,5,0.103286385,0.299295775,0.206964006,0.273474178,0.093505477,0.022691706
23-07-2025 06:00,6,0.089593114,0.3114241,0.218701095,0.270344288,0.08685446,0.023082942
23-07-2025 07:00,7,0.09741784,0.330203443,0.216353678,0.258215962,0.078638498,0.019170579
23-07-2025 08:00,8,0.122065728,0.362676056,0.20970266,0.222613459,0.069248826,0.013693271
23-07-2025 09:00,9,0.153364632,0.338028169,0.197574335,0.222222222,0.073552426,0.015258216
23-07-2025 10:00,10,0.156103286,0.297730829,0.207355243,0.249217527,0.075899844,0.012910798
23-07-2025 11:00,11,0.123239437,0.275039124,0.220657277,0.29342723,0.075117371,0.012519562
23-07-2025 12:00,12,0.098200313,0.248043818,0.205399061,0.347809077,0.087245696,0.012519562
23-07-2025 13:00,13,0.063771518,0.209311424,0.213223787,0.399843505,0.104068858,0.009780908
23-07-2025 14:00,14,0.052425665,0.167057903,0.185054773,0.460485133,0.123630673,0.011345853
23-07-2025 15:00,15,0.039906103,0.143192488,0.154147105,0.504303599,0.140062598,0.018388106
23-07-2025 16:00,16,0.041471049,0.121283255,0.148669797,0.511737089,0.157276995,0.019561815
23-07-2025 17:00,17,0.036776213,0.127543036,0.153364632,0.490610329,0.16627543,0.025039124
23-07-2025 18:00,18,0.045383412,0.160015649,0.175665102,0.460093897,0.142018779,0.016431925
23-07-2025 19:00,19,0.0614241,0.200704225,0.216744914,0.405320814,0.10172144,0.014084507
23-07-2025 20:00,20,0.096244131,0.254303599,0.246087637,0.327073552,0.064945227,0.011345853
23-07-2025 21:00,21,0.129890454,0.309859155,0.238654147,0.253912363,0.058685446,0.008607199
23-07-2025 22:00,22,0.143192488,0.329029734,0.223395931,0.231611894,0.064162754,0.008607199
23-07-2025 23:00,23,0.145539906,0.332550861,0.206181534,0.240610329,0.066510172,0.008607199
24-07-2025 00:00,0,0.143192488,0.323552426,0.205790297,0.246087637,0.068075117,0.012910798
24-07-2025 01:00,1,0.140453834,0.299687011,0.196400626,0.258607199,0.088028169,0.016823161
24-07-2025 02:00,2,0.131455399,0.299687011,0.198748044,0.25743349,0.092331768,0.019953052
24-07-2025 03:00,3,0.113067293,0.300469484,0.197965571,0.272300469,0.09428795,0.021517997
24-07-2025 04:00,4,0.106025039,0.291471049,0.207746479,0.274256651,0.099374022,0.021126761
24-07-2025 05:00,5,0.103286385,0.299295775,0.206964006,0.273474178,0.093505477,0.022691706
24-07-2025 06:00,6,0.089593114,0.3114241,0.218701095,0.270344288,0.08685446,0.023082942
24-07-2025 07:00,7,0.09741784,0.330203443,0.216353678,0.258215962,0.078638498,0.019170579
24-07-2025 08:00,8,0.122065728,0.362676056,0.20970266,0.222613459,0.069248826,0.013693271
24-07-2025 09:00,9,0.153364632,0.338028169,0.197574335,0.222222222,0.073552426,0.015258216
24-07-2025 10:00,10,0.156103286,0.297730829,0.207355243,0.249217527,0.075899844,0.012910798
24-07-2025 11:00,11,0.123239437,0.275039124,0.220657277,0.29342723,0.075117371,0.012519562
24-07-2025 12:00,12,0.098200313,0.248043818,0.205399061,0.347809077,0.087245696,0.012519562
24-07-2025 13:00,13,0.063771518,0.209311424,0.213223787,0.399843505,0.104068858,0.009780908
24-07-2025 14:00,14,0.052425665,0.167057903,0.185054773,0.460485133,0.123630673,0.011345853
24-07-2025 15:00,15,0.039906103,0.143192488,0.154147105,0.504303599,0.140062598,0.018388106
24-07-2025 16:00,16,0.041471049,0.121283255,0.148669797,0.511737089,0.157276995,0.019561815
24-07-2025 17:00,17,0.036776213,0.127543036,0.153364632,0.490610329,0.16627543,0.025039124
24-07-2025 18:00,18,0.045383412,0.160015649,0.175665102,0.460093897,0.142018779,0.016431925
24-07-2025 19:00,19,0.0614241,0.200704225,0.216744914,0.405320814,0.10172144,0.014084507
24-07-2025 20:00,20,0.096244131,0.254303599,0.246087637,0.327073552,0.064945227,0.011345853
24-07-2025 21:00,21,0.129890454,0.309859155,0.238654147,0.253912363,0.058685446,0.008607199
24-07-2025 22:00,22,0.143192488,0.329029734,0.223395931,0.231611894,0.064162754,0.008607199
24-07-2025 23:00,23,0.145539906,0.332550861,0.206181534,0.240610329,0.066510172,0.008607199
25-07-2025 00:00,0,0.143192488,0.323552426,0.205790297,0.246087637,0.068075117,0.012910798
25-07-2025 01:00,1,0.140453834,0.299687011,0.196400626,0.258607199,0.088028169,0.016823161
25-07-2025 02:00,2,0.131455399,0.299687011,0.198748044,0.25743349,0.092331768,0.019953052
25-07-2025 03:00,3,0.113067293,0.300469484,0.197965571,0.272300469,0.09428795,0.021517997
25-07-2025 04:00,4,0.106025039,0.291471049,0.207746479,0.274256651,0.099374022,0.021126761
25-07-2025 05:00,5,0.103286385,0.299295775,0.206964006,0.273474178,0.093505477,0.022691706
25-07-2025 06:00,6,0.089593114,0.3114241,0.218701095,0.270344288,0.08685446,0.023082942
25-07-2025 07:00,7,0.09741784,0.330203443,0.216353678,0.258215962,0.078638498,0.019170579
25-07-2025 08:00,8,0.122065728,0.362676056,0.20970266,0.222613459,0.069248826,0.013693271
25-07-2025 09:00,9,0.153364632,0.338028169,0.197574335,0.222222222,0.073552426,0.015258216
25-07-2025 10:00,10,0.156103286,0.297730829,0.207355243,0.249217527,0.075899844,0.012910798
25-07-2025 11:00,11,0.123239437,0.275039124,0.220657277,0.29342723,0.075117371,0.012519562
25-07-2025 12:00,12,0.098200313,0.248043818,0.205399061,0.347809077,0.087245696,0.012519562
25-07-2025 13:00,13,0.063771518,0.209311424,0.213223787,0.399843505,0.104068858,0.009780908
25-07-2025 14:00,14,0.052425665,0.167057903,0.185054773,0.460485133,0.123630673,0.011345853
25-07-2025 15:00,15,0.039906103,0.143192488,0.154147105,0.504303599,0.140062598,0.018388106
25-07-2025 16:00,16,0.041471049,0.121283255,0.148669797,0.511737089,0.157276995,0.019561815
25-07-2025 17:00,17,0.036776213,0.127543036,0.153364632,0.490610329,0.16627543,0.025039124
25-07-2025 18:00,18,0.045383412,0.160015649,0.175665102,0.460093897,0.142018779,0.016431925
25-07-2025 19:00,19,0.0614241,0.200704225,0.216744914,0.405320814,0.10172144,0.014084507
25-07-2025 20:00,20,0.096244131,0.254303599,0.246087637,0.327073552,0.064945227,0.011345853
25-07-2025 21:00,21,0.129890454,0.309859155,0.238654147,0.253912363,0.058685446,0.008607199
25-07-2025 22:00,22,0.143192488,0.329029734,0.223395931,0.231611894,0.064162754,0.008607199
25-07-2025 23:00,23,0.145539906,0.332550861,0.206181534,0.240610329,0.066510172,0.008607199
26-07-2025 00:00,0,0.143192488,0.323552426,0.205790297,0.246087637,0.068075117,0.012910798
26-07-2025 01:00,1,0.140453834,0.299687011,0.196400626,0.258607199,0.088028169,0.016823161
26-07-2025 02:00,2,0.131455399,0.299687011,0.198748044,0.25743349,0.092331768,0.019953052
26-07-2025 03:00,3,0.113067293,0.300469484,0.197965571,0.272300469,0.09428795,0.021517997
26-07-2025 04:00,4,0.106025039,0.291471049,0.207746479,0.274256651,0.099374022,0.021126761
26-07-2025 05:00,5,0.103286385,0.299295775,0.206964006,0.273474178,0.093505477,0.022691706
26-07-2025 06:00,6,0.089593114,0.3114241,0.218701095,0.270344288,0.08685446,0.023082942
26-07-2025 07:00,7,0.09741784,0.330203443,0.216353678,0.258215962,0.078638498,0.019170579
26-07-2025 08:00,8,0.122065728,0.362676056,0.20970266,0.222613459,0.069248826,0.013693271
26-07-2025 09:00,9,0.153364632,0.338028169,0.197574335,0.222222222,0.073552426,0.015258216
26-07-2025 10:00,10,0.156103286,0.297730829,0.207355243,0.249217527,0.075899844,0.012910798
26-07-2025 11:00,11,0.123239437,0.275039124,0.220657277,0.29342723,0.075117371,0.012519562
26-07-2025 12:00,12,0.098200313,0.248043818,0.205399061,0.347809077,0.087245696,0.012519562
26-07-2025 13:00,13,0.063771518,0.209311424,0.213223787,0.399843505,0.104068858,0.009780908
26-07-2025 14:00,14,0.052425665,0.167057903,0.185054773,0.460485133,0.123630673,0.011345853
26-07-2025 15:00,15,0.039906103,0.143192488,0.154147105,0.504303599,0.140062598,0.018388106
26-07-2025 16:00,16,0.041471049,0.121283255,0.148669797,0.511737089,0.157276995,0.019561815
26-07-2025 17:00,17,0.036776213,0.127543036,0.153364632,0.490610329,0.16627543,0.025039124
26-07-2025 18:00,18,0.045383412,0.160015649,0.175665102,0.460093897,0.142018779,0.016431925
26-07-2025 19:00,19,0.0614241,0.200704225,0.216744914,0.405320814,0.10172144,0.014084507
26-07-2025 20:00,20,0.096244131,0.254303599,0.246087637,0.327073552,0.064945227,0.011345853
26-07-2025 21:00,21,0.129890454,0.309859155,0.238654147,0.253912363,0.058685446,0.008607199
26-07-2025 22:00,22,0.143192488,0.329029734,0.223395931,0.231611894,0.064162754,0.008607199
26-07-2025 23:00,23,0.145539906,0.332550861,0.206181534,0.240610329,0.066510172,0.008607199
27-07-2025 00:00,0,0.143192488,0.323552426,0.205790297,0.246087637,0.068075117,0.012910798
27-07-2025 01:00,1,0.140453834,0.299687011,0.196400626,0.258607199,0.088028169,0.016823161
27-07-2025 02:00,2,0.131455399,0.299687011,0.198748044,0.25743349,0.092331768,0.019953052
27-07-2025 03:00,3,0.113067293,0.300469484,0.197965571,0.272300469,0.09428795,0.021517997
27-07-2025 04:00,4,0.106025039,0.291471049,0.207746479,0.274256651,0.099374022,0.021126761
27-07-2025 05:00,5,0.103286385,0.299295775,0.206964006,0.273474178,0.093505477,0.022691706
27-07-2025 06:00,6,0.089593114,0.3114241,0.218701095,0.270344288,0.08685446,0.023082942
27-07-2025 07:00,7,0.09741784,0.330203443,0.216353678,0.258215962,0.078638498,0.019170579
27-07-2025 08:00,8,0.122065728,0.362676056,0.20970266,0.222613459,0.069248826,0.013693271
27-07-2025 09:00,9,0.153364632,0.338028169,0.197574335,0.222222222,0.073552426,0.015258216
27-07-2025 10:00,10,0.156103286,0.297730829,0.207355243,0.249217527,0.075899844,0.012910798
27-07-2025 11:00,11,0.123239437,0.275039124,0.220657277,0.29342723,0.075117371,0.012519562
27-07-2025 12:00,12,0.098200313,0.248043818,0.205399061,0.347809077,0.087245696,0.012519562
27-07-2025 13:00,13,0.063771518,0.209311424,0.213223787,0.399843505,0.104068858,0.009780908
27-07-2025 14:00,14,0.052425665,0.167057903,0.185054773,0.460485133,0.123630673,0.011345853
27-07-2025 15:00,15,0.039906103,0.143192488,0.154147105,0.504303599,0.140062598,0.018388106
27-07-2025 16:00,16,0.041471049,0.121283255,0.148669797,0.511737089,0.157276995,0.019561815
27-07-2025 17:00,17,0.036776213,0.127543036,0.153364632,0.490610329,0.16627543,0.025039124
27-07-2025 18:00,18,0.045383412,0.160015649,0.175665102,0.460093897,0.142018779,0.016431925
27-07-2025 19:00,19,0.0614241,0.200704225,0.216744914,0.405320814,0.10172144,0.014084507
27-07-2025 20:00,20,0.096244131,0.254303599,0.246087637,0.327073552,0.064945227,0.011345853
27-07-2025 21:00,21,0.129890454,0.309859155,0.238654147,0.253912363,0.058685446,0.008607199
27-07-2025 22:00,22,0.143192488,0.329029734,0.223395931,0.231611894,0.064162754,0.008607199
27-07-2025 23:00,23,0.145539906,0.332550861,0.206181534,0.240610329,0.066510172,0.008607199
28-07-2025 00:00,0,0.143192488,0.323552426,0.205790297,0.246087637,0.068075117,0.012910798
28-07-2025 01:00,1,0.140453834,0.299687011,0.196400626,0.258607199,0.088028169,0.016823161
28-07-2025 02:00,2,0.131455399,0.299687011,0.198748044,0.25743349,0.092331768,0.019953052
28-07-2025 03:00,3,0.113067293,0.300469484,0.197965571,0.272300469,0.09428795,0.021517997
28-07-2025 04:00,4,0.106025039,0.291471049,0.207746479,0.274256651,0.099374022,0.021126761
28-07-2025 05:00,5,0.103286385,0.299295775,0.206964006,0.273474178,0.093505477,0.022691706
28-07-2025 06:00,6,0.089593114,0.3114241,0.218701095,0.270344288,0.08685446,0.023082942
28-07-2025 07:00,7,0.09741784,0.330203443,0.216353678,0.258215962,0.078638498,0.019170579
28-07-2025 08:00,8,0.122065728,0.362676056,0.20970266,0.222613459,0.069248826,0.013693271
28-07-2025 09:00,9,0.153364632,0.338028169,0.197574335,0.222222222,0.073552426,0.015258216
28-07-2025 10:00,10,0.156103286,0.297730829,0.207355243,0.249217527,0.075899844,0.012910798
28-07-2025 11:00,11,0.123239437,0.275039124,0.220657277,0.29342723,0.075117371,0.012519562
28-07-2025 12:00,12,0.098200313,0.248043818,0.205399061,0.347809077,0.087245696,0.012519562
28-07-2025 13:00,13,0.063771518,0.209311424,0.213223787,0.399843505,0.104068858,0.009780908
28-07-2025 14:00,14,0.052425665,0.167057903,0.185054773,0.460485133,0.123630673,0.011345853
28-07-2025 15:00,15,0.039906103,0.143192488,0.154147105,0.504303599,0.140062598,0.018388106
28-07-2025 16:00,16,0.041471049,0.121283255,0.148669797,0.511737089,0.157276995,0.019561815
28-07-2025 17:00,17,0.036776213,0.127543036,0.153364632,0.490610329,0.16627543,0.025039124
28-07-2025 18:00,18,0.045383412,0.160015649,0.175665102,0.460093897,0.142018779,0.016431925
28-07-2025 19:00,19,0.0614241,0.200704225,0.216744914,0.405320814,0.10172144,0.014084507
28-07-2025 20:00,20,0.096244131,0.254303599,0.246087637,0.327073552,0.064945227,0.011345853
28-07-2025 21:00,21,0.129890454,0.309859155,0.238654147,0.253912363,0.058685446,0.008607199
28-07-2025 22:00,22,0.143192488,0.329029734,0.223395931,0.231611894,0.064162754,0.008607199
28-07-2025 23:00,23,0.145539906,0.332550861,0.206181534,0.240610329,0.066510172,0.008607199
29-07-2025 00:00,0,0.143192488,0.323552426,0.205790297,0.246087637,0.068075117,0.012910798
29-07-2025 01:00,1,0.140453834,0.299687011,0.196400626,0.258607199,0.088028169,0.016823161
29-07-2025 02:00,2,0.131455399,0.299687011,0.198748044,0.25743349,0.092331768,0.019953052
29-07-2025 03:00,3,0.113067293,0.300469484,0.197965571,0.272300469,0.09428795,0.021517997
29-07-2025 04:00,4,0.106025039,0.291471049,0.207746479,0.274256651,0.099374022,0.021126761
29-07-2025 05:00,5,0.103286385,0.299295775,0.206964006,0.273474178,0.093505477,0.022691706
29-07-2025 06:00,6,0.089593114,0.3114241,0.218701095,0.270344288,0.08685446,0.023082942
29-07-2025 07:00,7,0.09741784,0.330203443,0.216353678,0.258215962,0.078638498,0.019170579
29-07-2025 08:00,8,0.122065728,0.362676056,0.20970266,0.222613459,0.069248826,0.013693271
29-07-2025 09:00,9,0.153364632,0.338028169,0.197574335,0.222222222,0.073552426,0.015258216
29-07-2025 10:00,10,0.156103286,0.297730829,0.207355243,0.249217527,0.075899844,0.012910798
29-07-2025 11:00,11,0.123239437,0.275039124,0.220657277,0.29342723,0.075117371,0.012519562
29-07-2025 12:00,12,0.098200313,0.248043818,0.205399061,0.347809077,0.087245696,0.012519562
29-07-2025 13:00,13,0.063771518,0.209311424,0.213223787,0.399843505,0.104068858,0.009780908
29-07-2025 14:00,14,0.052425665,0.167057903,0.185054773,0.460485133,0.123630673,0.011345853
29-07-2025 15:00,15,0.039906103,0.143192488,0.154147105,0.504303599,0.140062598,0.018388106
29-07-2025 16:00,16,0.041471049,0.121283255,0.148669797,0.511737089,0.157276995,0.019561815
29-07-2025 17:00,17,0.036776213,0.127543036,0.153364632,0.490610329,0.16627543,0.025039124
29-07-2025 18:00,18,0.045383412,0.160015649,0.175665102,0.460093897,0.142018779,0.016431925
29-07-2025 19:00,19,0.0614241,0.200704225,0.216744914,0.405320814,0.10172144,0.014084507
29-07-2025 20:00,20,0.096244131,0.254303599,0.246087637,0.327073552,0.064945227,0.011345853
29-07-2025 21:00,21,0.129890454,0.309859155,0.238654147,0.253912363,0.058685446,0.008607199
29-07-2025 22:00,22,0.143192488,0.329029734,0.223395931,0.231611894,0.064162754,0.008607199
29-07-2025 23:00,23,0.145539906,0.332550861,0.206181534,0.240610329,0.066510172,0.008607199
30-07-2025 00:00,0,0.143192488,0.323552426,0.205790297,0.246087637,0.068075117,0.012910798
30-07-2025 01:00,1,0.140453834,0.299687011,0.196400626,0.258607199,0.088028169,0.016823161
30-07-2025 02:00,2,0.131455399,0.299687011,0.198748044,0.25743349,0.092331768,0.019953052
30-07-2025 03:00,3,0.113067293,0.300469484,0.197965571,0.272300469,0.09428795,0.021517997
30-07-2025 04:00,4,0.106025039,0.291471049,0.207746479,0.274256651,0.099374022,0.021126761
30-07-2025 05:00,5,0.103286385,0.299295775,0.206964006,0.273474178,0.093505477,0.022691706
30-07-2025 06:00,6,0.089593114,0.3114241,0.218701095,0.270344288,0.08685446,0.023082942
30-07-2025 07:00,7,0.09741784,0.330203443,0.216353678,0.258215962,0.078638498,0.019170579
30-07-2025 08:00,8,0.122065728,0.362676056,0.20970266,0.222613459,0.069248826,0.013693271
30-07-2025 09:00,9,0.153364632,0.338028169,0.197574335,0.222222222,0.073552426,0.015258216
30-07-2025 10:00,10,0.156103286,0.297730829,0.207355243,0.249217527,0.075899844,0.012910798
30-07-2025 11:00,11,0.123239437,0.275039124,0.220657277,0.29342723,0.075117371,0.012519562
30-07-2025 12:00,12,0.098200313,0.248043818,0.205399061,0.347809077,0.087245696,0.012519562
30-07-2025 13:00,13,0.063771518,0.209311424,0.213223787,0.399843505,0.104068858,0.009780908
30-07-2025 14:00,14,0.052425665,0.167057903,0.185054773,0.460485133,0.123630673,0.011345853
30-07-2025 15:00,15,0.039906103,0.143192488,0.154147105,0.504303599,0.140062598,0.018388106
30-07-2025 16:00,16,0.041471049,0.121283255,0.148669797,0.511737089,0.157276995,0.019561815
30-07-2025 17:00,17,0.036776213,0.127543036,0.153364632,0.490610329,0.16627543,0.025039124
30-07-2025 18:00,18,0.045383412,0.160015649,0.175665102,0.460093897,0.142018779,0.016431925
30-07-2025 19:00,19,0.0614241,0.200704225,0.216744914,0.405320814,0.10172144,0.014084507
30-07-2025 20:00,20,0.096244131,0.254303599,0.246087637,0.327073552,0.064945227,0.011345853
30-07-2025 21:00,21,0.129890454,0.309859155,0.238654147,0.253912363,0.058685446,0.008607199
30-07-2025 22:00,22,0.143192488,0.329029734,0.223395931,0.231611894,0.064162754,0.008607199
30-07-2025 23:00,23,0.145539906,0.332550861,0.206181534,0.240610329,0.066510172,0.008607199
31-07-2025 00:00,0,0.143192488,0.323552426,0.205790297,0.246087637,0.068075117,0.012910798
31-07-2025 01:00,1,0.140453834,0.299687011,0.196400626,0.258607199,0.088028169,0.016823161
31-07-2025 02:00,2,0.131455399,0.299687011,0.198748044,0.25743349,0.092331768,0.019953052
31-07-2025 03:00,3,0.113067293,0.300469484,0.197965571,0.272300469,0.09428795,0.021517997
31-07-2025 04:00,4,0.106025039,0.291471049,0.207746479,0.274256651,0.099374022,0.021126761
31-07-2025 05:00,5,0.103286385,0.299295775,0.206964006,0.273474178,0.093505477,0.022691706
31-07-2025 06:00,6,0.089593114,0.3114241,0.218701095,0.270344288,0.08685446,0.023082942
31-07-2025 07:00,7,0.09741784,0.330203443,0.216353678,0.258215962,0.078638498,0.019170579
31-07-2025 08:00,8,0.122065728,0.362676056,0.20970266,0.222613459,0.069248826,0.013693271
31-07-2025 09:00,9,0.153364632,0.338028169,0.197574335,0.222222222,0.073552426,0.015258216
31-07-2025 10:00,10,0.156103286,0.297730829,0.207355243,0.249217527,0.075899844,0.012910798
31-07-2025 11:00,11,0.123239437,0.275039124,0.220657277,0.29342723,0.075117371,0.012519562
31-07-2025 12:00,12,0.098200313,0.248043818,0.205399061,0.347809077,0.087245696,0.012519562
31-07-2025 13:00,13,0.063771518,0.209311424,0.213223787,0.399843505,0.104068858,0.009780908
31-07-2025 14:00,14,0.052425665,0.167057903,0.185054773,0.460485133,0.123630673,0.011345853
31-07-2025 15:00,15,0.039906103,0.143192488,0.154147105,0.504303599,0.140062598,0.018388106
31-07-2025 16:00,16,0.041471049,0.121283255,0.148669797,0.511737089,0.157276995,0.019561815
31-07-2025 17:00,17,0.036776213,0.127543036,0.153364632,0.490610329,0.16627543,0.025039124
31-07-2025 18:00,18,0.045383412,0.160015649,0.175665102,0.460093897,0.142018779,0.016431925
31-07-2025 19:00,19,0.0614241,0.200704225,0.216744914,0.405320814,0.10172144,0.014084507
31-07-2025 20:00,20,0.096244131,0.254303599,0.246087637,0.327073552,0.064945227,0.011345853
31-07-2025 21:00,21,0.129890454,0.309859155,0.238654147,0.253912363,0.058685446,0.008607199
31-07-2025 22:00,22,0.143192488,0.329029734,0.223395931,0.231611894,0.064162754,0.008607199
31-07-2025 23:00,23,0.145539906,0.332550861,0.206181534,0.240610329,0.066510172,0.008607199
01-08-2025 00:00,0,0.143192488,0.323552426,0.205790297,0.246087637,0.068075117,0.012910798
01-08-2025 01:00,1,0.140453834,0.299687011,0.196400626,0.258607199,0.088028169,0.016823161
01-08-2025 02:00,2,0.131455399,0.299687011,0.198748044,0.25743349,0.092331768,0.019953052
01-08-2025 03:00,3,0.113067293,0.300469484,0.197965571,0.272300469,0.09428795,0.021517997
01-08-2025 04:00,4,0.106025039,0.291471049,0.207746479,0.274256651,0.099374022,0.021126761
01-08-2025 05:00,5,0.103286385,0.299295775,0.206964006,0.273474178,0.093505477,0.022691706
01-08-2025 06:00,6,0.089593114,0.3114241,0.218701095,0.270344288,0.08685446,0.023082942
01-08-2025 07:00,7,0.09741784,0.330203443,0.216353678,0.258215962,0.078638498,0.019170579
01-08-2025 08:00,8,0.122065728,0.362676056,0.20970266,0.222613459,0.069248826,0.013693271
01-08-2025 09:00,9,0.153364632,0.338028169,0.197574335,0.222222222,0.073552426,0.015258216
01-08-2025 10:00,10,0.156103286,0.297730829,0.207355243,0.249217527,0.075899844,0.012910798
01-08-2025 11:00,11,0.123239437,0.275039124,0.220657277,0.29342723,0.075117371,0.012519562
01-08-2025 12:00,12,0.098200313,0.248043818,0.205399061,0.347809077,0.087245696,0.012519562
01-08-2025 13:00,13,0.063771518,0.209311424,0.213223787,0.399843505,0.104068858,0.009780908
01-08-2025 14:00,14,0.052425665,0.167057903,0.185054773,0.460485133,0.123630673,0.011345853
01-08-2025 15:00,15,0.039906103,0.143192488,0.154147105,0.504303599,0.140062598,0.018388106
01-08-2025 16:00,16,0.041471049,0.121283255,0.148669797,0.511737089,0.157276995,0.019561815
01-08-2025 17:00,17,0.036776213,0.127543036,0.153364632,0.490610329,0.16627543,0.025039124
01-08-2025 18:00,18,0.045383412,0.160015649,0.175665102,0.460093897,0.142018779,0.016431925
01-08-2025 19:00,19,0.0614241,0.200704225,0.216744914,0.405320814,0.10172144,0.014084507
01-08-2025 20:00,20,0.096244131,0.254303599,0.246087637,0.327073552,0.064945227,0.011345853
01-08-2025 21:00,21,0.129890454,0.309859155,0.238654147,0.253912363,0.058685446,0.008607199
01-08-2025 22:00,22,0.143192488,0.329029734,0.223395931,0.231611894,0.064162754,0.008607199
01-08-2025 23:00,23,0.145539906,0.332550861,0.206181534,0.240610329,0.066510172,0.008607199
02-08-2025 00:00,0,0.143192488,0.323552426,0.205790297,0.246087637,0.068075117,0.012910798
02-08-2025 01:00,1,0.140453834,0.299687011,0.196400626,0.258607199,0.088028169,0.016823161
02-08-2025 02:00,2,0.131455399,0.299687011,0.198748044,0.25743349,0.092331768,0.019953052
02-08-2025 03:00,3,0.113067293,0.300469484,0.197965571,0.272300469,0.09428795,0.021517997
02-08-2025 04:00,4,0.106025039,0.291471049,0.207746479,0.274256651,0.099374022,0.021126761
02-08-2025 05:00,5,0.103286385,0.299295775,0.206964006,0.273474178,0.093505477,0.022691706
02-08-2025 06:00,6,0.089593114,0.3114241,0.218701095,0.270344288,0.08685446,0.023082942
02-08-2025 07:00,7,0.09741784,0.330203443,0.216353678,0.258215962,0.078638498,0.019170579
02-08-2025 08:00,8,0.122065728,0.362676056,0.20970266,0.222613459,0.069248826,0.013693271
02-08-2025 09:00,9,0.153364632,0.338028169,0.197574335,0.222222222,0.073552426,0.015258216
02-08-2025 10:00,10,0.156103286,0.297730829,0.207355243,0.249217527,0.075899844,0.012910798
02-08-2025 11:00,11,0.123239437,0.275039124,0.220657277,0.29342723,0.075117371,0.012519562
02-08-2025 12:00,12,0.098200313,0.248043818,0.205399061,0.347809077,0.087245696,0.012519562
02-08-2025 13:00,13,0.063771518,0.209311424,0.213223787,0.399843505,0.104068858,0.009780908
02-08-2025 14:00,14,0.052425665,0.167057903,0.185054773,0.460485133,0.123630673,0.011345853
02-08-2025 15:00,15,0.039906103,0.143192488,0.154147105,0.504303599,0.140062598,0.018388106
02-08-2025 16:00,16,0.041471049,0.121283255,0.148669797,0.511737089,0.157276995,0.019561815
02-08-2025 17:00,17,0.036776213,0.127543036,0.153364632,0.490610329,0.16627543,0.025039124
02-08-2025 18:00,18,0.045383412,0.160015649,0.175665102,0.460093897,0.142018779,0.016431925
02-08-2025 19:00,19,0.0614241,0.200704225,0.216744914,0.405320814,0.10172144,0.014084507
02-08-2025 20:00,20,0.096244131,0.254303599,0.246087637,0.327073552,0.064945227,0.011345853
02-08-2025 21:00,21,0.129890454,0.309859155,0.238654147,0.253912363,0.058685446,0.008607199
02-08-2025 22:00,22,0.143192488,0.329029734,0.223395931,0.231611894,0.064162754,0.008607199
02-08-2025 23:00,23,0.145539906,0.332550861,0.206181534,0.240610329,0.066510172,0.008607199
03-08-2025 00:00,0,0.143192488,0.323552426,0.205790297,0.246087637,0.068075117,0.012910798
03-08-2025 01:00,1,0.140453834,0.299687011,0.196400626,0.258607199,0.088028169,0.016823161
03-08-2025 02:00,2,0.131455399,0.299687011,0.198748044,0.25743349,0.092331768,0.019953052
03-08-2025 03:00,3,0.113067293,0.300469484,0.197965571,0.272300469,0.09428795,0.021517997
03-08-2025 04:00,4,0.106025039,0.291471049,0.207746479,0.274256651,0.099374022,0.021126761
03-08-2025 05:00,5,0.103286385,0.299295775,0.206964006,0.273474178,0.093505477,0.022691706
03-08-2025 06:00,6,0.089593114,0.3114241,0.218701095,0.270344288,0.08685446,0.023082942
03-08-2025 07:00,7,0.09741784,0.330203443,0.216353678,0.258215962,0.078638498,0.019170579
03-08-2025 08:00,8,0.122065728,0.362676056,0.20970266,0.222613459,0.069248826,0.013693271
03-08-2025 09:00,9,0.153364632,0.338028169,0.197574335,0.222222222,0.073552426,0.015258216
03-08-2025 10:00,10,0.156103286,0.297730829,0.207355243,0.249217527,0.075899844,0.012910798
03-08-2025 11:00,11,0.123239437,0.275039124,0.220657277,0.29342723,0.075117371,0.012519562
03-08-2025 12:00,12,0.098200313,0.248043818,0.205399061,0.347809077,0.087245696,0.012519562
03-08-2025 13:00,13,0.063771518,0.209311424,0.213223787,0.399843505,0.104068858,0.009780908
03-08-2025 14:00,14,0.052425665,0.167057903,0.185054773,0.460485133,0.123630673,0.011345853
03-08-2025 15:00,15,0.039906103,0.143192488,0.154147105,0.504303599,0.140062598,0.018388106
03-08-2025 16:00,16,0.041471049,0.121283255,0.148669797,0.511737089,0.157276995,0.019561815
03-08-2025 17:00,17,0.036776213,0.127543036,0.153364632,0.490610329,0.16627543,0.025039124
03-08-2025 18:00,18,0.045383412,0.160015649,0.175665102,0.460093897,0.142018779,0.016431925
03-08-2025 19:00,19,0.0614241,0.200704225,0.216744914,0.405320814,0.10172144,0.014084507
03-08-2025 20:00,20,0.096244131,0.254303599,0.246087637,0.327073552,0.064945227,0.011345853
03-08-2025 21:00,21,0.129890454,0.309859155,0.238654147,0.253912363,0.058685446,0.008607199
03-08-2025 22:00,22,0.143192488,0.329029734,0.223395931,0.231611894,0.064162754,0.008607199
03-08-2025 23:00,23,0.145539906,0.332550861,0.206181534,0.240610329,0.066510172,0.008607199
04-08-2025 00:00,0,0.143192488,0.323552426,0.205790297,0.246087637,0.068075117,0.012910798
04-08-2025 01:00,1,0.140453834,0.299687011,0.196400626,0.258607199,0.088028169,0.016823161
04-08-2025 02:00,2,0.131455399,0.299687011,0.198748044,0.25743349,0.092331768,0.019953052
04-08-2025 03:00,3,0.113067293,0.300469484,0.197965571,0.272300469,0.09428795,0.021517997
04-08-2025 04:00,4,0.106025039,0.291471049,0.207746479,0.274256651,0.099374022,0.021126761
04-08-2025 05:00,5,0.103286385,0.299295775,0.206964006,0.273474178,0.093505477,0.022691706
04-08-2025 06:00,6,0.089593114,0.3114241,0.218701095,0.270344288,0.08685446,0.023082942
04-08-2025 07:00,7,0.09741784,0.330203443,0.216353678,0.258215962,0.078638498,0.019170579
04-08-2025 08:00,8,0.122065728,0.362676056,0.20970266,0.222613459,0.069248826,0.013693271
04-08-2025 09:00,9,0.153364632,0.338028169,0.197574335,0.222222222,0.073552426,0.015258216
04-08-2025 10:00,10,0.156103286,0.297730829,0.207355243,0.249217527,0.075899844,0.012910798
04-08-2025 11:00,11,0.123239437,0.275039124,0.220657277,0.29342723,0.075117371,0.012519562
04-08-2025 12:00,12,0.098200313,0.248043818,0.205399061,0.347809077,0.087245696,0.012519562
04-08-2025 13:00,13,0.063771518,0.209311424,0.213223787,0.399843505,0.104068858,0.009780908
04-08-2025 14:00,14,0.052425665,0.167057903,0.185054773,0.460485133,0.123630673,0.011345853
04-08-2025 15:00,15,0.039906103,0.143192488,0.154147105,0.504303599,0.140062598,0.018388106
04-08-2025 16:00,16,0.041471049,0.121283255,0.148669797,0.511737089,0.157276995,0.019561815
04-08-2025 17:00,17,0.036776213,0.127543036,0.153364632,0.490610329,0.16627543,0.025039124
04-08-2025 18:00,18,0.045383412,0.160015649,0.175665102,0.460093897,0.142018779,0.016431925
04-08-2025 19:00,19,0.0614241,0.200704225,0.216744914,0.405320814,0.10172144,0.014084507
04-08-2025 20:00,20,0.096244131,0.254303599,0.246087637,0.327073552,0.064945227,0.011345853
04-08-2025 21:00,21,0.129890454,0.309859155,0.238654147,0.253912363,0.058685446,0.008607199
04-08-2025 22:00,22,0.143192488,0.329029734,0.223395931,0.231611894,0.064162754,0.008607199
04-08-2025 23:00,23,0.145539906,0.332550861,0.206181534,0.240610329,0.066510172,0.008607199
05-08-2025 00:00,0,0.143192488,0.323552426,0.205790297,0.246087637,0.068075117,0.012910798
05-08-2025 01:00,1,0.140453834,0.299687011,0.196400626,0.258607199,0.088028169,0.016823161
05-08-2025 02:00,2,0.131455399,0.299687011,0.198748044,0.25743349,0.092331768,0.019953052
05-08-2025 03:00,3,0.113067293,0.300469484,0.197965571,0.272300469,0.09428795,0.021517997
05-08-2025 04:00,4,0.106025039,0.291471049,0.207746479,0.274256651,0.099374022,0.021126761
05-08-2025 05:00,5,0.103286385,0.299295775,0.206964006,0.273474178,0.093505477,0.022691706
05-08-2025 06:00,6,0.089593114,0.3114241,0.218701095,0.270344288,0.08685446,0.023082942
05-08-2025 07:00,7,0.09741784,0.330203443,0.216353678,0.258215962,0.078638498,0.019170579
05-08-2025 08:00,8,0.122065728,0.362676056,0.20970266,0.222613459,0.069248826,0.013693271
05-08-2025 09:00,9,0.153364632,0.338028169,0.197574335,0.222222222,0.073552426,0.015258216
05-08-2025 10:00,10,0.156103286,0.297730829,0.207355243,0.249217527,0.075899844,0.012910798
05-08-2025 11:00,11,0.123239437,0.275039124,0.220657277,0.29342723,0.075117371,0.012519562
05-08-2025 12:00,12,0.098200313,0.248043818,0.205399061,0.347809077,0.087245696,0.012519562
05-08-2025 13:00,13,0.063771518,0.209311424,0.213223787,0.399843505,0.104068858,0.009780908
05-08-2025 14:00,14,0.052425665,0.167057903,0.185054773,0.460485133,0.123630673,0.011345853
05-08-2025 15:00,15,0.039906103,0.143192488,0.154147105,0.504303599,0.140062598,0.018388106
05-08-2025 16:00,16,0.041471049,0.121283255,0.148669797,0.511737089,0.157276995,0.019561815
05-08-2025 17:00,17,0.036776213,0.127543036,0.153364632,0.490610329,0.16627543,0.025039124
05-08-2025 18:00,18,0.045383412,0.160015649,0.175665102,0.460093897,0.142018779,0.016431925
05-08-2025 19:00,19,0.0614241,0.200704225,0.216744914,0.405320814,0.10172144,0.014084507
05-08-2025 20:00,20,0.096244131,0.254303599,0.246087637,0.327073552,0.064945227,0.011345853
05-08-2025 21:00,21,0.129890454,0.309859155,0.238654147,0.253912363,0.058685446,0.008607199
05-08-2025 22:00,22,0.143192488,0.329029734,0.223395931,0.231611894,0.064162754,0.008607199
05-08-2025 23:00,23,0.145539906,0.332550861,0.206181534,0.240610329,0.066510172,0.008607199
06-08-2025 00:00,0,0.143192488,0.323552426,0.205790297,0.246087637,0.068075117,0.012910798
06-08-2025 01:00,1,0.140453834,0.299687011,0.196400626,0.258607199,0.088028169,0.016823161
06-08-2025 02:00,2,0.131455399,0.299687011,0.198748044,0.25743349,0.092331768,0.019953052
06-08-2025 03:00,3,0.113067293,0.300469484,0.197965571,0.272300469,0.09428795,0.021517997
06-08-2025 04:00,4,0.106025039,0.291471049,0.207746479,0.274256651,0.099374022,0.021126761
06-08-2025 05:00,5,0.103286385,0.299295775,0.206964006,0.273474178,0.093505477,0.022691706
06-08-2025 06:00,6,0.089593114,0.3114241,0.218701095,0.270344288,0.08685446,0.023082942
06-08-2025 07:00,7,0.09741784,0.330203443,0.216353678,0.258215962,0.078638498,0.019170579
06-08-2025 08:00,8,0.122065728,0.362676056,0.20970266,0.222613459,0.069248826,0.013693271
06-08-2025 09:00,9,0.153364632,0.338028169,0.197574335,0.222222222,0.073552426,0.015258216
06-08-2025 10:00,10,0.156103286,0.297730829,0.207355243,0.249217527,0.075899844,0.012910798
06-08-2025 11:00,11,0.123239437,0.275039124,0.220657277,0.29342723,0.075117371,0.012519562
06-08-2025 12:00,12,0.098200313,0.248043818,0.205399061,0.347809077,0.087245696,0.012519562
06-08-2025 13:00,13,0.063771518,0.209311424,0.213223787,0.399843505,0.104068858,0.009780908
06-08-2025 14:00,14,0.052425665,0.167057903,0.185054773,0.460485133,0.123630673,0.011345853
06-08-2025 15:00,15,0.039906103,0.143192488,0.154147105,0.504303599,0.140062598,0.018388106
06-08-2025 16:00,16,0.041471049,0.121283255,0.148669797,0.511737089,0.157276995,0.019561815
06-08-2025 17:00,17,0.036776213,0.127543036,0.153364632,0.490610329,0.16627543,0.025039124
06-08-2025 18:00,18,0.045383412,0.160015649,0.175665102,0.460093897,0.142018779,0.016431925
06-08-2025 19:00,19,0.0614241,0.200704225,0.216744914,0.405320814,0.10172144,0.014084507
06-08-2025 20:00,20,0.096244131,0.254303599,0.246087637,0.327073552,0.064945227,0.011345853
06-08-2025 21:00,21,0.129890454,0.309859155,0.238654147,0.253912363,0.058685446,0.008607199
06-08-2025 22:00,22,0.143192488,0.329029734,0.223395931,0.231611894,0.064162754,0.008607199
06-08-2025 23:00,23,0.145539906,0.332550861,0.206181534,0.240610329,0.066510172,0.008607199
07-08-2025 00:00,0,0.143192488,0.323552426,0.205790297,0.246087637,0.068075117,0.012910798
07-08-2025 01:00,1,0.140453834,0.299687011,0.196400626,0.258607199,0.088028169,0.016823161
07-08-2025 02:00,2,0.131455399,0.299687011,0.198748044,0.25743349,0.092331768,0.019953052
07-08-2025 03:00,3,0.113067293,0.300469484,0.197965571,0.272300469,0.09428795,0.021517997
07-08-2025 04:00,4,0.106025039,0.291471049,0.207746479,0.274256651,0.099374022,0.021126761
07-08-2025 05:00,5,0.103286385,0.299295775,0.206964006,0.273474178,0.093505477,0.022691706
07-08-2025 06:00,6,0.089593114,0.3114241,0.218701095,0.270344288,0.08685446,0.023082942
07-08-2025 07:00,7,0.09741784,0.330203443,0.216353678,0.258215962,0.078638498,0.019170579
07-08-2025 08:00,8,0.122065728,0.362676056,0.20970266,0.222613459,0.069248826,0.013693271
07-08-2025 09:00,9,0.153364632,0.338028169,0.197574335,0.222222222,0.073552426,0.015258216
07-08-2025 10:00,10,0.156103286,0.297730829,0.207355243,0.249217527,0.075899844,0.012910798
07-08-2025 11:00,11,0.123239437,0.275039124,0.220657277,0.29342723,0.075117371,0.012519562
07-08-2025 12:00,12,0.098200313,0.248043818,0.205399061,0.347809077,0.087245696,0.012519562
07-08-2025 13:00,13,0.063771518,0.209311424,0.213223787,0.399843505,0.104068858,0.009780908
07-08-2025 14:00,14,0.052425665,0.167057903,0.185054773,0.460485133,0.123630673,0.011345853
07-08-2025 15:00,15,0.039906103,0.143192488,0.154147105,0.504303599,0.140062598,0.018388106
07-08-2025 16:00,16,0.041471049,0.121283255,0.148669797,0.511737089,0.157276995,0.019561815
07-08-2025 17:00,17,0.036776213,0.127543036,0.153364632,0.490610329,0.16627543,0.025039124
07-08-2025 18:00,18,0.045383412,0.160015649,0.175665102,0.460093897,0.142018779,0.016431925
07-08-2025 19:00,19,0.0614241,0.200704225,0.216744914,0.405320814,0.10172144,0.014084507
07-08-2025 20:00,20,0.096244131,0.254303599,0.246087637,0.327073552,0.064945227,0.011345853
07-08-2025 21:00,21,0.129890454,0.309859155,0.238654147,0.253912363,0.058685446,0.008607199
07-08-2025 22:00,22,0.143192488,0.329029734,0.223395931,0.231611894,0.064162754,0.008607199
07-08-2025 23:00,23,0.145539906,0.332550861,0.206181534,0.240610329,0.066510172,0.008607199
08-08-2025 00:00,0,0.143192488,0.323552426,0.205790297,0.246087637,0.068075117,0.012910798
08-08-2025 01:00,1,0.140453834,0.299687011,0.196400626,0.258607199,0.088028169,0.016823161
08-08-2025 02:00,2,0.131455399,0.299687011,0.198748044,0.25743349,0.092331768,0.019953052
08-08-2025 03:00,3,0.113067293,0.300469484,0.197965571,0.272300469,0.09428795,0.021517997
08-08-2025 04:00,4,0.106025039,0.291471049,0.207746479,0.274256651,0.099374022,0.021126761
08-08-2025 05:00,5,0.103286385,0.299295775,0.206964006,0.273474178,0.093505477,0.022691706
08-08-2025 06:00,6,0.089593114,0.3114241,0.218701095,0.270344288,0.08685446,0.023082942
08-08-2025 07:00,7,0.09741784,0.330203443,0.216353678,0.258215962,0.078638498,0.019170579
08-08-2025 08:00,8,0.122065728,0.362676056,0.20970266,0.222613459,0.069248826,0.013693271
08-08-2025 09:00,9,0.153364632,0.338028169,0.197574335,0.222222222,0.073552426,0.015258216
08-08-2025 10:00,10,0.156103286,0.297730829,0.207355243,0.249217527,0.075899844,0.012910798
08-08-2025 11:00,11,0.123239437,0.275039124,0.220657277,0.29342723,0.075117371,0.012519562
08-08-2025 12:00,12,0.098200313,0.248043818,0.205399061,0.347809077,0.087245696,0.012519562
08-08-2025 13:00,13,0.063771518,0.209311424,0.213223787,0.399843505,0.104068858,0.009780908
08-08-2025 14:00,14,0.052425665,0.167057903,0.185054773,0.460485133,0.123630673,0.011345853
08-08-2025 15:00,15,0.039906103,0.143192488,0.154147105,0.504303599,0.140062598,0.018388106
08-08-2025 16:00,16,0.041471049,0.121283255,0.148669797,0.511737089,0.157276995,0.019561815
08-08-2025 17:00,17,0.036776213,0.127543036,0.153364632,0.490610329,0.16627543,0.025039124
08-08-2025 18:00,18,0.045383412,0.160015649,0.175665102,0.460093897,0.142018779,0.016431925
08-08-2025 19:00,19,0.0614241,0.200704225,0.216744914,0.405320814,0.10172144,0.014084507
08-08-2025 20:00,20,0.096244131,0.254303599,0.246087637,0.327073552,0.064945227,0.011345853
08-08-2025 21:00,21,0.129890454,0.309859155,0.238654147,0.253912363,0.058685446,0.008607199
08-08-2025 22:00,22,0.143192488,0.329029734,0.223395931,0.231611894,0.064162754,0.008607199
08-08-2025 23:00,23,0.145539906,0.332550861,0.206181534,0.240610329,0.066510172,0.008607199
09-08-2025 00:00,0,0.143192488,0.323552426,0.205790297,0.246087637,0.068075117,0.012910798
09-08-2025 01:00,1,0.140453834,0.299687011,0.196400626,0.258607199,0.088028169,0.016823161
09-08-2025 02:00,2,0.131455399,0.299687011,0.198748044,0.25743349,0.092331768,0.019953052
09-08-2025 03:00,3,0.113067293,0.300469484,0.197965571,0.272300469,0.09428795,0.021517997
09-08-2025 04:00,4,0.106025039,0.291471049,0.207746479,0.274256651,0.099374022,0.021126761
09-08-2025 05:00,5,0.103286385,0.299295775,0.206964006,0.273474178,0.093505477,0.022691706
09-08-2025 06:00,6,0.089593114,0.3114241,0.218701095,0.270344288,0.08685446,0.023082942
09-08-2025 07:00,7,0.09741784,0.330203443,0.216353678,0.258215962,0.078638498,0.019170579
09-08-2025 08:00,8,0.122065728,0.362676056,0.20970266,0.222613459,0.069248826,0.013693271
09-08-2025 09:00,9,0.153364632,0.338028169,0.197574335,0.222222222,0.073552426,0.015258216
09-08-2025 10:00,10,0.156103286,0.297730829,0.207355243,0.249217527,0.075899844,0.012910798
09-08-2025 11:00,11,0.123239437,0.275039124,0.220657277,0.29342723,0.075117371,0.012519562
09-08-2025 12:00,12,0.098200313,0.248043818,0.205399061,0.347809077,0.087245696,0.012519562
09-08-2025 13:00,13,0.063771518,0.209311424,0.213223787,0.399843505,0.104068858,0.009780908
09-08-2025 14:00,14,0.052425665,0.167057903,0.185054773,0.460485133,0.123630673,0.011345853
09-08-2025 15:00,15,0.039906103,0.143192488,0.154147105,0.504303599,0.140062598,0.018388106
09-08-2025 16:00,16,0.041471049,0.121283255,0.148669797,0.511737089,0.157276995,0.019561815
09-08-2025 17:00,17,0.036776213,0.127543036,0.153364632,0.490610329,0.16627543,0.025039124
09-08-2025 18:00,18,0.045383412,0.160015649,0.175665102,0.460093897,0.142018779,0.016431925
09-08-2025 19:00,19,0.0614241,0.200704225,0.216744914,0.405320814,0.10172144,0.014084507
09-08-2025 20:00,20,0.096244131,0.254303599,0.246087637,0.327073552,0.064945227,0.011345853
09-08-2025 21:00,21,0.129890454,0.309859155,0.238654147,0.253912363,0.058685446,0.008607199
09-08-2025 22:00,22,0.143192488,0.329029734,0.223395931,0.231611894,0.064162754,0.008607199
09-08-2025 23:00,23,0.145539906,0.332550861,0.206181534,0.240610329,0.066510172,0.008607199
10-08-2025 00:00,0,0.143192488,0.323552426,0.205790297,0.246087637,0.068075117,0.012910798
10-08-2025 01:00,1,0.140453834,0.299687011,0.196400626,0.258607199,0.088028169,0.016823161
10-08-2025 02:00,2,0.131455399,0.299687011,0.198748044,0.25743349,0.092331768,0.019953052
10-08-2025 03:00,3,0.113067293,0.300469484,0.197965571,0.272300469,0.09428795,0.021517997
10-08-2025 04:00,4,0.106025039,0.291471049,0.207746479,0.274256651,0.099374022,0.021126761
10-08-2025 05:00,5,0.103286385,0.299295775,0.206964006,0.273474178,0.093505477,0.022691706
10-08-2025 06:00,6,0.089593114,0.3114241,0.218701095,0.270344288,0.08685446,0.023082942
10-08-2025 07:00,7,0.09741784,0.330203443,0.216353678,0.258215962,0.078638498,0.019170579
10-08-2025 08:00,8,0.122065728,0.362676056,0.20970266,0.222613459,0.069248826,0.013693271
10-08-2025 09:00,9,0.153364632,0.338028169,0.197574335,0.222222222,0.073552426,0.015258216
10-08-2025 10:00,10,0.156103286,0.297730829,0.207355243,0.249217527,0.075899844,0.012910798
10-08-2025 11:00,11,0.123239437,0.275039124,0.220657277,0.29342723,0.075117371,0.012519562
10-08-2025 12:00,12,0.098200313,0.248043818,0.205399061,0.347809077,0.087245696,0.012519562
10-08-2025 13:00,13,0.063771518,0.209311424,0.213223787,0.399843505,0.104068858,0.009780908
10-08-2025 14:00,14,0.052425665,0.167057903,0.185054773,0.460485133,0.123630673,0.011345853
10-08-2025 15:00,15,0.039906103,0.143192488,0.154147105,0.504303599,0.140062598,0.018388106
10-08-2025 16:00,16,0.041471049,0.121283255,0.148669797,0.511737089,0.157276995,0.019561815
10-08-2025 17:00,17,0.036776213,0.127543036,0.153364632,0.490610329,0.16627543,0.025039124
10-08-2025 18:00,18,0.045383412,0.160015649,0.175665102,0.460093897,0.142018779,0.016431925
10-08-2025 19:00,19,0.0614241,0.200704225,0.216744914,0.405320814,0.10172144,0.014084507
10-08-2025 20:00,20,0.096244131,0.254303599,0.246087637,0.327073552,0.064945227,0.011345853
10-08-2025 21:00,21,0.129890454,0.309859155,0.238654147,0.253912363,0.058685446,0.008607199
10-08-2025 22:00,22,0.143192488,0.329029734,0.223395931,0.231611894,0.064162754,0.008607199
10-08-2025 23:00,23,0.145539906,0.332550861,0.206181534,0.240610329,0.066510172,0.008607199
11-08-2025 00:00,0,0.143192488,0.323552426,0.205790297,0.246087637,0.068075117,0.012910798
11-08-2025 01:00,1,0.140453834,0.299687011,0.196400626,0.258607199,0.088028169,0.016823161
11-08-2025 02:00,2,0.131455399,0.299687011,0.198748044,0.25743349,0.092331768,0.019953052
11-08-2025 03:00,3,0.113067293,0.300469484,0.197965571,0.272300469,0.09428795,0.021517997
11-08-2025 04:00,4,0.106025039,0.291471049,0.207746479,0.274256651,0.099374022,0.021126761
11-08-2025 05:00,5,0.103286385,0.299295775,0.206964006,0.273474178,0.093505477,0.022691706
11-08-2025 06:00,6,0.089593114,0.3114241,0.218701095,0.270344288,0.08685446,0.023082942
11-08-2025 07:00,7,0.09741784,0.330203443,0.216353678,0.258215962,0.078638498,0.019170579
11-08-2025 08:00,8,0.122065728,0.362676056,0.20970266,0.222613459,0.069248826,0.013693271
11-08-2025 09:00,9,0.153364632,0.338028169,0.197574335,0.222222222,0.073552426,0.015258216
11-08-2025 10:00,10,0.156103286,0.297730829,0.207355243,0.249217527,0.075899844,0.012910798
11-08-2025 11:00,11,0.123239437,0.275039124,0.220657277,0.29342723,0.075117371,0.012519562
11-08-2025 12:00,12,0.098200313,0.248043818,0.205399061,0.347809077,0.087245696,0.012519562
11-08-2025 13:00,13,0.063771518,0.209311424,0.213223787,0.399843505,0.104068858,0.009780908
11-08-2025 14:00,14,0.052425665,0.167057903,0.185054773,0.460485133,0.123630673,0.011345853
11-08-2025 15:00,15,0.039906103,0.143192488,0.154147105,0.504303599,0.140062598,0.018388106
11-08-2025 16:00,16,0.041471049,0.121283255,0.148669797,0.511737089,0.157276995,0.019561815
11-08-2025 17:00,17,0.036776213,0.127543036,0.153364632,0.490610329,0.16627543,0.025039124
11-08-2025 18:00,18,0.045383412,0.160015649,0.175665102,0.460093897,0.142018779,0.016431925
11-08-2025 19:00,19,0.0614241,0.200704225,0.216744914,0.405320814,0.10172144,0.014084507
11-08-2025 20:00,20,0.096244131,0.254303599,0.246087637,0.327073552,0.064945227,0.011345853
11-08-2025 21:00,21,0.129890454,0.309859155,0.238654147,0.253912363,0.058685446,0.008607199
11-08-2025 22:00,22,0.143192488,0.329029734,0.223395931,0.231611894,0.064162754,0.008607199
11-08-2025 23:00,23,0.145539906,0.332550861,0.206181534,0.240610329,0.066510172,0.008607199
12-08-2025 00:00,0,0.143192488,0.323552426,0.205790297,0.246087637,0.068075117,0.012910798
12-08-2025 01:00,1,0.140453834,0.299687011,0.196400626,0.258607199,0.088028169,0.016823161
12-08-2025 02:00,2,0.131455399,0.299687011,0.198748044,0.25743349,0.092331768,0.019953052
12-08-2025 03:00,3,0.113067293,0.300469484,0.197965571,0.272300469,0.09428795,0.021517997
12-08-2025 04:00,4,0.106025039,0.291471049,0.207746479,0.274256651,0.099374022,0.021126761
12-08-2025 05:00,5,0.103286385,0.299295775,0.206964006,0.273474178,0.093505477,0.022691706
12-08-2025 06:00,6,0.089593114,0.3114241,0.218701095,0.270344288,0.08685446,0.023082942
12-08-2025 07:00,7,0.09741784,0.330203443,0.216353678,0.258215962,0.078638498,0.019170579
12-08-2025 08:00,8,0.122065728,0.362676056,0.20970266,0.222613459,0.069248826,0.013693271
12-08-2025 09:00,9,0.153364632,0.338028169,0.197574335,0.222222222,0.073552426,0.015258216
12-08-2025 10:00,10,0.156103286,0.297730829,0.207355243,0.249217527,0.075899844,0.012910798
12-08-2025 11:00,11,0.123239437,0.275039124,0.220657277,0.29342723,0.075117371,0.012519562
12-08-2025 12:00,12,0.098200313,0.248043818,0.205399061,0.347809077,0.087245696,0.012519562
12-08-2025 13:00,13,0.063771518,0.209311424,0.213223787,0.399843505,0.104068858,0.009780908
12-08-2025 14:00,14,0.052425665,0.167057903,0.185054773,0.460485133,0.123630673,0.011345853
12-08-2025 15:00,15,0.039906103,0.143192488,0.154147105,0.504303599,0.140062598,0.018388106
12-08-2025 16:00,16,0.041471049,0.121283255,0.148669797,0.511737089,0.157276995,0.019561815
12-08-2025 17:00,17,0.036776213,0.127543036,0.153364632,0.490610329,0.16627543,0.025039124
12-08-2025 18:00,18,0.045383412,0.160015649,0.175665102,0.460093897,0.142018779,0.016431925
12-08-2025 19:00,19,0.0614241,0.200704225,0.216744914,0.405320814,0.10172144,0.014084507
12-08-2025 20:00,20,0.096244131,0.254303599,0.246087637,0.327073552,0.064945227,0.011345853
12-08-2025 21:00,21,0.129890454,0.309859155,0.238654147,0.253912363,0.058685446,0.008607199
12-08-2025 22:00,22,0.143192488,0.329029734,0.223395931,0.231611894,0.064162754,0.008607199
12-08-2025 23:00,23,0.145539906,0.332550861,0.206181534,0.240610329,0.066510172,0.008607199
13-08-2025 00:00,0,0.143192488,0.323552426,0.205790297,0.246087637,0.068075117,0.012910798
13-08-2025 01:00,1,0.140453834,0.299687011,0.196400626,0.258607199,0.088028169,0.016823161
13-08-2025 02:00,2,0.131455399,0.299687011,0.198748044,0.25743349,0.092331768,0.019953052
13-08-2025 03:00,3,0.113067293,0.300469484,0.197965571,0.272300469,0.09428795,0.021517997
13-08-2025 04:00,4,0.106025039,0.291471049,0.207746479,0.274256651,0.099374022,0.021126761
13-08-2025 05:00,5,0.103286385,0.299295775,0.206964006,0.273474178,0.093505477,0.022691706
13-08-2025 06:00,6,0.089593114,0.3114241,0.218701095,0.270344288,0.08685446,0.023082942
13-08-2025 07:00,7,0.09741784,0.330203443,0.216353678,0.258215962,0.078638498,0.019170579
13-08-2025 08:00,8,0.122065728,0.362676056,0.20970266,0.222613459,0.069248826,0.013693271
13-08-2025 09:00,9,0.153364632,0.338028169,0.197574335,0.222222222,0.073552426,0.015258216
13-08-2025 10:00,10,0.156103286,0.297730829,0.207355243,0.249217527,0.075899844,0.012910798
13-08-2025 11:00,11,0.123239437,0.275039124,0.220657277,0.29342723,0.075117371,0.012519562
13-08-2025 12:00,12,0.098200313,0.248043818,0.205399061,0.347809077,0.087245696,0.012519562
13-08-2025 13:00,13,0.063771518,0.209311424,0.213223787,0.399843505,0.104068858,0.009780908
13-08-2025 14:00,14,0.052425665,0.167057903,0.185054773,0.460485133,0.123630673,0.011345853
13-08-2025 15:00,15,0.039906103,0.143192488,0.154147105,0.504303599,0.140062598,0.018388106
13-08-2025 16:00,16,0.041471049,0.121283255,0.148669797,0.511737089,0.157276995,0.019561815
13-08-2025 17:00,17,0.036776213,0.127543036,0.153364632,0.490610329,0.16627543,0.025039124
13-08-2025 18:00,18,0.045383412,0.160015649,0.175665102,0.460093897,0.142018779,0.016431925
13-08-2025 19:00,19,0.0614241,0.200704225,0.216744914,0.405320814,0.10172144,0.014084507
13-08-2025 20:00,20,0.096244131,0.254303599,0.246087637,0.327073552,0.064945227,0.011345853
13-08-2025 21:00,21,0.129890454,0.309859155,0.238654147,0.253912363,0.058685446,0.008607199
13-08-2025 22:00,22,0.143192488,0.329029734,0.223395931,0.231611894,0.064162754,0.008607199
13-08-2025 23:00,23,0.145539906,0.332550861,0.206181534,0.240610329,0.066510172,0.008607199
14-08-2025 00:00,0,0.143192488,0.323552426,0.205790297,0.246087637,0.068075117,0.012910798
14-08-2025 01:00,1,0.140453834,0.299687011,0.196400626,0.258607199,0.088028169,0.016823161
14-08-2025 02:00,2,0.131455399,0.299687011,0.198748044,0.25743349,0.092331768,0.019953052
14-08-2025 03:00,3,0.113067293,0.300469484,0.197965571,0.272300469,0.09428795,0.021517997
14-08-2025 04:00,4,0.106025039,0.291471049,0.207746479,0.274256651,0.099374022,0.021126761
14-08-2025 05:00,5,0.103286385,0.299295775,0.206964006,0.273474178,0.093505477,0.022691706
14-08-2025 06:00,6,0.089593114,0.3114241,0.218701095,0.270344288,0.08685446,0.023082942
14-08-2025 07:00,7,0.09741784,0.330203443,0.216353678,0.258215962,0.078638498,0.019170579
14-08-2025 08:00,8,0.122065728,0.362676056,0.20970266,0.222613459,0.069248826,0.013693271
14-08-2025 09:00,9,0.153364632,0.338028169,0.197574335,0.222222222,0.073552426,0.015258216
14-08-2025 10:00,10,0.156103286,0.297730829,0.207355243,0.249217527,0.075899844,0.012910798
14-08-2025 11:00,11,0.123239437,0.275039124,0.220657277,0.29342723,0.075117371,0.012519562
14-08-2025 12:00,12,0.098200313,0.248043818,0.205399061,0.347809077,0.087245696,0.012519562
14-08-2025 13:00,13,0.063771518,0.209311424,0.213223787,0.399843505,0.104068858,0.009780908
14-08-2025 14:00,14,0.052425665,0.167057903,0.185054773,0.460485133,0.123630673,0.011345853
14-08-2025 15:00,15,0.039906103,0.143192488,0.154147105,0.504303599,0.140062598,0.018388106
14-08-2025 16:00,16,0.041471049,0.121283255,0.148669797,0.511737089,0.157276995,0.019561815
14-08-2025 17:00,17,0.036776213,0.127543036,0.153364632,0.490610329,0.16627543,0.025039124
14-08-2025 18:00,18,0.045383412,0.160015649,0.175665102,0.460093897,0.142018779,0.016431925
14-08-2025 19:00,19,0.0614241,0.200704225,0.216744914,0.405320814,0.10172144,0.014084507
14-08-2025 20:00,20,0.096244131,0.254303599,0.246087637,0.327073552,0.064945227,0.011345853
14-08-2025 21:00,21,0.129890454,0.309859155,0.238654147,0.253912363,0.058685446,0.008607199
14-08-2025 22:00,22,0.143192488,0.329029734,0.223395931,0.231611894,0.064162754,0.008607199
14-08-2025 23:00,23,0.145539906,0.332550861,0.206181534,0.240610329,0.066510172,0.008607199
15-08-2025 00:00,0,0.143192488,0.323552426,0.205790297,0.246087637,0.068075117,0.012910798
15-08-2025 01:00,1,0.140453834,0.299687011,0.196400626,0.258607199,0.088028169,0.016823161
15-08-2025 02:00,2,0.131455399,0.299687011,0.198748044,0.25743349,0.092331768,0.019953052
15-08-2025 03:00,3,0.113067293,0.300469484,0.197965571,0.272300469,0.09428795,0.021517997
15-08-2025 04:00,4,0.106025039,0.291471049,0.207746479,0.274256651,0.099374022,0.021126761
15-08-2025 05:00,5,0.103286385,0.299295775,0.206964006,0.273474178,0.093505477,0.022691706
15-08-2025 06:00,6,0.089593114,0.3114241,0.218701095,0.270344288,0.08685446,0.023082942
15-08-2025 07:00,7,0.09741784,0.330203443,0.216353678,0.258215962,0.078638498,0.019170579
15-08-2025 08:00,8,0.122065728,0.362676056,0.20970266,0.222613459,0.069248826,0.013693271
15-08-2025 09:00,9,0.153364632,0.338028169,0.197574335,0.222222222,0.073552426,0.015258216
15-08-2025 10:00,10,0.156103286,0.297730829,0.207355243,0.249217527,0.075899844,0.012910798
15-08-2025 11:00,11,0.123239437,0.275039124,0.220657277,0.29342723,0.075117371,0.012519562
15-08-2025 12:00,12,0.098200313,0.248043818,0.205399061,0.347809077,0.087245696,0.012519562
15-08-2025 13:00,13,0.063771518,0.209311424,0.213223787,0.399843505,0.104068858,0.009780908
15-08-2025 14:00,14,0.052425665,0.167057903,0.185054773,0.460485133,0.123630673,0.011345853
15-08-2025 15:00,15,0.039906103,0.143192488,0.154147105,0.504303599,0.140062598,0.018388106
15-08-2025 16:00,16,0.041471049,0.121283255,0.148669797,0.511737089,0.157276995,0.019561815
15-08-2025 17:00,17,0.036776213,0.127543036,0.153364632,0.490610329,0.16627543,0.025039124
15-08-2025 18:00,18,0.045383412,0.160015649,0.175665102,0.460093897,0.142018779,0.016431925
15-08-2025 19:00,19,0.0614241,0.200704225,0.216744914,0.405320814,0.10172144,0.014084507
15-08-2025 20:00,20,0.096244131,0.254303599,0.246087637,0.327073552,0.064945227,0.011345853
15-08-2025 21:00,21,0.129890454,0.309859155,0.238654147,0.253912363,0.058685446,0.008607199
15-08-2025 22:00,22,0.143192488,0.329029734,0.223395931,0.231611894,0.064162754,0.008607199
15-08-2025 23:00,23,0.145539906,0.332550861,0.206181534,0.240610329,0.066510172,0.008607199
16-08-2025 00:00,0,0.143192488,0.323552426,0.205790297,0.246087637,0.068075117,0.012910798
16-08-2025 01:00,1,0.140453834,0.299687011,0.196400626,0.258607199,0.088028169,0.016823161
16-08-2025 02:00,2,0.131455399,0.299687011,0.198748044,0.25743349,0.092331768,0.019953052
16-08-2025 03:00,3,0.113067293,0.300469484,0.197965571,0.272300469,0.09428795,0.021517997
16-08-2025 04:00,4,0.106025039,0.291471049,0.207746479,0.274256651,0.099374022,0.021126761
16-08-2025 05:00,5,0.103286385,0.299295775,0.206964006,0.273474178,0.093505477,0.022691706
16-08-2025 06:00,6,0.089593114,0.3114241,0.218701095,0.270344288,0.08685446,0.023082942
16-08-2025 07:00,7,0.09741784,0.330203443,0.216353678,0.258215962,0.078638498,0.019170579
16-08-2025 08:00,8,0.122065728,0.362676056,0.20970266,0.222613459,0.069248826,0.013693271
16-08-2025 09:00,9,0.153364632,0.338028169,0.197574335,0.222222222,0.073552426,0.015258216
16-08-2025 10:00,10,0.156103286,0.297730829,0.207355243,0.249217527,0.075899844,0.012910798
16-08-2025 11:00,11,0.123239437,0.275039124,0.220657277,0.29342723,0.075117371,0.012519562
16-08-2025 12:00,12,0.098200313,0.248043818,0.205399061,0.347809077,0.087245696,0.012519562
16-08-2025 13:00,13,0.063771518,0.209311424,0.213223787,0.399843505,0.104068858,0.009780908
16-08-2025 14:00,14,0.052425665,0.167057903,0.185054773,0.460485133,0.123630673,0.011345853
16-08-2025 15:00,15,0.039906103,0.143192488,0.154147105,0.504303599,0.140062598,0.018388106
16-08-2025 16:00,16,0.041471049,0.121283255,0.148669797,0.511737089,0.157276995,0.019561815
16-08-2025 17:00,17,0.036776213,0.127543036,0.153364632,0.490610329,0.16627543,0.025039124
16-08-2025 18:00,18,0.045383412,0.160015649,0.175665102,0.460093897,0.142018779,0.016431925
16-08-2025 19:00,19,0.0614241,0.200704225,0.216744914,0.405320814,0.10172144,0.014084507
16-08-2025 20:00,20,0.096244131,0.254303599,0.246087637,0.327073552,0.064945227,0.011345853
16-08-2025 21:00,21,0.129890454,0.309859155,0.238654147,0.253912363,0.058685446,0.008607199
16-08-2025 22:00,22,0.143192488,0.329029734,0.223395931,0.231611894,0.064162754,0.008607199
16-08-2025 23:00,23,0.145539906,0.332550861,0.206181534,0.240610329,0.066510172,0.008607199
17-08-2025 00:00,0,0.143192488,0.323552426,0.205790297,0.246087637,0.068075117,0.012910798
17-08-2025 01:00,1,0.140453834,0.299687011,0.196400626,0.258607199,0.088028169,0.016823161
17-08-2025 02:00,2,0.131455399,0.299687011,0.198748044,0.25743349,0.092331768,0.019953052
17-08-2025 03:00,3,0.113067293,0.300469484,0.197965571,0.272300469,0.09428795,0.021517997
17-08-2025 04:00,4,0.106025039,0.291471049,0.207746479,0.274256651,0.099374022,0.021126761
17-08-2025 05:00,5,0.103286385,0.299295775,0.206964006,0.273474178,0.093505477,0.022691706
17-08-2025 06:00,6,0.089593114,0.3114241,0.218701095,0.270344288,0.08685446,0.023082942
17-08-2025 07:00,7,0.09741784,0.330203443,0.216353678,0.258215962,0.078638498,0.019170579
17-08-2025 08:00,8,0.122065728,0.362676056,0.20970266,0.222613459,0.069248826,0.013693271
17-08-2025 09:00,9,0.153364632,0.338028169,0.197574335,0.222222222,0.073552426,0.015258216
17-08-2025 10:00,10,0.156103286,0.297730829,0.207355243,0.249217527,0.075899844,0.012910798
17-08-2025 11:00,11,0.123239437,0.275039124,0.220657277,0.29342723,0.075117371,0.012519562
17-08-2025 12:00,12,0.098200313,0.248043818,0.205399061,0.347809077,0.087245696,0.012519562
17-08-2025 13:00,13,0.063771518,0.209311424,0.213223787,0.399843505,0.104068858,0.009780908
17-08-2025 14:00,14,0.052425665,0.167057903,0.185054773,0.460485133,0.123630673,0.011345853
17-08-2025 15:00,15,0.039906103,0.143192488,0.154147105,0.504303599,0.140062598,0.018388106
17-08-2025 16:00,16,0.041471049,0.121283255,0.148669797,0.511737089,0.157276995,0.019561815
17-08-2025 17:00,17,0.036776213,0.127543036,0.153364632,0.490610329,0.16627543,0.025039124
17-08-2025 18:00,18,0.045383412,0.160015649,0.175665102,0.460093897,0.142018779,0.016431925
17-08-2025 19:00,19,0.0614241,0.200704225,0.216744914,0.405320814,0.10172144,0.014084507
17-08-2025 20:00,20,0.096244131,0.254303599,0.246087637,0.327073552,0.064945227,0.011345853
17-08-2025 21:00,21,0.129890454,0.309859155,0.238654147,0.253912363,0.058685446,0.008607199
17-08-2025 22:00,22,0.143192488,0.329029734,0.223395931,0.231611894,0.064162754,0.008607199
17-08-2025 23:00,23,0.145539906,0.332550861,0.206181534,0.240610329,0.066510172,0.008607199
18-08-2025 00:00,0,0.143192488,0.323552426,0.205790297,0.246087637,0.068075117,0.012910798
18-08-2025 01:00,1,0.140453834,0.299687011,0.196400626,0.258607199,0.088028169,0.016823161
18-08-2025 02:00,2,0.131455399,0.299687011,0.198748044,0.25743349,0.092331768,0.019953052
18-08-2025 03:00,3,0.113067293,0.300469484,0.197965571,0.272300469,0.09428795,0.021517997
18-08-2025 04:00,4,0.106025039,0.291471049,0.207746479,0.274256651,0.099374022,0.021126761
18-08-2025 05:00,5,0.103286385,0.299295775,0.206964006,0.273474178,0.093505477,0.022691706
18-08-2025 06:00,6,0.089593114,0.3114241,0.218701095,0.270344288,0.08685446,0.023082942
18-08-2025 07:00,7,0.09741784,0.330203443,0.216353678,0.258215962,0.078638498,0.019170579
18-08-2025 08:00,8,0.122065728,0.362676056,0.20970266,0.222613459,0.069248826,0.013693271
18-08-2025 09:00,9,0.153364632,0.338028169,0.197574335,0.222222222,0.073552426,0.015258216
18-08-2025 10:00,10,0.156103286,0.297730829,0.207355243,0.249217527,0.075899844,0.012910798
18-08-2025 11:00,11,0.123239437,0.275039124,0.220657277,0.29342723,0.075117371,0.012519562
18-08-2025 12:00,12,0.098200313,0.248043818,0.205399061,0.347809077,0.087245696,0.012519562
18-08-2025 13:00,13,0.063771518,0.209311424,0.213223787,0.399843505,0.104068858,0.009780908
18-08-2025 14:00,14,0.052425665,0.167057903,0.185054773,0.460485133,0.123630673,0.011345853
18-08-2025 15:00,15,0.039906103,0.143192488,0.154147105,0.504303599,0.140062598,0.018388106
18-08-2025 16:00,16,0.041471049,0.121283255,0.148669797,0.511737089,0.157276995,0.019561815
18-08-2025 17:00,17,0.036776213,0.127543036,0.153364632,0.490610329,0.16627543,0.025039124
18-08-2025 18:00,18,0.045383412,0.160015649,0.175665102,0.460093897,0.142018779,0.016431925
18-08-2025 19:00,19,0.0614241,0.200704225,0.216744914,0.405320814,0.10172144,0.014084507
18-08-2025 20:00,20,0.096244131,0.254303599,0.246087637,0.327073552,0.064945227,0.011345853
18-08-2025 21:00,21,0.129890454,0.309859155,0.238654147,0.253912363,0.058685446,0.008607199
18-08-2025 22:00,22,0.143192488,0.329029734,0.223395931,0.231611894,0.064162754,0.008607199
18-08-2025 23:00,23,0.145539906,0.332550861,0.206181534,0.240610329,0.066510172,0.008607199
19-08-2025 00:00,0,0.143192488,0.323552426,0.205790297,0.246087637,0.068075117,0.012910798
19-08-2025 01:00,1,0.140453834,0.299687011,0.196400626,0.258607199,0.088028169,0.016823161
19-08-2025 02:00,2,0.131455399,0.299687011,0.198748044,0.25743349,0.092331768,0.019953052
19-08-2025 03:00,3,0.113067293,0.300469484,0.197965571,0.272300469,0.09428795,0.021517997
19-08-2025 04:00,4,0.106025039,0.291471049,0.207746479,0.274256651,0.099374022,0.021126761
19-08-2025 05:00,5,0.103286385,0.299295775,0.206964006,0.273474178,0.093505477,0.022691706
19-08-2025 06:00,6,0.089593114,0.3114241,0.218701095,0.270344288,0.08685446,0.023082942
19-08-2025 07:00,7,0.09741784,0.330203443,0.216353678,0.258215962,0.078638498,0.019170579
19-08-2025 08:00,8,0.122065728,0.362676056,0.20970266,0.222613459,0.069248826,0.013693271
19-08-2025 09:00,9,0.153364632,0.338028169,0.197574335,0.222222222,0.073552426,0.015258216
19-08-2025 10:00,10,0.156103286,0.297730829,0.207355243,0.249217527,0.075899844,0.012910798
19-08-2025 11:00,11,0.123239437,0.275039124,0.220657277,0.29342723,0.075117371,0.012519562
19-08-2025 12:00,12,0.098200313,0.248043818,0.205399061,0.347809077,0.087245696,0.012519562
19-08-2025 13:00,13,0.063771518,0.209311424,0.213223787,0.399843505,0.104068858,0.009780908
19-08-2025 14:00,14,0.052425665,0.167057903,0.185054773,0.460485133,0.123630673,0.011345853
19-08-2025 15:00,15,0.039906103,0.143192488,0.154147105,0.504303599,0.140062598,0.018388106
19-08-2025 16:00,16,0.041471049,0.121283255,0.148669797,0.511737089,0.157276995,0.019561815
19-08-2025 17:00,17,0.036776213,0.127543036,0.153364632,0.490610329,0.16627543,0.025039124
19-08-2025 18:00,18,0.045383412,0.160015649,0.175665102,0.460093897,0.142018779,0.016431925
19-08-2025 19:00,19,0.0614241,0.200704225,0.216744914,0.405320814,0.10172144,0.014084507
19-08-2025 20:00,20,0.096244131,0.254303599,0.246087637,0.327073552,0.064945227,0.011345853
19-08-2025 21:00,21,0.129890454,0.309859155,0.238654147,0.253912363,0.058685446,0.008607199
19-08-2025 22:00,22,0.143192488,0.329029734,0.223395931,0.231611894,0.064162754,0.008607199
19-08-2025 23:00,23,0.145539906,0.332550861,0.206181534,0.240610329,0.066510172,0.008607199
20-08-2025 00:00,0,0.143192488,0.323552426,0.205790297,0.246087637,0.068075117,0.012910798
20-08-2025 01:00,1,0.140453834,0.299687011,0.196400626,0.258607199,0.088028169,0.016823161
20-08-2025 02:00,2,0.131455399,0.299687011,0.198748044,0.25743349,0.092331768,0.019953052
20-08-2025 03:00,3,0.113067293,0.300469484,0.197965571,0.272300469,0.09428795,0.021517997
20-08-2025 04:00,4,0.106025039,0.291471049,0.207746479,0.274256651,0.099374022,0.021126761
20-08-2025 05:00,5,0.103286385,0.299295775,0.206964006,0.273474178,0.093505477,0.022691706
20-08-2025 06:00,6,0.089593114,0.3114241,0.218701095,0.270344288,0.08685446,0.023082942
20-08-2025 07:00,7,0.09741784,0.330203443,0.216353678,0.258215962,0.078638498,0.019170579
20-08-2025 08:00,8,0.122065728,0.362676056,0.20970266,0.222613459,0.069248826,0.013693271
20-08-2025 09:00,9,0.153364632,0.338028169,0.197574335,0.222222222,0.073552426,0.015258216
20-08-2025 10:00,10,0.156103286,0.297730829,0.207355243,0.249217527,0.075899844,0.012910798
20-08-2025 11:00,11,0.123239437,0.275039124,0.220657277,0.29342723,0.075117371,0.012519562
20-08-2025 12:00,12,0.098200313,0.248043818,0.205399061,0.347809077,0.087245696,0.012519562
20-08-2025 13:00,13,0.063771518,0.209311424,0.213223787,0.399843505,0.104068858,0.009780908
20-08-2025 14:00,14,0.052425665,0.167057903,0.185054773,0.460485133,0.123630673,0.011345853
20-08-2025 15:00,15,0.039906103,0.143192488,0.154147105,0.504303599,0.140062598,0.018388106
20-08-2025 16:00,16,0.041471049,0.121283255,0.148669797,0.511737089,0.157276995,0.019561815
20-08-2025 17:00,17,0.036776213,0.127543036,0.153364632,0.490610329,0.16627543,0.025039124
20-08-2025 18:00,18,0.045383412,0.160015649,0.175665102,0.460093897,0.142018779,0.016431925
20-08-2025 19:00,19,0.0614241,0.200704225,0.216744914,0.405320814,0.10172144,0.014084507
20-08-2025 20:00,20,0.096244131,0.254303599,0.246087637,0.327073552,0.064945227,0.011345853
20-08-2025 21:00,21,0.129890454,0.309859155,0.238654147,0.253912363,0.058685446,0.008607199
20-08-2025 22:00,22,0.143192488,0.329029734,0.223395931,0.231611894,0.064162754,0.008607199
20-08-2025 23:00,23,0.145539906,0.332550861,0.206181534,0.240610329,0.066510172,0.008607199
21-08-2025 00:00,0,0.143192488,0.323552426,0.205790297,0.246087637,0.068075117,0.012910798
21-08-2025 01:00,1,0.140453834,0.299687011,0.196400626,0.258607199,0.088028169,0.016823161
21-08-2025 02:00,2,0.131455399,0.299687011,0.198748044,0.25743349,0.092331768,0.019953052
21-08-2025 03:00,3,0.113067293,0.300469484,0.197965571,0.272300469,0.09428795,0.021517997
21-08-2025 04:00,4,0.106025039,0.291471049,0.207746479,0.274256651,0.099374022,0.021126761
21-08-2025 05:00,5,0.103286385,0.299295775,0.206964006,0.273474178,0.093505477,0.022691706
21-08-2025 06:00,6,0.089593114,0.3114241,0.218701095,0.270344288,0.08685446,0.023082942
21-08-2025 07:00,7,0.09741784,0.330203443,0.216353678,0.258215962,0.078638498,0.019170579
21-08-2025 08:00,8,0.122065728,0.362676056,0.20970266,0.222613459,0.069248826,0.013693271
21-08-2025 09:00,9,0.153364632,0.338028169,0.197574335,0.222222222,0.073552426,0.015258216
21-08-2025 10:00,10,0.156103286,0.297730829,0.207355243,0.249217527,0.075899844,0.012910798
21-08-2025 11:00,11,0.123239437,0.275039124,0.220657277,0.29342723,0.075117371,0.012519562
21-08-2025 12:00,12,0.098200313,0.248043818,0.205399061,0.347809077,0.087245696,0.012519562
21-08-2025 13:00,13,0.063771518,0.209311424,0.213223787,0.399843505,0.104068858,0.009780908
21-08-2025 14:00,14,0.052425665,0.167057903,0.185054773,0.460485133,0.123630673,0.011345853
21-08-2025 15:00,15,0.039906103,0.143192488,0.154147105,0.504303599,0.140062598,0.018388106
21-08-2025 16:00,16,0.041471049,0.121283255,0.148669797,0.511737089,0.157276995,0.019561815
21-08-2025 17:00,17,0.036776213,0.127543036,0.153364632,0.490610329,0.16627543,0.025039124
21-08-2025 18:00,18,0.045383412,0.160015649,0.175665102,0.460093897,0.142018779,0.016431925
21-08-2025 19:00,19,0.0614241,0.200704225,0.216744914,0.405320814,0.10172144,0.014084507
21-08-2025 20:00,20,0.096244131,0.254303599,0.246087637,0.327073552,0.064945227,0.011345853
21-08-2025 21:00,21,0.129890454,0.309859155,0.238654147,0.253912363,0.058685446,0.008607199
21-08-2025 22:00,22,0.143192488,0.329029734,0.223395931,0.231611894,0.064162754,0.008607199
21-08-2025 23:00,23,0.145539906,0.332550861,0.206181534,0.240610329,0.066510172,0.008607199
22-08-2025 00:00,0,0.143192488,0.323552426,0.205790297,0.246087637,0.068075117,0.012910798
22-08-2025 01:00,1,0.140453834,0.299687011,0.196400626,0.258607199,0.088028169,0.016823161
22-08-2025 02:00,2,0.131455399,0.299687011,0.198748044,0.25743349,0.092331768,0.019953052
22-08-2025 03:00,3,0.113067293,0.300469484,0.197965571,0.272300469,0.09428795,0.021517997
22-08-2025 04:00,4,0.106025039,0.291471049,0.207746479,0.274256651,0.099374022,0.021126761
22-08-2025 05:00,5,0.103286385,0.299295775,0.206964006,0.273474178,0.093505477,0.022691706
22-08-2025 06:00,6,0.089593114,0.3114241,0.218701095,0.270344288,0.08685446,0.023082942
22-08-2025 07:00,7,0.09741784,0.330203443,0.216353678,0.258215962,0.078638498,0.019170579
22-08-2025 08:00,8,0.122065728,0.362676056,0.20970266,0.222613459,0.069248826,0.013693271
22-08-2025 09:00,9,0.153364632,0.338028169,0.197574335,0.222222222,0.073552426,0.015258216
22-08-2025 10:00,10,0.156103286,0.297730829,0.207355243,0.249217527,0.075899844,0.012910798
22-08-2025 11:00,11,0.123239437,0.275039124,0.220657277,0.29342723,0.075117371,0.012519562
22-08-2025 12:00,12,0.098200313,0.248043818,0.205399061,0.347809077,0.087245696,0.012519562
22-08-2025 13:00,13,0.063771518,0.209311424,0.213223787,0.399843505,0.104068858,0.009780908
22-08-2025 14:00,14,0.052425665,0.167057903,0.185054773,0.460485133,0.123630673,0.011345853
22-08-2025 15:00,15,0.039906103,0.143192488,0.154147105,0.504303599,0.140062598,0.018388106
22-08-2025 16:00,16,0.041471049,0.121283255,0.148669797,0.511737089,0.157276995,0.019561815
22-08-2025 17:00,17,0.036776213,0.127543036,0.153364632,0.490610329,0.16627543,0.025039124
22-08-2025 18:00,18,0.045383412,0.160015649,0.175665102,0.460093897,0.142018779,0.016431925
22-08-2025 19:00,19,0.0614241,0.200704225,0.216744914,0.405320814,0.10172144,0.014084507
22-08-2025 20:00,20,0.096244131,0.254303599,0.246087637,0.327073552,0.064945227,0.011345853
22-08-2025 21:00,21,0.129890454,0.309859155,0.238654147,0.253912363,0.058685446,0.008607199
22-08-2025 22:00,22,0.143192488,0.329029734,0.223395931,0.231611894,0.064162754,0.008607199
22-08-2025 23:00,23,0.145539906,0.332550861,0.206181534,0.240610329,0.066510172,0.008607199
23-08-2025 00:00,0,0.143192488,0.323552426,0.205790297,0.246087637,0.068075117,0.012910798
23-08-2025 01:00,1,0.140453834,0.299687011,0.196400626,0.258607199,0.088028169,0.016823161
23-08-2025 02:00,2,0.131455399,0.299687011,0.198748044,0.25743349,0.092331768,0.019953052
23-08-2025 03:00,3,0.113067293,0.300469484,0.197965571,0.272300469,0.09428795,0.021517997
23-08-2025 04:00,4,0.106025039,0.291471049,0.207746479,0.274256651,0.099374022,0.021126761
23-08-2025 05:00,5,0.103286385,0.299295775,0.206964006,0.273474178,0.093505477,0.022691706
23-08-2025 06:00,6,0.089593114,0.3114241,0.218701095,0.270344288,0.08685446,0.023082942
23-08-2025 07:00,7,0.09741784,0.330203443,0.216353678,0.258215962,0.078638498,0.019170579
23-08-2025 08:00,8,0.122065728,0.362676056,0.20970266,0.222613459,0.069248826,0.013693271
23-08-2025 09:00,9,0.153364632,0.338028169,0.197574335,0.222222222,0.073552426,0.015258216
23-08-2025 10:00,10,0.156103286,0.297730829,0.207355243,0.249217527,0.075899844,0.012910798
23-08-2025 11:00,11,0.123239437,0.275039124,0.220657277,0.29342723,0.075117371,0.012519562
23-08-2025 12:00,12,0.098200313,0.248043818,0.205399061,0.347809077,0.087245696,0.012519562
23-08-2025 13:00,13,0.063771518,0.209311424,0.213223787,0.399843505,0.104068858,0.009780908
23-08-2025 14:00,14,0.052425665,0.167057903,0.185054773,0.460485133,0.123630673,0.011345853
23-08-2025 15:00,15,0.039906103,0.143192488,0.154147105,0.504303599,0.140062598,0.018388106
23-08-2025 16:00,16,0.041471049,0.121283255,0.148669797,0.511737089,0.157276995,0.019561815
23-08-2025 17:00,17,0.036776213,0.127543036,0.153364632,0.490610329,0.16627543,0.025039124
23-08-2025 18:00,18,0.045383412,0.160015649,0.175665102,0.460093897,0.142018779,0.016431925
23-08-2025 19:00,19,0.0614241,0.200704225,0.216744914,0.405320814,0.10172144,0.014084507
23-08-2025 20:00,20,0.096244131,0.254303599,0.246087637,0.327073552,0.064945227,0.011345853
23-08-2025 21:00,21,0.129890454,0.309859155,0.238654147,0.253912363,0.058685446,0.008607199
23-08-2025 22:00,22,0.143192488,0.329029734,0.223395931,0.231611894,0.064162754,0.008607199
23-08-2025 23:00,23,0.145539906,0.332550861,0.206181534,0.240610329,0.066510172,0.008607199
24-08-2025 00:00,0,0.143192488,0.323552426,0.205790297,0.246087637,0.068075117,0.012910798
24-08-2025 01:00,1,0.140453834,0.299687011,0.196400626,0.258607199,0.088028169,0.016823161
24-08-2025 02:00,2,0.131455399,0.299687011,0.198748044,0.25743349,0.092331768,0.019953052
24-08-2025 03:00,3,0.113067293,0.300469484,0.197965571,0.272300469,0.09428795,0.021517997
24-08-2025 04:00,4,0.106025039,0.291471049,0.207746479,0.274256651,0.099374022,0.021126761
24-08-2025 05:00,5,0.103286385,0.299295775,0.206964006,0.273474178,0.093505477,0.022691706
24-08-2025 06:00,6,0.089593114,0.3114241,0.218701095,0.270344288,0.08685446,0.023082942
24-08-2025 07:00,7,0.09741784,0.330203443,0.216353678,0.258215962,0.078638498,0.019170579
24-08-2025 08:00,8,0.122065728,0.362676056,0.20970266,0.222613459,0.069248826,0.013693271
24-08-2025 09:00,9,0.153364632,0.338028169,0.197574335,0.222222222,0.073552426,0.015258216
24-08-2025 10:00,10,0.156103286,0.297730829,0.207355243,0.249217527,0.075899844,0.012910798
24-08-2025 11:00,11,0.123239437,0.275039124,0.220657277,0.29342723,0.075117371,0.012519562
24-08-2025 12:00,12,0.098200313,0.248043818,0.205399061,0.347809077,0.087245696,0.012519562
24-08-2025 13:00,13,0.063771518,0.209311424,0.213223787,0.399843505,0.104068858,0.009780908
24-08-2025 14:00,14,0.052425665,0.167057903,0.185054773,0.460485133,0.123630673,0.011345853
24-08-2025 15:00,15,0.039906103,0.143192488,0.154147105,0.504303599,0.140062598,0.018388106
24-08-2025 16:00,16,0.041471049,0.121283255,0.148669797,0.511737089,0.157276995,0.019561815
24-08-2025 17:00,17,0.036776213,0.127543036,0.153364632,0.490610329,0.16627543,0.025039124
24-08-2025 18:00,18,0.045383412,0.160015649,0.175665102,0.460093897,0.142018779,0.016431925
24-08-2025 19:00,19,0.0614241,0.200704225,0.216744914,0.405320814,0.10172144,0.014084507
24-08-2025 20:00,20,0.096244131,0.254303599,0.246087637,0.327073552,0.064945227,0.011345853
24-08-2025 21:00,21,0.129890454,0.309859155,0.238654147,0.253912363,0.058685446,0.008607199
24-08-2025 22:00,22,0.143192488,0.329029734,0.223395931,0.231611894,0.064162754,0.008607199
24-08-2025 23:00,23,0.145539906,0.332550861,0.206181534,0.240610329,0.066510172,0.008607199
25-08-2025 00:00,0,0.143192488,0.323552426,0.205790297,0.246087637,0.068075117,0.012910798
25-08-2025 01:00,1,0.140453834,0.299687011,0.196400626,0.258607199,0.088028169,0.016823161
25-08-2025 02:00,2,0.131455399,0.299687011,0.198748044,0.25743349,0.092331768,0.019953052
25-08-2025 03:00,3,0.113067293,0.300469484,0.197965571,0.272300469,0.09428795,0.021517997
25-08-2025 04:00,4,0.106025039,0.291471049,0.207746479,0.274256651,0.099374022,0.021126761
25-08-2025 05:00,5,0.103286385,0.299295775,0.206964006,0.273474178,0.093505477,0.022691706
25-08-2025 06:00,6,0.089593114,0.3114241,0.218701095,0.270344288,0.08685446,0.023082942
25-08-2025 07:00,7,0.09741784,0.330203443,0.216353678,0.258215962,0.078638498,0.019170579
25-08-2025 08:00,8,0.122065728,0.362676056,0.20970266,0.222613459,0.069248826,0.013693271
25-08-2025 09:00,9,0.153364632,0.338028169,0.197574335,0.222222222,0.073552426,0.015258216
25-08-2025 10:00,10,0.156103286,0.297730829,0.207355243,0.249217527,0.075899844,0.012910798
25-08-2025 11:00,11,0.123239437,0.275039124,0.220657277,0.29342723,0.075117371,0.012519562
25-08-2025 12:00,12,0.098200313,0.248043818,0.205399061,0.347809077,0.087245696,0.012519562
25-08-2025 13:00,13,0.063771518,0.209311424,0.213223787,0.399843505,0.104068858,0.009780908
25-08-2025 14:00,14,0.052425665,0.167057903,0.185054773,0.460485133,0.123630673,0.011345853
25-08-2025 15:00,15,0.039906103,0.143192488,0.154147105,0.504303599,0.140062598,0.018388106
25-08-2025 16:00,16,0.041471049,0.121283255,0.148669797,0.511737089,0.157276995,0.019561815
25-08-2025 17:00,17,0.036776213,0.127543036,0.153364632,0.490610329,0.16627543,0.025039124
25-08-2025 18:00,18,0.045383412,0.160015649,0.175665102,0.460093897,0.142018779,0.016431925
25-08-2025 19:00,19,0.0614241,0.200704225,0.216744914,0.405320814,0.10172144,0.014084507
25-08-2025 20:00,20,0.096244131,0.254303599,0.246087637,0.327073552,0.064945227,0.011345853
25-08-2025 21:00,21,0.129890454,0.309859155,0.238654147,0.253912363,0.058685446,0.008607199
25-08-2025 22:00,22,0.143192488,0.329029734,0.223395931,0.231611894,0.064162754,0.008607199
25-08-2025 23:00,23,0.145539906,0.332550861,0.206181534,0.240610329,0.066510172,0.008607199
26-08-2025 00:00,0,0.143192488,0.323552426,0.205790297,0.246087637,0.068075117,0.012910798
26-08-2025 01:00,1,0.140453834,0.299687011,0.196400626,0.258607199,0.088028169,0.016823161
26-08-2025 02:00,2,0.131455399,0.299687011,0.198748044,0.25743349,0.092331768,0.019953052
26-08-2025 03:00,3,0.113067293,0.300469484,0.197965571,0.272300469,0.09428795,0.021517997
26-08-2025 04:00,4,0.106025039,0.291471049,0.207746479,0.274256651,0.099374022,0.021126761
26-08-2025 05:00,5,0.103286385,0.299295775,0.206964006,0.273474178,0.093505477,0.022691706
26-08-2025 06:00,6,0.089593114,0.3114241,0.218701095,0.270344288,0.08685446,0.023082942
26-08-2025 07:00,7,0.09741784,0.330203443,0.216353678,0.258215962,0.078638498,0.019170579
26-08-2025 08:00,8,0.122065728,0.362676056,0.20970266,0.222613459,0.069248826,0.013693271
26-08-2025 09:00,9,0.153364632,0.338028169,0.197574335,0.222222222,0.073552426,0.015258216
26-08-2025 10:00,10,0.156103286,0.297730829,0.207355243,0.249217527,0.075899844,0.012910798
26-08-2025 11:00,11,0.123239437,0.275039124,0.220657277,0.29342723,0.075117371,0.012519562
26-08-2025 12:00,12,0.098200313,0.248043818,0.205399061,0.347809077,0.087245696,0.012519562
26-08-2025 13:00,13,0.063771518,0.209311424,0.213223787,0.399843505,0.104068858,0.009780908
26-08-2025 14:00,14,0.052425665,0.167057903,0.185054773,0.460485133,0.123630673,0.011345853
26-08-2025 15:00,15,0.039906103,0.143192488,0.154147105,0.504303599,0.140062598,0.018388106
26-08-2025 16:00,16,0.041471049,0.121283255,0.148669797,0.511737089,0.157276995,0.019561815
26-08-2025 17:00,17,0.036776213,0.127543036,0.153364632,0.490610329,0.16627543,0.025039124
26-08-2025 18:00,18,0.045383412,0.160015649,0.175665102,0.460093897,0.142018779,0.016431925
26-08-2025 19:00,19,0.0614241,0.200704225,0.216744914,0.405320814,0.10172144,0.014084507
26-08-2025 20:00,20,0.096244131,0.254303599,0.246087637,0.327073552,0.064945227,0.011345853
26-08-2025 21:00,21,0.129890454,0.309859155,0.238654147,0.253912363,0.058685446,0.008607199
26-08-2025 22:00,22,0.143192488,0.329029734,0.223395931,0.231611894,0.064162754,0.008607199
26-08-2025 23:00,23,0.145539906,0.332550861,0.206181534,0.240610329,0.066510172,0.008607199
27-08-2025 00:00,0,0.143192488,0.323552426,0.205790297,0.246087637,0.068075117,0.012910798
27-08-2025 01:00,1,0.140453834,0.299687011,0.196400626,0.258607199,0.088028169,0.016823161
27-08-2025 02:00,2,0.131455399,0.299687011,0.198748044,0.25743349,0.092331768,0.019953052
27-08-2025 03:00,3,0.113067293,0.300469484,0.197965571,0.272300469,0.09428795,0.021517997
27-08-2025 04:00,4,0.106025039,0.291471049,0.207746479,0.274256651,0.099374022,0.021126761
27-08-2025 05:00,5,0.103286385,0.299295775,0.206964006,0.273474178,0.093505477,0.022691706
27-08-2025 06:00,6,0.089593114,0.3114241,0.218701095,0.270344288,0.08685446,0.023082942
27-08-2025 07:00,7,0.09741784,0.330203443,0.216353678,0.258215962,0.078638498,0.019170579
27-08-2025 08:00,8,0.122065728,0.362676056,0.20970266,0.222613459,0.069248826,0.013693271
27-08-2025 09:00,9,0.153364632,0.338028169,0.197574335,0.222222222,0.073552426,0.015258216
27-08-2025 10:00,10,0.156103286,0.297730829,0.207355243,0.249217527,0.075899844,0.012910798
27-08-2025 11:00,11,0.123239437,0.275039124,0.220657277,0.29342723,0.075117371,0.012519562
27-08-2025 12:00,12,0.098200313,0.248043818,0.205399061,0.347809077,0.087245696,0.012519562
27-08-2025 13:00,13,0.063771518,0.209311424,0.213223787,0.399843505,0.104068858,0.009780908
27-08-2025 14:00,14,0.052425665,0.167057903,0.185054773,0.460485133,0.123630673,0.011345853
27-08-2025 15:00,15,0.039906103,0.143192488,0.154147105,0.504303599,0.140062598,0.018388106
27-08-2025 16:00,16,0.041471049,0.121283255,0.148669797,0.511737089,0.157276995,0.019561815
27-08-2025 17:00,17,0.036776213,0.127543036,0.153364632,0.490610329,0.16627543,0.025039124
27-08-2025 18:00,18,0.045383412,0.160015649,0.175665102,0.460093897,0.142018779,0.016431925
27-08-2025 19:00,19,0.0614241,0.200704225,0.216744914,0.405320814,0.10172144,0.014084507
27-08-2025 20:00,20,0.096244131,0.254303599,0.246087637,0.327073552,0.064945227,0.011345853
27-08-2025 21:00,21,0.129890454,0.309859155,0.238654147,0.253912363,0.058685446,0.008607199
27-08-2025 22:00,22,0.143192488,0.329029734,0.223395931,0.231611894,0.064162754,0.008607199
27-08-2025 23:00,23,0.145539906,0.332550861,0.206181534,0.240610329,0.066510172,0.008607199
28-08-2025 00:00,0,0.143192488,0.323552426,0.205790297,0.246087637,0.068075117,0.012910798
28-08-2025 01:00,1,0.140453834,0.299687011,0.196400626,0.258607199,0.088028169,0.016823161
28-08-2025 02:00,2,0.131455399,0.299687011,0.198748044,0.25743349,0.092331768,0.019953052
28-08-2025 03:00,3,0.113067293,0.300469484,0.197965571,0.272300469,0.09428795,0.021517997
28-08-2025 04:00,4,0.106025039,0.291471049,0.207746479,0.274256651,0.099374022,0.021126761
28-08-2025 05:00,5,0.103286385,0.299295775,0.206964006,0.273474178,0.093505477,0.022691706
28-08-2025 06:00,6,0.089593114,0.3114241,0.218701095,0.270344288,0.08685446,0.023082942
28-08-2025 07:00,7,0.09741784,0.330203443,0.216353678,0.258215962,0.078638498,0.019170579
28-08-2025 08:00,8,0.122065728,0.362676056,0.20970266,0.222613459,0.069248826,0.013693271
28-08-2025 09:00,9,0.153364632,0.338028169,0.197574335,0.222222222,0.073552426,0.015258216
28-08-2025 10:00,10,0.156103286,0.297730829,0.207355243,0.249217527,0.075899844,0.012910798
28-08-2025 11:00,11,0.123239437,0.275039124,0.220657277,0.29342723,0.075117371,0.012519562
28-08-2025 12:00,12,0.098200313,0.248043818,0.205399061,0.347809077,0.087245696,0.012519562
28-08-2025 13:00,13,0.063771518,0.209311424,0.213223787,0.399843505,0.104068858,0.009780908
28-08-2025 14:00,14,0.052425665,0.167057903,0.185054773,0.460485133,0.123630673,0.011345853
28-08-2025 15:00,15,0.039906103,0.143192488,0.154147105,0.504303599,0.140062598,0.018388106
28-08-2025 16:00,16,0.041471049,0.121283255,0.148669797,0.511737089,0.157276995,0.019561815
28-08-2025 17:00,17,0.036776213,0.127543036,0.153364632,0.490610329,0.16627543,0.025039124
28-08-2025 18:00,18,0.045383412,0.160015649,0.175665102,0.460093897,0.142018779,0.016431925
28-08-2025 19:00,19,0.0614241,0.200704225,0.216744914,0.405320814,0.10172144,0.014084507
28-08-2025 20:00,20,0.096244131,0.254303599,0.246087637,0.327073552,0.064945227,0.011345853
28-08-2025 21:00,21,0.129890454,0.309859155,0.238654147,0.253912363,0.058685446,0.008607199
28-08-2025 22:00,22,0.143192488,0.329029734,0.223395931,0.231611894,0.064162754,0.008607199
28-08-2025 23:00,23,0.145539906,0.332550861,0.206181534,0.240610329,0.066510172,0.008607199
29-08-2025 00:00,0,0.143192488,0.323552426,0.205790297,0.246087637,0.068075117,0.012910798
29-08-2025 01:00,1,0.140453834,0.299687011,0.196400626,0.258607199,0.088028169,0.016823161
29-08-2025 02:00,2,0.131455399,0.299687011,0.198748044,0.25743349,0.092331768,0.019953052
29-08-2025 03:00,3,0.113067293,0.300469484,0.197965571,0.272300469,0.09428795,0.021517997
29-08-2025 04:00,4,0.106025039,0.291471049,0.207746479,0.274256651,0.099374022,0.021126761
29-08-2025 05:00,5,0.103286385,0.299295775,0.206964006,0.273474178,0.093505477,0.022691706
29-08-2025 06:00,6,0.089593114,0.3114241,0.218701095,0.270344288,0.08685446,0.023082942
29-08-2025 07:00,7,0.09741784,0.330203443,0.216353678,0.258215962,0.078638498,0.019170579
29-08-2025 08:00,8,0.122065728,0.362676056,0.20970266,0.222613459,0.069248826,0.013693271
29-08-2025 09:00,9,0.153364632,0.338028169,0.197574335,0.222222222,0.073552426,0.015258216
29-08-2025 10:00,10,0.156103286,0.297730829,0.207355243,0.249217527,0.075899844,0.012910798
29-08-2025 11:00,11,0.123239437,0.275039124,0.220657277,0.29342723,0.075117371,0.012519562
29-08-2025 12:00,12,0.098200313,0.248043818,0.205399061,0.347809077,0.087245696,0.012519562
29-08-2025 13:00,13,0.063771518,0.209311424,0.213223787,0.399843505,0.104068858,0.009780908
29-08-2025 14:00,14,0.052425665,0.167057903,0.185054773,0.460485133,0.123630673,0.011345853
29-08-2025 15:00,15,0.039906103,0.143192488,0.154147105,0.504303599,0.140062598,0.018388106
29-08-2025 16:00,16,0.041471049,0.121283255,0.148669797,0.511737089,0.157276995,0.019561815
29-08-2025 17:00,17,0.036776213,0.127543036,0.153364632,0.490610329,0.16627543,0.025039124
29-08-2025 18:00,18,0.045383412,0.160015649,0.175665102,0.460093897,0.142018779,0.016431925
29-08-2025 19:00,19,0.0614241,0.200704225,0.216744914,0.405320814,0.10172144,0.014084507
29-08-2025 20:00,20,0.096244131,0.254303599,0.246087637,0.327073552,0.064945227,0.011345853
29-08-2025 21:00,21,0.129890454,0.309859155,0.238654147,0.253912363,0.058685446,0.008607199
29-08-2025 22:00,22,0.143192488,0.329029734,0.223395931,0.231611894,0.064162754,0.008607199
29-08-2025 23:00,23,0.145539906,0.332550861,0.206181534,0.240610329,0.066510172,0.008607199
30-08-2025 00:00,0,0.143192488,0.323552426,0.205790297,0.246087637,0.068075117,0.012910798
30-08-2025 01:00,1,0.140453834,0.299687011,0.196400626,0.258607199,0.088028169,0.016823161
30-08-2025 02:00,2,0.131455399,0.299687011,0.198748044,0.25743349,0.092331768,0.019953052
30-08-2025 03:00,3,0.113067293,0.300469484,0.197965571,0.272300469,0.09428795,0.021517997
30-08-2025 04:00,4,0.106025039,0.291471049,0.207746479,0.274256651,0.099374022,0.021126761
30-08-2025 05:00,5,0.103286385,0.299295775,0.206964006,0.273474178,0.093505477,0.022691706
30-08-2025 06:00,6,0.089593114,0.3114241,0.218701095,0.270344288,0.08685446,0.023082942
30-08-2025 07:00,7,0.09741784,0.330203443,0.216353678,0.258215962,0.078638498,0.019170579
30-08-2025 08:00,8,0.122065728,0.362676056,0.20970266,0.222613459,0.069248826,0.013693271
30-08-2025 09:00,9,0.153364632,0.338028169,0.197574335,0.222222222,0.073552426,0.015258216
30-08-2025 10:00,10,0.156103286,0.297730829,0.207355243,0.249217527,0.075899844,0.012910798
30-08-2025 11:00,11,0.123239437,0.275039124,0.220657277,0.29342723,0.075117371,0.012519562
30-08-2025 12:00,12,0.098200313,0.248043818,0.205399061,0.347809077,0.087245696,0.012519562
30-08-2025 13:00,13,0.063771518,0.209311424,0.213223787,0.399843505,0.104068858,0.009780908
30-08-2025 14:00,14,0.052425665,0.167057903,0.185054773,0.460485133,0.123630673,0.011345853
30-08-2025 15:00,15,0.039906103,0.143192488,0.154147105,0.504303599,0.140062598,0.018388106
30-08-2025 16:00,16,0.041471049,0.121283255,0.148669797,0.511737089,0.157276995,0.019561815
30-08-2025 17:00,17,0.036776213,0.127543036,0.153364632,0.490610329,0.16627543,0.025039124
30-08-2025 18:00,18,0.045383412,0.160015649,0.175665102,0.460093897,0.142018779,0.016431925
30-08-2025 19:00,19,0.0614241,0.200704225,0.216744914,0.405320814,0.10172144,0.014084507
30-08-2025 20:00,20,0.096244131,0.254303599,0.246087637,0.327073552,0.064945227,0.011345853
30-08-2025 21:00,21,0.129890454,0.309859155,0.238654147,0.253912363,0.058685446,0.008607199
30-08-2025 22:00,22,0.143192488,0.329029734,0.223395931,0.231611894,0.064162754,0.008607199
30-08-2025 23:00,23,0.145539906,0.332550861,0.206181534,0.240610329,0.066510172,0.008607199
31-08-2025 00:00,0,0.143192488,0.323552426,0.205790297,0.246087637,0.068075117,0.012910798
31-08-2025 01:00,1,0.140453834,0.299687011,0.196400626,0.258607199,0.088028169,0.016823161
31-08-2025 02:00,2,0.131455399,0.299687011,0.198748044,0.25743349,0.092331768,0.019953052
31-08-2025 03:00,3,0.113067293,0.300469484,0.197965571,0.272300469,0.09428795,0.021517997
31-08-2025 04:00,4,0.106025039,0.291471049,0.207746479,0.274256651,0.099374022,0.021126761
31-08-2025 05:00,5,0.103286385,0.299295775,0.206964006,0.273474178,0.093505477,0.022691706
31-08-2025 06:00,6,0.089593114,0.3114241,0.218701095,0.270344288,0.08685446,0.023082942
31-08-2025 07:00,7,0.09741784,0.330203443,0.216353678,0.258215962,0.078638498,0.019170579
31-08-2025 08:00,8,0.122065728,0.362676056,0.20970266,0.222613459,0.069248826,0.013693271
31-08-2025 09:00,9,0.153364632,0.338028169,0.197574335,0.222222222,0.073552426,0.015258216
31-08-2025 10:00,10,0.156103286,0.297730829,0.207355243,0.249217527,0.075899844,0.012910798
31-08-2025 11:00,11,0.123239437,0.275039124,0.220657277,0.29342723,0.075117371,0.012519562
31-08-2025 12:00,12,0.098200313,0.248043818,0.205399061,0.347809077,0.087245696,0.012519562
31-08-2025 13:00,13,0.063771518,0.209311424,0.213223787,0.399843505,0.104068858,0.009780908
31-08-2025 14:00,14,0.052425665,0.167057903,0.185054773,0.460485133,0.123630673,0.011345853
31-08-2025 15:00,15,0.039906103,0.143192488,0.154147105,0.504303599,0.140062598,0.018388106
31-08-2025 16:00,16,0.041471049,0.121283255,0.148669797,0.511737089,0.157276995,0.019561815
31-08-2025 17:00,17,0.036776213,0.127543036,0.153364632,0.490610329,0.16627543,0.025039124
31-08-2025 18:00,18,0.045383412,0.160015649,0.175665102,0.460093897,0.142018779,0.016431925
31-08-2025 19:00,19,0.0614241,0.200704225,0.216744914,0.405320814,0.10172144,0.014084507
31-08-2025 20:00,20,0.096244131,0.254303599,0.246087637,0.327073552,0.064945227,0.011345853
31-08-2025 21:00,21,0.129890454,0.309859155,0.238654147,0.253912363,0.058685446,0.008607199
31-08-2025 22:00,22,0.143192488,0.329029734,0.223395931,0.231611894,0.064162754,0.008607199
31-08-2025 23:00,23,0.145539906,0.332550861,0.206181534,0.240610329,0.066510172,0.008607199
01-09-2025 00:00,0,0.143192488,0.323552426,0.205790297,0.246087637,0.068075117,0.012910798
01-09-2025 01:00,1,0.140453834,0.299687011,0.196400626,0.258607199,0.088028169,0.016823161
01-09-2025 02:00,2,0.131455399,0.299687011,0.198748044,0.25743349,0.092331768,0.019953052
01-09-2025 03:00,3,0.113067293,0.300469484,0.197965571,0.272300469,0.09428795,0.021517997
01-09-2025 04:00,4,0.106025039,0.291471049,0.207746479,0.274256651,0.099374022,0.021126761
01-09-2025 05:00,5,0.103286385,0.299295775,0.206964006,0.273474178,0.093505477,0.022691706
01-09-2025 06:00,6,0.089593114,0.3114241,0.218701095,0.270344288,0.08685446,0.023082942
01-09-2025 07:00,7,0.09741784,0.330203443,0.216353678,0.258215962,0.078638498,0.019170579
01-09-2025 08:00,8,0.122065728,0.362676056,0.20970266,0.222613459,0.069248826,0.013693271
01-09-2025 09:00,9,0.153364632,0.338028169,0.197574335,0.222222222,0.073552426,0.015258216
01-09-2025 10:00,10,0.156103286,0.297730829,0.207355243,0.249217527,0.075899844,0.012910798
01-09-2025 11:00,11,0.123239437,0.275039124,0.220657277,0.29342723,0.075117371,0.012519562
01-09-2025 12:00,12,0.098200313,0.248043818,0.205399061,0.347809077,0.087245696,0.012519562
01-09-2025 13:00,13,0.063771518,0.209311424,0.213223787,0.399843505,0.104068858,0.009780908
01-09-2025 14:00,14,0.052425665,0.167057903,0.185054773,0.460485133,0.123630673,0.011345853
01-09-2025 15:00,15,0.039906103,0.143192488,0.154147105,0.504303599,0.140062598,0.018388106
01-09-2025 16:00,16,0.041471049,0.121283255,0.148669797,0.511737089,0.157276995,0.019561815
01-09-2025 17:00,17,0.036776213,0.127543036,0.153364632,0.490610329,0.16627543,0.025039124
01-09-2025 18:00,18,0.045383412,0.160015649,0.175665102,0.460093897,0.142018779,0.016431925
01-09-2025 19:00,19,0.0614241,0.200704225,0.216744914,0.405320814,0.10172144,0.014084507
01-09-2025 20:00,20,0.096244131,0.254303599,0.246087637,0.327073552,0.064945227,0.011345853
01-09-2025 21:00,21,0.129890454,0.309859155,0.238654147,0.253912363,0.058685446,0.008607199
01-09-2025 22:00,22,0.143192488,0.329029734,0.223395931,0.231611894,0.064162754,0.008607199
01-09-2025 23:00,23,0.145539906,0.332550861,0.206181534,0.240610329,0.066510172,0.008607199
02-09-2025 00:00,0,0.143192488,0.323552426,0.205790297,0.246087637,0.068075117,0.012910798
02-09-2025 01:00,1,0.140453834,0.299687011,0.196400626,0.258607199,0.088028169,0.016823161
02-09-2025 02:00,2,0.131455399,0.299687011,0.198748044,0.25743349,0.092331768,0.019953052
02-09-2025 03:00,3,0.113067293,0.300469484,0.197965571,0.272300469,0.09428795,0.021517997
02-09-2025 04:00,4,0.106025039,0.291471049,0.207746479,0.274256651,0.099374022,0.021126761
02-09-2025 05:00,5,0.103286385,0.299295775,0.206964006,0.273474178,0.093505477,0.022691706
02-09-2025 06:00,6,0.089593114,0.3114241,0.218701095,0.270344288,0.08685446,0.023082942
02-09-2025 07:00,7,0.09741784,0.330203443,0.216353678,0.258215962,0.078638498,0.019170579
02-09-2025 08:00,8,0.122065728,0.362676056,0.20970266,0.222613459,0.069248826,0.013693271
02-09-2025 09:00,9,0.153364632,0.338028169,0.197574335,0.222222222,0.073552426,0.015258216
02-09-2025 10:00,10,0.156103286,0.297730829,0.207355243,0.249217527,0.075899844,0.012910798
02-09-2025 11:00,11,0.123239437,0.275039124,0.220657277,0.29342723,0.075117371,0.012519562
02-09-2025 12:00,12,0.098200313,0.248043818,0.205399061,0.347809077,0.087245696,0.012519562
02-09-2025 13:00,13,0.063771518,0.209311424,0.213223787,0.399843505,0.104068858,0.009780908
02-09-2025 14:00,14,0.052425665,0.167057903,0.185054773,0.460485133,0.123630673,0.011345853
02-09-2025 15:00,15,0.039906103,0.143192488,0.154147105,0.504303599,0.140062598,0.018388106
02-09-2025 16:00,16,0.041471049,0.121283255,0.148669797,0.511737089,0.157276995,0.019561815
02-09-2025 17:00,17,0.036776213,0.127543036,0.153364632,0.490610329,0.16627543,0.025039124
02-09-2025 18:00,18,0.045383412,0.160015649,0.175665102,0.460093897,0.142018779,0.016431925
02-09-2025 19:00,19,0.0614241,0.200704225,0.216744914,0.405320814,0.10172144,0.014084507
02-09-2025 20:00,20,0.096244131,0.254303599,0.246087637,0.327073552,0.064945227,0.011345853
02-09-2025 21:00,21,0.129890454,0.309859155,0.238654147,0.253912363,0.058685446,0.008607199
02-09-2025 22:00,22,0.143192488,0.329029734,0.223395931,0.231611894,0.064162754,0.008607199
02-09-2025 23:00,23,0.145539906,0.332550861,0.206181534,0.240610329,0.066510172,0.008607199
03-09-2025 00:00,0,0.143192488,0.323552426,0.205790297,0.246087637,0.068075117,0.012910798
03-09-2025 01:00,1,0.140453834,0.299687011,0.196400626,0.258607199,0.088028169,0.016823161
03-09-2025 02:00,2,0.131455399,0.299687011,0.198748044,0.25743349,0.092331768,0.019953052
03-09-2025 03:00,3,0.113067293,0.300469484,0.197965571,0.272300469,0.09428795,0.021517997
03-09-2025 04:00,4,0.106025039,0.291471049,0.207746479,0.274256651,0.099374022,0.021126761
03-09-2025 05:00,5,0.103286385,0.299295775,0.206964006,0.273474178,0.093505477,0.022691706
03-09-2025 06:00,6,0.089593114,0.3114241,0.218701095,0.270344288,0.08685446,0.023082942
03-09-2025 07:00,7,0.09741784,0.330203443,0.216353678,0.258215962,0.078638498,0.019170579
03-09-2025 08:00,8,0.122065728,0.362676056,0.20970266,0.222613459,0.069248826,0.013693271
03-09-2025 09:00,9,0.153364632,0.338028169,0.197574335,0.222222222,0.073552426,0.015258216
03-09-2025 10:00,10,0.156103286,0.297730829,0.207355243,0.249217527,0.075899844,0.012910798
03-09-2025 11:00,11,0.123239437,0.275039124,0.220657277,0.29342723,0.075117371,0.012519562
03-09-2025 12:00,12,0.098200313,0.248043818,0.205399061,0.347809077,0.087245696,0.012519562
03-09-2025 13:00,13,0.063771518,0.209311424,0.213223787,0.399843505,0.104068858,0.009780908
03-09-2025 14:00,14,0.052425665,0.167057903,0.185054773,0.460485133,0.123630673,0.011345853
03-09-2025 15:00,15,0.039906103,0.143192488,0.154147105,0.504303599,0.140062598,0.018388106
03-09-2025 16:00,16,0.041471049,0.121283255,0.148669797,0.511737089,0.157276995,0.019561815
03-09-2025 17:00,17,0.036776213,0.127543036,0.153364632,0.490610329,0.16627543,0.025039124
03-09-2025 18:00,18,0.045383412,0.160015649,0.175665102,0.460093897,0.142018779,0.016431925
03-09-2025 19:00,19,0.0614241,0.200704225,0.216744914,0.405320814,0.10172144,0.014084507
03-09-2025 20:00,20,0.096244131,0.254303599,0.246087637,0.327073552,0.064945227,0.011345853
03-09-2025 21:00,21,0.129890454,0.309859155,0.238654147,0.253912363,0.058685446,0.008607199
03-09-2025 22:00,22,0.143192488,0.329029734,0.223395931,0.231611894,0.064162754,0.008607199
03-09-2025 23:00,23,0.145539906,0.332550861,0.206181534,0.240610329,0.066510172,0.008607199
04-09-2025 00:00,0,0.143192488,0.323552426,0.205790297,0.246087637,0.068075117,0.012910798
04-09-2025 01:00,1,0.140453834,0.299687011,0.196400626,0.258607199,0.088028169,0.016823161
04-09-2025 02:00,2,0.131455399,0.299687011,0.198748044,0.25743349,0.092331768,0.019953052
04-09-2025 03:00,3,0.113067293,0.300469484,0.197965571,0.272300469,0.09428795,0.021517997
04-09-2025 04:00,4,0.106025039,0.291471049,0.207746479,0.274256651,0.099374022,0.021126761
04-09-2025 05:00,5,0.103286385,0.299295775,0.206964006,0.273474178,0.093505477,0.022691706
04-09-2025 06:00,6,0.089593114,0.3114241,0.218701095,0.270344288,0.08685446,0.023082942
04-09-2025 07:00,7,0.09741784,0.330203443,0.216353678,0.258215962,0.078638498,0.019170579
04-09-2025 08:00,8,0.122065728,0.362676056,0.20970266,0.222613459,0.069248826,0.013693271
04-09-2025 09:00,9,0.153364632,0.338028169,0.197574335,0.222222222,0.073552426,0.015258216
04-09-2025 10:00,10,0.156103286,0.297730829,0.207355243,0.249217527,0.075899844,0.012910798
04-09-2025 11:00,11,0.123239437,0.275039124,0.220657277,0.29342723,0.075117371,0.012519562
04-09-2025 12:00,12,0.098200313,0.248043818,0.205399061,0.347809077,0.087245696,0.012519562
04-09-2025 13:00,13,0.063771518,0.209311424,0.213223787,0.399843505,0.104068858,0.009780908
04-09-2025 14:00,14,0.052425665,0.167057903,0.185054773,0.460485133,0.123630673,0.011345853
04-09-2025 15:00,15,0.039906103,0.143192488,0.154147105,0.504303599,0.140062598,0.018388106
04-09-2025 16:00,16,0.041471049,0.121283255,0.148669797,0.511737089,0.157276995,0.019561815
04-09-2025 17:00,17,0.036776213,0.127543036,0.153364632,0.490610329,0.16627543,0.025039124
04-09-2025 18:00,18,0.045383412,0.160015649,0.175665102,0.460093897,0.142018779,0.016431925
04-09-2025 19:00,19,0.0614241,0.200704225,0.216744914,0.405320814,0.10172144,0.014084507
04-09-2025 20:00,20,0.096244131,0.254303599,0.246087637,0.327073552,0.064945227,0.011345853
04-09-2025 21:00,21,0.129890454,0.309859155,0.238654147,0.253912363,0.058685446,0.008607199
04-09-2025 22:00,22,0.143192488,0.329029734,0.223395931,0.231611894,0.064162754,0.008607199
04-09-2025 23:00,23,0.145539906,0.332550861,0.206181534,0.240610329,0.066510172,0.008607199
05-09-2025 00:00,0,0.143192488,0.323552426,0.205790297,0.246087637,0.068075117,0.012910798
05-09-2025 01:00,1,0.140453834,0.299687011,0.196400626,0.258607199,0.088028169,0.016823161
05-09-2025 02:00,2,0.131455399,0.299687011,0.198748044,0.25743349,0.092331768,0.019953052
05-09-2025 03:00,3,0.113067293,0.300469484,0.197965571,0.272300469,0.09428795,0.021517997
05-09-2025 04:00,4,0.106025039,0.291471049,0.207746479,0.274256651,0.099374022,0.021126761
05-09-2025 05:00,5,0.103286385,0.299295775,0.206964006,0.273474178,0.093505477,0.022691706
05-09-2025 06:00,6,0.089593114,0.3114241,0.218701095,0.270344288,0.08685446,0.023082942
05-09-2025 07:00,7,0.09741784,0.330203443,0.216353678,0.258215962,0.078638498,0.019170579
05-09-2025 08:00,8,0.122065728,0.362676056,0.20970266,0.222613459,0.069248826,0.013693271
05-09-2025 09:00,9,0.153364632,0.338028169,0.197574335,0.222222222,0.073552426,0.015258216
05-09-2025 10:00,10,0.156103286,0.297730829,0.207355243,0.249217527,0.075899844,0.012910798
05-09-2025 11:00,11,0.123239437,0.275039124,0.220657277,0.29342723,0.075117371,0.012519562
05-09-2025 12:00,12,0.098200313,0.248043818,0.205399061,0.347809077,0.087245696,0.012519562
05-09-2025 13:00,13,0.063771518,0.209311424,0.213223787,0.399843505,0.104068858,0.009780908
05-09-2025 14:00,14,0.052425665,0.167057903,0.185054773,0.460485133,0.123630673,0.011345853
05-09-2025 15:00,15,0.039906103,0.143192488,0.154147105,0.504303599,0.140062598,0.018388106
05-09-2025 16:00,16,0.041471049,0.121283255,0.148669797,0.511737089,0.157276995,0.019561815
05-09-2025 17:00,17,0.036776213,0.127543036,0.153364632,0.490610329,0.16627543,0.025039124
05-09-2025 18:00,18,0.045383412,0.160015649,0.175665102,0.460093897,0.142018779,0.016431925
05-09-2025 19:00,19,0.0614241,0.200704225,0.216744914,0.405320814,0.10172144,0.014084507
05-09-2025 20:00,20,0.096244131,0.254303599,0.246087637,0.327073552,0.064945227,0.011345853
05-09-2025 21:00,21,0.129890454,0.309859155,0.238654147,0.253912363,0.058685446,0.008607199
05-09-2025 22:00,22,0.143192488,0.329029734,0.223395931,0.231611894,0.064162754,0.008607199
05-09-2025 23:00,23,0.145539906,0.332550861,0.206181534,0.240610329,0.066510172,0.008607199
06-09-2025 00:00,0,0.143192488,0.323552426,0.205790297,0.246087637,0.068075117,0.012910798
06-09-2025 01:00,1,0.140453834,0.299687011,0.196400626,0.258607199,0.088028169,0.016823161
06-09-2025 02:00,2,0.131455399,0.299687011,0.198748044,0.25743349,0.092331768,0.019953052
06-09-2025 03:00,3,0.113067293,0.300469484,0.197965571,0.272300469,0.09428795,0.021517997
06-09-2025 04:00,4,0.106025039,0.291471049,0.207746479,0.274256651,0.099374022,0.021126761
06-09-2025 05:00,5,0.103286385,0.299295775,0.206964006,0.273474178,0.093505477,0.022691706
06-09-2025 06:00,6,0.089593114,0.3114241,0.218701095,0.270344288,0.08685446,0.023082942
06-09-2025 07:00,7,0.09741784,0.330203443,0.216353678,0.258215962,0.078638498,0.019170579
06-09-2025 08:00,8,0.122065728,0.362676056,0.20970266,0.222613459,0.069248826,0.013693271
06-09-2025 09:00,9,0.153364632,0.338028169,0.197574335,0.222222222,0.073552426,0.015258216
06-09-2025 10:00,10,0.156103286,0.297730829,0.207355243,0.249217527,0.075899844,0.012910798
06-09-2025 11:00,11,0.123239437,0.275039124,0.220657277,0.29342723,0.075117371,0.012519562
06-09-2025 12:00,12,0.098200313,0.248043818,0.205399061,0.347809077,0.087245696,0.012519562
06-09-2025 13:00,13,0.063771518,0.209311424,0.213223787,0.399843505,0.104068858,0.009780908
06-09-2025 14:00,14,0.052425665,0.167057903,0.185054773,0.460485133,0.123630673,0.011345853
06-09-2025 15:00,15,0.039906103,0.143192488,0.154147105,0.504303599,0.140062598,0.018388106
06-09-2025 16:00,16,0.041471049,0.121283255,0.148669797,0.511737089,0.157276995,0.019561815
06-09-2025 17:00,17,0.036776213,0.127543036,0.153364632,0.490610329,0.16627543,0.025039124
06-09-2025 18:00,18,0.045383412,0.160015649,0.175665102,0.460093897,0.142018779,0.016431925
06-09-2025 19:00,19,0.0614241,0.200704225,0.216744914,0.405320814,0.10172144,0.014084507
06-09-2025 20:00,20,0.096244131,0.254303599,0.246087637,0.327073552,0.064945227,0.011345853
06-09-2025 21:00,21,0.129890454,0.309859155,0.238654147,0.253912363,0.058685446,0.008607199
06-09-2025 22:00,22,0.143192488,0.329029734,0.223395931,0.231611894,0.064162754,0.008607199
06-09-2025 23:00,23,0.145539906,0.332550861,0.206181534,0.240610329,0.066510172,0.008607199
07-09-2025 00:00,0,0.143192488,0.323552426,0.205790297,0.246087637,0.068075117,0.012910798
07-09-2025 01:00,1,0.140453834,0.299687011,0.196400626,0.258607199,0.088028169,0.016823161
07-09-2025 02:00,2,0.131455399,0.299687011,0.198748044,0.25743349,0.092331768,0.019953052
07-09-2025 03:00,3,0.113067293,0.300469484,0.197965571,0.272300469,0.09428795,0.021517997
07-09-2025 04:00,4,0.106025039,0.291471049,0.207746479,0.274256651,0.099374022,0.021126761
07-09-2025 05:00,5,0.103286385,0.299295775,0.206964006,0.273474178,0.093505477,0.022691706
07-09-2025 06:00,6,0.089593114,0.3114241,0.218701095,0.270344288,0.08685446,0.023082942
07-09-2025 07:00,7,0.09741784,0.330203443,0.216353678,0.258215962,0.078638498,0.019170579
07-09-2025 08:00,8,0.122065728,0.362676056,0.20970266,0.222613459,0.069248826,0.013693271
07-09-2025 09:00,9,0.153364632,0.338028169,0.197574335,0.222222222,0.073552426,0.015258216
07-09-2025 10:00,10,0.156103286,0.297730829,0.207355243,0.249217527,0.075899844,0.012910798
07-09-2025 11:00,11,0.123239437,0.275039124,0.220657277,0.29342723,0.075117371,0.012519562
07-09-2025 12:00,12,0.098200313,0.248043818,0.205399061,0.347809077,0.087245696,0.012519562
07-09-2025 13:00,13,0.063771518,0.209311424,0.213223787,0.399843505,0.104068858,0.009780908
07-09-2025 14:00,14,0.052425665,0.167057903,0.185054773,0.460485133,0.123630673,0.011345853
07-09-2025 15:00,15,0.039906103,0.143192488,0.154147105,0.504303599,0.140062598,0.018388106
07-09-2025 16:00,16,0.041471049,0.121283255,0.148669797,0.511737089,0.157276995,0.019561815
07-09-2025 17:00,17,0.036776213,0.127543036,0.153364632,0.490610329,0.16627543,0.025039124
07-09-2025 18:00,18,0.045383412,0.160015649,0.175665102,0.460093897,0.142018779,0.016431925
07-09-2025 19:00,19,0.0614241,0.200704225,0.216744914,0.405320814,0.10172144,0.014084507
07-09-2025 20:00,20,0.096244131,0.254303599,0.246087637,0.327073552,0.064945227,0.011345853
07-09-2025 21:00,21,0.129890454,0.309859155,0.238654147,0.253912363,0.058685446,0.008607199
07-09-2025 22:00,22,0.143192488,0.329029734,0.223395931,0.231611894,0.064162754,0.008607199
07-09-2025 23:00,23,0.145539906,0.332550861,0.206181534,0.240610329,0.066510172,0.008607199
08-09-2025 00:00,0,0.143192488,0.323552426,0.205790297,0.246087637,0.068075117,0.012910798
08-09-2025 01:00,1,0.140453834,0.299687011,0.196400626,0.258607199,0.088028169,0.016823161
08-09-2025 02:00,2,0.131455399,0.299687011,0.198748044,0.25743349,0.092331768,0.019953052
08-09-2025 03:00,3,0.113067293,0.300469484,0.197965571,0.272300469,0.09428795,0.021517997
08-09-2025 04:00,4,0.106025039,0.291471049,0.207746479,0.274256651,0.099374022,0.021126761
08-09-2025 05:00,5,0.103286385,0.299295775,0.206964006,0.273474178,0.093505477,0.022691706
08-09-2025 06:00,6,0.089593114,0.3114241,0.218701095,0.270344288,0.08685446,0.023082942
08-09-2025 07:00,7,0.09741784,0.330203443,0.216353678,0.258215962,0.078638498,0.019170579
08-09-2025 08:00,8,0.122065728,0.362676056,0.20970266,0.222613459,0.069248826,0.013693271
08-09-2025 09:00,9,0.153364632,0.338028169,0.197574335,0.222222222,0.073552426,0.015258216
08-09-2025 10:00,10,0.156103286,0.297730829,0.207355243,0.249217527,0.075899844,0.012910798
08-09-2025 11:00,11,0.123239437,0.275039124,0.220657277,0.29342723,0.075117371,0.012519562
08-09-2025 12:00,12,0.098200313,0.248043818,0.205399061,0.347809077,0.087245696,0.012519562
08-09-2025 13:00,13,0.063771518,0.209311424,0.213223787,0.399843505,0.104068858,0.009780908
08-09-2025 14:00,14,0.052425665,0.167057903,0.185054773,0.460485133,0.123630673,0.011345853
08-09-2025 15:00,15,0.039906103,0.143192488,0.154147105,0.504303599,0.140062598,0.018388106
08-09-2025 16:00,16,0.041471049,0.121283255,0.148669797,0.511737089,0.157276995,0.019561815
08-09-2025 17:00,17,0.036776213,0.127543036,0.153364632,0.490610329,0.16627543,0.025039124
08-09-2025 18:00,18,0.045383412,0.160015649,0.175665102,0.460093897,0.142018779,0.016431925
08-09-2025 19:00,19,0.0614241,0.200704225,0.216744914,0.405320814,0.10172144,0.014084507
08-09-2025 20:00,20,0.096244131,0.254303599,0.246087637,0.327073552,0.064945227,0.011345853
08-09-2025 21:00,21,0.129890454,0.309859155,0.238654147,0.253912363,0.058685446,0.008607199
08-09-2025 22:00,22,0.143192488,0.329029734,0.223395931,0.231611894,0.064162754,0.008607199
08-09-2025 23:00,23,0.145539906,0.332550861,0.206181534,0.240610329,0.066510172,0.008607199
09-09-2025 00:00,0,0.143192488,0.323552426,0.205790297,0.246087637,0.068075117,0.012910798
09-09-2025 01:00,1,0.140453834,0.299687011,0.196400626,0.258607199,0.088028169,0.016823161
09-09-2025 02:00,2,0.131455399,0.299687011,0.198748044,0.25743349,0.092331768,0.019953052
09-09-2025 03:00,3,0.113067293,0.300469484,0.197965571,0.272300469,0.09428795,0.021517997
09-09-2025 04:00,4,0.106025039,0.291471049,0.207746479,0.274256651,0.099374022,0.021126761
09-09-2025 05:00,5,0.103286385,0.299295775,0.206964006,0.273474178,0.093505477,0.022691706
09-09-2025 06:00,6,0.089593114,0.3114241,0.218701095,0.270344288,0.08685446,0.023082942
09-09-2025 07:00,7,0.09741784,0.330203443,0.216353678,0.258215962,0.078638498,0.019170579
09-09-2025 08:00,8,0.122065728,0.362676056,0.20970266,0.222613459,0.069248826,0.013693271
09-09-2025 09:00,9,0.153364632,0.338028169,0.197574335,0.222222222,0.073552426,0.015258216
09-09-2025 10:00,10,0.156103286,0.297730829,0.207355243,0.249217527,0.075899844,0.012910798
09-09-2025 11:00,11,0.123239437,0.275039124,0.220657277,0.29342723,0.075117371,0.012519562
09-09-2025 12:00,12,0.098200313,0.248043818,0.205399061,0.347809077,0.087245696,0.012519562
09-09-2025 13:00,13,0.063771518,0.209311424,0.213223787,0.399843505,0.104068858,0.009780908
09-09-2025 14:00,14,0.052425665,0.167057903,0.185054773,0.460485133,0.123630673,0.011345853
09-09-2025 15:00,15,0.039906103,0.143192488,0.154147105,0.504303599,0.140062598,0.018388106
09-09-2025 16:00,16,0.041471049,0.121283255,0.148669797,0.511737089,0.157276995,0.019561815
09-09-2025 17:00,17,0.036776213,0.127543036,0.153364632,0.490610329,0.16627543,0.025039124
09-09-2025 18:00,18,0.045383412,0.160015649,0.175665102,0.460093897,0.142018779,0.016431925
09-09-2025 19:00,19,0.0614241,0.200704225,0.216744914,0.405320814,0.10172144,0.014084507
09-09-2025 20:00,20,0.096244131,0.254303599,0.246087637,0.327073552,0.064945227,0.011345853
09-09-2025 21:00,21,0.129890454,0.309859155,0.238654147,0.253912363,0.058685446,0.008607199
09-09-2025 22:00,22,0.143192488,0.329029734,0.223395931,0.231611894,0.064162754,0.008607199
09-09-2025 23:00,23,0.145539906,0.332550861,0.206181534,0.240610329,0.066510172,0.008607199
10-09-2025 00:00,0,0.143192488,0.323552426,0.205790297,0.246087637,0.068075117,0.012910798
10-09-2025 01:00,1,0.140453834,0.299687011,0.196400626,0.258607199,0.088028169,0.016823161
10-09-2025 02:00,2,0.131455399,0.299687011,0.198748044,0.25743349,0.092331768,0.019953052
10-09-2025 03:00,3,0.113067293,0.300469484,0.197965571,0.272300469,0.09428795,0.021517997
10-09-2025 04:00,4,0.106025039,0.291471049,0.207746479,0.274256651,0.099374022,0.021126761
10-09-2025 05:00,5,0.103286385,0.299295775,0.206964006,0.273474178,0.093505477,0.022691706
10-09-2025 06:00,6,0.089593114,0.3114241,0.218701095,0.270344288,0.08685446,0.023082942
10-09-2025 07:00,7,0.09741784,0.330203443,0.216353678,0.258215962,0.078638498,0.019170579
10-09-2025 08:00,8,0.122065728,0.362676056,0.20970266,0.222613459,0.069248826,0.013693271
10-09-2025 09:00,9,0.153364632,0.338028169,0.197574335,0.222222222,0.073552426,0.015258216
10-09-2025 10:00,10,0.156103286,0.297730829,0.207355243,0.249217527,0.075899844,0.012910798
10-09-2025 11:00,11,0.123239437,0.275039124,0.220657277,0.29342723,0.075117371,0.012519562
10-09-2025 12:00,12,0.098200313,0.248043818,0.205399061,0.347809077,0.087245696,0.012519562
10-09-2025 13:00,13,0.063771518,0.209311424,0.213223787,0.399843505,0.104068858,0.009780908
10-09-2025 14:00,14,0.052425665,0.167057903,0.185054773,0.460485133,0.123630673,0.011345853
10-09-2025 15:00,15,0.039906103,0.143192488,0.154147105,0.504303599,0.140062598,0.018388106
10-09-2025 16:00,16,0.041471049,0.121283255,0.148669797,0.511737089,0.157276995,0.019561815
10-09-2025 17:00,17,0.036776213,0.127543036,0.153364632,0.490610329,0.16627543,0.025039124
10-09-2025 18:00,18,0.045383412,0.160015649,0.175665102,0.460093897,0.142018779,0.016431925
10-09-2025 19:00,19,0.0614241,0.200704225,0.216744914,0.405320814,0.10172144,0.014084507
10-09-2025 20:00,20,0.096244131,0.254303599,0.246087637,0.327073552,0.064945227,0.011345853
10-09-2025 21:00,21,0.129890454,0.309859155,0.238654147,0.253912363,0.058685446,0.008607199
10-09-2025 22:00,22,0.143192488,0.329029734,0.223395931,0.231611894,0.064162754,0.008607199
10-09-2025 23:00,23,0.145539906,0.332550861,0.206181534,0.240610329,0.066510172,0.008607199
11-09-2025 00:00,0,0.143192488,0.323552426,0.205790297,0.246087637,0.068075117,0.012910798
11-09-2025 01:00,1,0.140453834,0.299687011,0.196400626,0.258607199,0.088028169,0.016823161
11-09-2025 02:00,2,0.131455399,0.299687011,0.198748044,0.25743349,0.092331768,0.019953052
11-09-2025 03:00,3,0.113067293,0.300469484,0.197965571,0.272300469,0.09428795,0.021517997
11-09-2025 04:00,4,0.106025039,0.291471049,0.207746479,0.274256651,0.099374022,0.021126761
11-09-2025 05:00,5,0.103286385,0.299295775,0.206964006,0.273474178,0.093505477,0.022691706
11-09-2025 06:00,6,0.089593114,0.3114241,0.218701095,0.270344288,0.08685446,0.023082942
11-09-2025 07:00,7,0.09741784,0.330203443,0.216353678,0.258215962,0.078638498,0.019170579
11-09-2025 08:00,8,0.122065728,0.362676056,0.20970266,0.222613459,0.069248826,0.013693271
11-09-2025 09:00,9,0.153364632,0.338028169,0.197574335,0.222222222,0.073552426,0.015258216
11-09-2025 10:00,10,0.156103286,0.297730829,0.207355243,0.249217527,0.075899844,0.012910798
11-09-2025 11:00,11,0.123239437,0.275039124,0.220657277,0.29342723,0.075117371,0.012519562
11-09-2025 12:00,12,0.098200313,0.248043818,0.205399061,0.347809077,0.087245696,0.012519562
11-09-2025 13:00,13,0.063771518,0.209311424,0.213223787,0.399843505,0.104068858,0.009780908
11-09-2025 14:00,14,0.052425665,0.167057903,0.185054773,0.460485133,0.123630673,0.011345853
11-09-2025 15:00,15,0.039906103,0.143192488,0.154147105,0.504303599,0.140062598,0.018388106
11-09-2025 16:00,16,0.041471049,0.121283255,0.148669797,0.511737089,0.157276995,0.019561815
11-09-2025 17:00,17,0.036776213,0.127543036,0.153364632,0.490610329,0.16627543,0.025039124
11-09-2025 18:00,18,0.045383412,0.160015649,0.175665102,0.460093897,0.142018779,0.016431925
11-09-2025 19:00,19,0.0614241,0.200704225,0.216744914,0.405320814,0.10172144,0.014084507
11-09-2025 20:00,20,0.096244131,0.254303599,0.246087637,0.327073552,0.064945227,0.011345853
11-09-2025 21:00,21,0.129890454,0.309859155,0.238654147,0.253912363,0.058685446,0.008607199
11-09-2025 22:00,22,0.143192488,0.329029734,0.223395931,0.231611894,0.064162754,0.008607199
11-09-2025 23:00,23,0.145539906,0.332550861,0.206181534,0.240610329,0.066510172,0.008607199
12-09-2025 00:00,0,0.143192488,0.323552426,0.205790297,0.246087637,0.068075117,0.012910798
12-09-2025 01:00,1,0.140453834,0.299687011,0.196400626,0.258607199,0.088028169,0.016823161
12-09-2025 02:00,2,0.131455399,0.299687011,0.198748044,0.25743349,0.092331768,0.019953052
12-09-2025 03:00,3,0.113067293,0.300469484,0.197965571,0.272300469,0.09428795,0.021517997
12-09-2025 04:00,4,0.106025039,0.291471049,0.207746479,0.274256651,0.099374022,0.021126761
12-09-2025 05:00,5,0.103286385,0.299295775,0.206964006,0.273474178,0.093505477,0.022691706
12-09-2025 06:00,6,0.089593114,0.3114241,0.218701095,0.270344288,0.08685446,0.023082942
12-09-2025 07:00,7,0.09741784,0.330203443,0.216353678,0.258215962,0.078638498,0.019170579
12-09-2025 08:00,8,0.122065728,0.362676056,0.20970266,0.222613459,0.069248826,0.013693271
12-09-2025 09:00,9,0.153364632,0.338028169,0.197574335,0.222222222,0.073552426,0.015258216
12-09-2025 10:00,10,0.156103286,0.297730829,0.207355243,0.249217527,0.075899844,0.012910798
12-09-2025 11:00,11,0.123239437,0.275039124,0.220657277,0.29342723,0.075117371,0.012519562
12-09-2025 12:00,12,0.098200313,0.248043818,0.205399061,0.347809077,0.087245696,0.012519562
12-09-2025 13:00,13,0.063771518,0.209311424,0.213223787,0.399843505,0.104068858,0.009780908
12-09-2025 14:00,14,0.052425665,0.167057903,0.185054773,0.460485133,0.123630673,0.011345853
12-09-2025 15:00,15,0.039906103,0.143192488,0.154147105,0.504303599,0.140062598,0.018388106
12-09-2025 16:00,16,0.041471049,0.121283255,0.148669797,0.511737089,0.157276995,0.019561815
12-09-2025 17:00,17,0.036776213,0.127543036,0.153364632,0.490610329,0.16627543,0.025039124
12-09-2025 18:00,18,0.045383412,0.160015649,0.175665102,0.460093897,0.142018779,0.016431925
12-09-2025 19:00,19,0.0614241,0.200704225,0.216744914,0.405320814,0.10172144,0.014084507
12-09-2025 20:00,20,0.096244131,0.254303599,0.246087637,0.327073552,0.064945227,0.011345853
12-09-2025 21:00,21,0.129890454,0.309859155,0.238654147,0.253912363,0.058685446,0.008607199
12-09-2025 22:00,22,0.143192488,0.329029734,0.223395931,0.231611894,0.064162754,0.008607199
12-09-2025 23:00,23,0.145539906,0.332550861,0.206181534,0.240610329,0.066510172,0.008607199
13-09-2025 00:00,0,0.143192488,0.323552426,0.205790297,0.246087637,0.068075117,0.012910798
13-09-2025 01:00,1,0.140453834,0.299687011,0.196400626,0.258607199,0.088028169,0.016823161
13-09-2025 02:00,2,0.131455399,0.299687011,0.198748044,0.25743349,0.092331768,0.019953052
13-09-2025 03:00,3,0.113067293,0.300469484,0.197965571,0.272300469,0.09428795,0.021517997
13-09-2025 04:00,4,0.106025039,0.291471049,0.207746479,0.274256651,0.099374022,0.021126761
13-09-2025 05:00,5,0.103286385,0.299295775,0.206964006,0.273474178,0.093505477,0.022691706
13-09-2025 06:00,6,0.089593114,0.3114241,0.218701095,0.270344288,0.08685446,0.023082942
13-09-2025 07:00,7,0.09741784,0.330203443,0.216353678,0.258215962,0.078638498,0.019170579
13-09-2025 08:00,8,0.122065728,0.362676056,0.20970266,0.222613459,0.069248826,0.013693271
13-09-2025 09:00,9,0.153364632,0.338028169,0.197574335,0.222222222,0.073552426,0.015258216
13-09-2025 10:00,10,0.156103286,0.297730829,0.207355243,0.249217527,0.075899844,0.012910798
13-09-2025 11:00,11,0.123239437,0.275039124,0.220657277,0.29342723,0.075117371,0.012519562
13-09-2025 12:00,12,0.098200313,0.248043818,0.205399061,0.347809077,0.087245696,0.012519562
13-09-2025 13:00,13,0.063771518,0.209311424,0.213223787,0.399843505,0.104068858,0.009780908
13-09-2025 14:00,14,0.052425665,0.167057903,0.185054773,0.460485133,0.123630673,0.011345853
13-09-2025 15:00,15,0.039906103,0.143192488,0.154147105,0.504303599,0.140062598,0.018388106
13-09-2025 16:00,16,0.041471049,0.121283255,0.148669797,0.511737089,0.157276995,0.019561815
13-09-2025 17:00,17,0.036776213,0.127543036,0.153364632,0.490610329,0.16627543,0.025039124
13-09-2025 18:00,18,0.045383412,0.160015649,0.175665102,0.460093897,0.142018779,0.016431925
13-09-2025 19:00,19,0.0614241,0.200704225,0.216744914,0.405320814,0.10172144,0.014084507
13-09-2025 20:00,20,0.096244131,0.254303599,0.246087637,0.327073552,0.064945227,0.011345853
13-09-2025 21:00,21,0.129890454,0.309859155,0.238654147,0.253912363,0.058685446,0.008607199
13-09-2025 22:00,22,0.143192488,0.329029734,0.223395931,0.231611894,0.064162754,0.008607199
13-09-2025 23:00,23,0.145539906,0.332550861,0.206181534,0.240610329,0.066510172,0.008607199
14-09-2025 00:00,0,0.143192488,0.323552426,0.205790297,0.246087637,0.068075117,0.012910798
14-09-2025 01:00,1,0.140453834,0.299687011,0.196400626,0.258607199,0.088028169,0.016823161
14-09-2025 02:00,2,0.131455399,0.299687011,0.198748044,0.25743349,0.092331768,0.019953052
14-09-2025 03:00,3,0.113067293,0.300469484,0.197965571,0.272300469,0.09428795,0.021517997
14-09-2025 04:00,4,0.106025039,0.291471049,0.207746479,0.274256651,0.099374022,0.021126761
14-09-2025 05:00,5,0.103286385,0.299295775,0.206964006,0.273474178,0.093505477,0.022691706
14-09-2025 06:00,6,0.089593114,0.3114241,0.218701095,0.270344288,0.08685446,0.023082942
14-09-2025 07:00,7,0.09741784,0.330203443,0.216353678,0.258215962,0.078638498,0.019170579
14-09-2025 08:00,8,0.122065728,0.362676056,0.20970266,0.222613459,0.069248826,0.013693271
14-09-2025 09:00,9,0.153364632,0.338028169,0.197574335,0.222222222,0.073552426,0.015258216
14-09-2025 10:00,10,0.156103286,0.297730829,0.207355243,0.249217527,0.075899844,0.012910798
14-09-2025 11:00,11,0.123239437,0.275039124,0.220657277,0.29342723,0.075117371,0.012519562
14-09-2025 12:00,12,0.098200313,0.248043818,0.205399061,0.347809077,0.087245696,0.012519562
14-09-2025 13:00,13,0.063771518,0.209311424,0.213223787,0.399843505,0.104068858,0.009780908
14-09-2025 14:00,14,0.052425665,0.167057903,0.185054773,0.460485133,0.123630673,0.011345853
14-09-2025 15:00,15,0.039906103,0.143192488,0.154147105,0.504303599,0.140062598,0.018388106
14-09-2025 16:00,16,0.041471049,0.121283255,0.148669797,0.511737089,0.157276995,0.019561815
14-09-2025 17:00,17,0.036776213,0.127543036,0.153364632,0.490610329,0.16627543,0.025039124
14-09-2025 18:00,18,0.045383412,0.160015649,0.175665102,0.460093897,0.142018779,0.016431925
14-09-2025 19:00,19,0.0614241,0.200704225,0.216744914,0.405320814,0.10172144,0.014084507
14-09-2025 20:00,20,0.096244131,0.254303599,0.246087637,0.327073552,0.064945227,0.011345853
14-09-2025 21:00,21,0.129890454,0.309859155,0.238654147,0.253912363,0.058685446,0.008607199
14-09-2025 22:00,22,0.143192488,0.329029734,0.223395931,0.231611894,0.064162754,0.008607199
14-09-2025 23:00,23,0.145539906,0.332550861,0.206181534,0.240610329,0.066510172,0.008607199
15-09-2025 00:00,0,0.143192488,0.323552426,0.205790297,0.246087637,0.068075117,0.012910798
15-09-2025 01:00,1,0.140453834,0.299687011,0.196400626,0.258607199,0.088028169,0.016823161
15-09-2025 02:00,2,0.131455399,0.299687011,0.198748044,0.25743349,0.092331768,0.019953052
15-09-2025 03:00,3,0.113067293,0.300469484,0.197965571,0.272300469,0.09428795,0.021517997
15-09-2025 04:00,4,0.106025039,0.291471049,0.207746479,0.274256651,0.099374022,0.021126761
15-09-2025 05:00,5,0.103286385,0.299295775,0.206964006,0.273474178,0.093505477,0.022691706
15-09-2025 06:00,6,0.089593114,0.3114241,0.218701095,0.270344288,0.08685446,0.023082942
15-09-2025 07:00,7,0.09741784,0.330203443,0.216353678,0.258215962,0.078638498,0.019170579
15-09-2025 08:00,8,0.122065728,0.362676056,0.20970266,0.222613459,0.069248826,0.013693271
15-09-2025 09:00,9,0.153364632,0.338028169,0.197574335,0.222222222,0.073552426,0.015258216
15-09-2025 10:00,10,0.156103286,0.297730829,0.207355243,0.249217527,0.075899844,0.012910798
15-09-2025 11:00,11,0.123239437,0.275039124,0.220657277,0.29342723,0.075117371,0.012519562
15-09-2025 12:00,12,0.098200313,0.248043818,0.205399061,0.347809077,0.087245696,0.012519562
15-09-2025 13:00,13,0.063771518,0.209311424,0.213223787,0.399843505,0.104068858,0.009780908
15-09-2025 14:00,14,0.052425665,0.167057903,0.185054773,0.460485133,0.123630673,0.011345853
15-09-2025 15:00,15,0.039906103,0.143192488,0.154147105,0.504303599,0.140062598,0.018388106
15-09-2025 16:00,16,0.041471049,0.121283255,0.148669797,0.511737089,0.157276995,0.019561815
15-09-2025 17:00,17,0.036776213,0.127543036,0.153364632,0.490610329,0.16627543,0.025039124
15-09-2025 18:00,18,0.045383412,0.160015649,0.175665102,0.460093897,0.142018779,0.016431925
15-09-2025 19:00,19,0.0614241,0.200704225,0.216744914,0.405320814,0.10172144,0.014084507
15-09-2025 20:00,20,0.096244131,0.254303599,0.246087637,0.327073552,0.064945227,0.011345853
15-09-2025 21:00,21,0.129890454,0.309859155,0.238654147,0.253912363,0.058685446,0.008607199
15-09-2025 22:00,22,0.143192488,0.329029734,0.223395931,0.231611894,0.064162754,0.008607199
15-09-2025 23:00,23,0.145539906,0.332550861,0.206181534,0.240610329,0.066510172,0.008607199
16-09-2025 00:00,0,0.143192488,0.323552426,0.205790297,0.246087637,0.068075117,0.012910798
16-09-2025 01:00,1,0.140453834,0.299687011,0.196400626,0.258607199,0.088028169,0.016823161
16-09-2025 02:00,2,0.131455399,0.299687011,0.198748044,0.25743349,0.092331768,0.019953052
16-09-2025 03:00,3,0.113067293,0.300469484,0.197965571,0.272300469,0.09428795,0.021517997
16-09-2025 04:00,4,0.106025039,0.291471049,0.207746479,0.274256651,0.099374022,0.021126761
16-09-2025 05:00,5,0.103286385,0.299295775,0.206964006,0.273474178,0.093505477,0.022691706
16-09-2025 06:00,6,0.089593114,0.3114241,0.218701095,0.270344288,0.08685446,0.023082942
16-09-2025 07:00,7,0.09741784,0.330203443,0.216353678,0.258215962,0.078638498,0.019170579
16-09-2025 08:00,8,0.122065728,0.362676056,0.20970266,0.222613459,0.069248826,0.013693271
16-09-2025 09:00,9,0.153364632,0.338028169,0.197574335,0.222222222,0.073552426,0.015258216
16-09-2025 10:00,10,0.156103286,0.297730829,0.207355243,0.249217527,0.075899844,0.012910798
16-09-2025 11:00,11,0.123239437,0.275039124,0.220657277,0.29342723,0.075117371,0.012519562
16-09-2025 12:00,12,0.098200313,0.248043818,0.205399061,0.347809077,0.087245696,0.012519562
16-09-2025 13:00,13,0.063771518,0.209311424,0.213223787,0.399843505,0.104068858,0.009780908
16-09-2025 14:00,14,0.052425665,0.167057903,0.185054773,0.460485133,0.123630673,0.011345853
16-09-2025 15:00,15,0.039906103,0.143192488,0.154147105,0.504303599,0.140062598,0.018388106
16-09-2025 16:00,16,0.041471049,0.121283255,0.148669797,0.511737089,0.157276995,0.019561815
16-09-2025 17:00,17,0.036776213,0.127543036,0.153364632,0.490610329,0.16627543,0.025039124
16-09-2025 18:00,18,0.045383412,0.160015649,0.175665102,0.460093897,0.142018779,0.016431925
16-09-2025 19:00,19,0.0614241,0.200704225,0.216744914,0.405320814,0.10172144,0.014084507
16-09-2025 20:00,20,0.096244131,0.254303599,0.246087637,0.327073552,0.064945227,0.011345853
16-09-2025 21:00,21,0.129890454,0.309859155,0.238654147,0.253912363,0.058685446,0.008607199
16-09-2025 22:00,22,0.143192488,0.329029734,0.223395931,0.231611894,0.064162754,0.008607199
16-09-2025 23:00,23,0.145539906,0.332550861,0.206181534,0.240610329,0.066510172,0.008607199
17-09-2025 00:00,0,0.143192488,0.323552426,0.205790297,0.246087637,0.068075117,0.012910798
17-09-2025 01:00,1,0.140453834,0.299687011,0.196400626,0.258607199,0.088028169,0.016823161
17-09-2025 02:00,2,0.131455399,0.299687011,0.198748044,0.25743349,0.092331768,0.019953052
17-09-2025 03:00,3,0.113067293,0.300469484,0.197965571,0.272300469,0.09428795,0.021517997
17-09-2025 04:00,4,0.106025039,0.291471049,0.207746479,0.274256651,0.099374022,0.021126761
17-09-2025 05:00,5,0.103286385,0.299295775,0.206964006,0.273474178,0.093505477,0.022691706
17-09-2025 06:00,6,0.089593114,0.3114241,0.218701095,0.270344288,0.08685446,0.023082942
17-09-2025 07:00,7,0.09741784,0.330203443,0.216353678,0.258215962,0.078638498,0.019170579
17-09-2025 08:00,8,0.122065728,0.362676056,0.20970266,0.222613459,0.069248826,0.013693271
17-09-2025 09:00,9,0.153364632,0.338028169,0.197574335,0.222222222,0.073552426,0.015258216
17-09-2025 10:00,10,0.156103286,0.297730829,0.207355243,0.249217527,0.075899844,0.012910798
17-09-2025 11:00,11,0.123239437,0.275039124,0.220657277,0.29342723,0.075117371,0.012519562
17-09-2025 12:00,12,0.098200313,0.248043818,0.205399061,0.347809077,0.087245696,0.012519562
17-09-2025 13:00,13,0.063771518,0.209311424,0.213223787,0.399843505,0.104068858,0.009780908
17-09-2025 14:00,14,0.052425665,0.167057903,0.185054773,0.460485133,0.123630673,0.011345853
17-09-2025 15:00,15,0.039906103,0.143192488,0.154147105,0.504303599,0.140062598,0.018388106
17-09-2025 16:00,16,0.041471049,0.121283255,0.148669797,0.511737089,0.157276995,0.019561815
17-09-2025 17:00,17,0.036776213,0.127543036,0.153364632,0.490610329,0.16627543,0.025039124
17-09-2025 18:00,18,0.045383412,0.160015649,0.175665102,0.460093897,0.142018779,0.016431925
17-09-2025 19:00,19,0.0614241,0.200704225,0.216744914,0.405320814,0.10172144,0.014084507
17-09-2025 20:00,20,0.096244131,0.254303599,0.246087637,0.327073552,0.064945227,0.011345853
17-09-2025 21:00,21,0.129890454,0.309859155,0.238654147,0.253912363,0.058685446,0.008607199
17-09-2025 22:00,22,0.143192488,0.329029734,0.223395931,0.231611894,0.064162754,0.008607199
17-09-2025 23:00,23,0.145539906,0.332550861,0.206181534,0.240610329,0.066510172,0.008607199
18-09-2025 00:00,0,0.143192488,0.323552426,0.205790297,0.246087637,0.068075117,0.012910798
18-09-2025 01:00,1,0.140453834,0.299687011,0.196400626,0.258607199,0.088028169,0.016823161
18-09-2025 02:00,2,0.131455399,0.299687011,0.198748044,0.25743349,0.092331768,0.019953052
18-09-2025 03:00,3,0.113067293,0.300469484,0.197965571,0.272300469,0.09428795,0.021517997
18-09-2025 04:00,4,0.106025039,0.291471049,0.207746479,0.274256651,0.099374022,0.021126761
18-09-2025 05:00,5,0.103286385,0.299295775,0.206964006,0.273474178,0.093505477,0.022691706
18-09-2025 06:00,6,0.089593114,0.3114241,0.218701095,0.270344288,0.08685446,0.023082942
18-09-2025 07:00,7,0.09741784,0.330203443,0.216353678,0.258215962,0.078638498,0.019170579
18-09-2025 08:00,8,0.122065728,0.362676056,0.20970266,0.222613459,0.069248826,0.013693271
18-09-2025 09:00,9,0.153364632,0.338028169,0.197574335,0.222222222,0.073552426,0.015258216
18-09-2025 10:00,10,0.156103286,0.297730829,0.207355243,0.249217527,0.075899844,0.012910798
18-09-2025 11:00,11,0.123239437,0.275039124,0.220657277,0.29342723,0.075117371,0.012519562
18-09-2025 12:00,12,0.098200313,0.248043818,0.205399061,0.347809077,0.087245696,0.012519562
18-09-2025 13:00,13,0.063771518,0.209311424,0.213223787,0.399843505,0.104068858,0.009780908
18-09-2025 14:00,14,0.052425665,0.167057903,0.185054773,0.460485133,0.123630673,0.011345853
18-09-2025 15:00,15,0.039906103,0.143192488,0.154147105,0.504303599,0.140062598,0.018388106
18-09-2025 16:00,16,0.041471049,0.121283255,0.148669797,0.511737089,0.157276995,0.019561815
18-09-2025 17:00,17,0.036776213,0.127543036,0.153364632,0.490610329,0.16627543,0.025039124
18-09-2025 18:00,18,0.045383412,0.160015649,0.175665102,0.460093897,0.142018779,0.016431925
18-09-2025 19:00,19,0.0614241,0.200704225,0.216744914,0.405320814,0.10172144,0.014084507
18-09-2025 20:00,20,0.096244131,0.254303599,0.246087637,0.327073552,0.064945227,0.011345853
18-09-2025 21:00,21,0.129890454,0.309859155,0.238654147,0.253912363,0.058685446,0.008607199
18-09-2025 22:00,22,0.143192488,0.329029734,0.223395931,0.231611894,0.064162754,0.008607199
18-09-2025 23:00,23,0.145539906,0.332550861,0.206181534,0.240610329,0.066510172,0.008607199
19-09-2025 00:00,0,0.143192488,0.323552426,0.205790297,0.246087637,0.068075117,0.012910798
19-09-2025 01:00,1,0.140453834,0.299687011,0.196400626,0.258607199,0.088028169,0.016823161
19-09-2025 02:00,2,0.131455399,0.299687011,0.198748044,0.25743349,0.092331768,0.019953052
19-09-2025 03:00,3,0.113067293,0.300469484,0.197965571,0.272300469,0.09428795,0.021517997
19-09-2025 04:00,4,0.106025039,0.291471049,0.207746479,0.274256651,0.099374022,0.021126761
19-09-2025 05:00,5,0.103286385,0.299295775,0.206964006,0.273474178,0.093505477,0.022691706
19-09-2025 06:00,6,0.089593114,0.3114241,0.218701095,0.270344288,0.08685446,0.023082942
19-09-2025 07:00,7,0.09741784,0.330203443,0.216353678,0.258215962,0.078638498,0.019170579
19-09-2025 08:00,8,0.122065728,0.362676056,0.20970266,0.222613459,0.069248826,0.013693271
19-09-2025 09:00,9,0.153364632,0.338028169,0.197574335,0.222222222,0.073552426,0.015258216
19-09-2025 10:00,10,0.156103286,0.297730829,0.207355243,0.249217527,0.075899844,0.012910798
19-09-2025 11:00,11,0.123239437,0.275039124,0.220657277,0.29342723,0.075117371,0.012519562
19-09-2025 12:00,12,0.098200313,0.248043818,0.205399061,0.347809077,0.087245696,0.012519562
19-09-2025 13:00,13,0.063771518,0.209311424,0.213223787,0.399843505,0.104068858,0.009780908
19-09-2025 14:00,14,0.052425665,0.167057903,0.185054773,0.460485133,0.123630673,0.011345853
19-09-2025 15:00,15,0.039906103,0.143192488,0.154147105,0.504303599,0.140062598,0.018388106
19-09-2025 16:00,16,0.041471049,0.121283255,0.148669797,0.511737089,0.157276995,0.019561815
19-09-2025 17:00,17,0.036776213,0.127543036,0.153364632,0.490610329,0.16627543,0.025039124
19-09-2025 18:00,18,0.045383412,0.160015649,0.175665102,0.460093897,0.142018779,0.016431925
19-09-2025 19:00,19,0.0614241,0.200704225,0.216744914,0.405320814,0.10172144,0.014084507
19-09-2025 20:00,20,0.096244131,0.254303599,0.246087637,0.327073552,0.064945227,0.011345853
19-09-2025 21:00,21,0.129890454,0.309859155,0.238654147,0.253912363,0.058685446,0.008607199
19-09-2025 22:00,22,0.143192488,0.329029734,0.223395931,0.231611894,0.064162754,0.008607199
19-09-2025 23:00,23,0.145539906,0.332550861,0.206181534,0.240610329,0.066510172,0.008607199
20-09-2025 00:00,0,0.143192488,0.323552426,0.205790297,0.246087637,0.068075117,0.012910798
20-09-2025 01:00,1,0.140453834,0.299687011,0.196400626,0.258607199,0.088028169,0.016823161
20-09-2025 02:00,2,0.131455399,0.299687011,0.198748044,0.25743349,0.092331768,0.019953052
20-09-2025 03:00,3,0.113067293,0.300469484,0.197965571,0.272300469,0.09428795,0.021517997
20-09-2025 04:00,4,0.106025039,0.291471049,0.207746479,0.274256651,0.099374022,0.021126761
20-09-2025 05:00,5,0.103286385,0.299295775,0.206964006,0.273474178,0.093505477,0.022691706
20-09-2025 06:00,6,0.089593114,0.3114241,0.218701095,0.270344288,0.08685446,0.023082942
20-09-2025 07:00,7,0.09741784,0.330203443,0.216353678,0.258215962,0.078638498,0.019170579
20-09-2025 08:00,8,0.122065728,0.362676056,0.20970266,0.222613459,0.069248826,0.013693271
20-09-2025 09:00,9,0.153364632,0.338028169,0.197574335,0.222222222,0.073552426,0.015258216
20-09-2025 10:00,10,0.156103286,0.297730829,0.207355243,0.249217527,0.075899844,0.012910798
20-09-2025 11:00,11,0.123239437,0.275039124,0.220657277,0.29342723,0.075117371,0.012519562
20-09-2025 12:00,12,0.098200313,0.248043818,0.205399061,0.347809077,0.087245696,0.012519562
20-09-2025 13:00,13,0.063771518,0.209311424,0.213223787,0.399843505,0.104068858,0.009780908
20-09-2025 14:00,14,0.052425665,0.167057903,0.185054773,0.460485133,0.123630673,0.011345853
20-09-2025 15:00,15,0.039906103,0.143192488,0.154147105,0.504303599,0.140062598,0.018388106
20-09-2025 16:00,16,0.041471049,0.121283255,0.148669797,0.511737089,0.157276995,0.019561815
20-09-2025 17:00,17,0.036776213,0.127543036,0.153364632,0.490610329,0.16627543,0.025039124
20-09-2025 18:00,18,0.045383412,0.160015649,0.175665102,0.460093897,0.142018779,0.016431925
20-09-2025 19:00,19,0.0614241,0.200704225,0.216744914,0.405320814,0.10172144,0.014084507
20-09-2025 20:00,20,0.096244131,0.254303599,0.246087637,0.327073552,0.064945227,0.011345853
20-09-2025 21:00,21,0.129890454,0.309859155,0.238654147,0.253912363,0.058685446,0.008607199
20-09-2025 22:00,22,0.143192488,0.329029734,0.223395931,0.231611894,0.064162754,0.008607199
20-09-2025 23:00,23,0.145539906,0.332550861,0.206181534,0.240610329,0.066510172,0.008607199
21-09-2025 00:00,0,0.143192488,0.323552426,0.205790297,0.246087637,0.068075117,0.012910798
21-09-2025 01:00,1,0.140453834,0.299687011,0.196400626,0.258607199,0.088028169,0.016823161
21-09-2025 02:00,2,0.131455399,0.299687011,0.198748044,0.25743349,0.092331768,0.019953052
21-09-2025 03:00,3,0.113067293,0.300469484,0.197965571,0.272300469,0.09428795,0.021517997
21-09-2025 04:00,4,0.106025039,0.291471049,0.207746479,0.274256651,0.099374022,0.021126761
21-09-2025 05:00,5,0.103286385,0.299295775,0.206964006,0.273474178,0.093505477,0.022691706
21-09-2025 06:00,6,0.089593114,0.3114241,0.218701095,0.270344288,0.08685446,0.023082942
21-09-2025 07:00,7,0.09741784,0.330203443,0.216353678,0.258215962,0.078638498,0.019170579
21-09-2025 08:00,8,0.122065728,0.362676056,0.20970266,0.222613459,0.069248826,0.013693271
21-09-2025 09:00,9,0.153364632,0.338028169,0.197574335,0.222222222,0.073552426,0.015258216
21-09-2025 10:00,10,0.156103286,0.297730829,0.207355243,0.249217527,0.075899844,0.012910798
21-09-2025 11:00,11,0.123239437,0.275039124,0.220657277,0.29342723,0.075117371,0.012519562
21-09-2025 12:00,12,0.098200313,0.248043818,0.205399061,0.347809077,0.087245696,0.012519562
21-09-2025 13:00,13,0.063771518,0.209311424,0.213223787,0.399843505,0.104068858,0.009780908
21-09-2025 14:00,14,0.052425665,0.167057903,0.185054773,0.460485133,0.123630673,0.011345853
21-09-2025 15:00,15,0.039906103,0.143192488,0.154147105,0.504303599,0.140062598,0.018388106
21-09-2025 16:00,16,0.041471049,0.121283255,0.148669797,0.511737089,0.157276995,0.019561815
21-09-2025 17:00,17,0.036776213,0.127543036,0.153364632,0.490610329,0.16627543,0.025039124
21-09-2025 18:00,18,0.045383412,0.160015649,0.175665102,0.460093897,0.142018779,0.016431925
21-09-2025 19:00,19,0.0614241,0.200704225,0.216744914,0.405320814,0.10172144,0.014084507
21-09-2025 20:00,20,0.096244131,0.254303599,0.246087637,0.327073552,0.064945227,0.011345853
21-09-2025 21:00,21,0.129890454,0.309859155,0.238654147,0.253912363,0.058685446,0.008607199
21-09-2025 22:00,22,0.143192488,0.329029734,0.223395931,0.231611894,0.064162754,0.008607199
21-09-2025 23:00,23,0.145539906,0.332550861,0.206181534,0.240610329,0.066510172,0.008607199
22-09-2025 00:00,0,0.143192488,0.323552426,0.205790297,0.246087637,0.068075117,0.012910798
22-09-2025 01:00,1,0.140453834,0.299687011,0.196400626,0.258607199,0.088028169,0.016823161
22-09-2025 02:00,2,0.131455399,0.299687011,0.198748044,0.25743349,0.092331768,0.019953052
22-09-2025 03:00,3,0.113067293,0.300469484,0.197965571,0.272300469,0.09428795,0.021517997
22-09-2025 04:00,4,0.106025039,0.291471049,0.207746479,0.274256651,0.099374022,0.021126761
22-09-2025 05:00,5,0.103286385,0.299295775,0.206964006,0.273474178,0.093505477,0.022691706
22-09-2025 06:00,6,0.089593114,0.3114241,0.218701095,0.270344288,0.08685446,0.023082942
22-09-2025 07:00,7,0.09741784,0.330203443,0.216353678,0.258215962,0.078638498,0.019170579
22-09-2025 08:00,8,0.122065728,0.362676056,0.20970266,0.222613459,0.069248826,0.013693271
22-09-2025 09:00,9,0.153364632,0.338028169,0.197574335,0.222222222,0.073552426,0.015258216
22-09-2025 10:00,10,0.156103286,0.297730829,0.207355243,0.249217527,0.075899844,0.012910798
22-09-2025 11:00,11,0.123239437,0.275039124,0.220657277,0.29342723,0.075117371,0.012519562
22-09-2025 12:00,12,0.098200313,0.248043818,0.205399061,0.347809077,0.087245696,0.012519562
22-09-2025 13:00,13,0.063771518,0.209311424,0.213223787,0.399843505,0.104068858,0.009780908
22-09-2025 14:00,14,0.052425665,0.167057903,0.185054773,0.460485133,0.123630673,0.011345853
22-09-2025 15:00,15,0.039906103,0.143192488,0.154147105,0.504303599,0.140062598,0.018388106
22-09-2025 16:00,16,0.041471049,0.121283255,0.148669797,0.511737089,0.157276995,0.019561815
22-09-2025 17:00,17,0.036776213,0.127543036,0.153364632,0.490610329,0.16627543,0.025039124
22-09-2025 18:00,18,0.045383412,0.160015649,0.175665102,0.460093897,0.142018779,0.016431925
22-09-2025 19:00,19,0.0614241,0.200704225,0.216744914,0.405320814,0.10172144,0.014084507
22-09-2025 20:00,20,0.096244131,0.254303599,0.246087637,0.327073552,0.064945227,0.011345853
22-09-2025 21:00,21,0.129890454,0.309859155,0.238654147,0.253912363,0.058685446,0.008607199
22-09-2025 22:00,22,0.143192488,0.329029734,0.223395931,0.231611894,0.064162754,0.008607199
22-09-2025 23:00,23,0.145539906,0.332550861,0.206181534,0.240610329,0.066510172,0.008607199
23-09-2025 00:00,0,0.143192488,0.323552426,0.205790297,0.246087637,0.068075117,0.012910798
23-09-2025 01:00,1,0.140453834,0.299687011,0.196400626,0.258607199,0.088028169,0.016823161
23-09-2025 02:00,2,0.131455399,0.299687011,0.198748044,0.25743349,0.092331768,0.019953052
23-09-2025 03:00,3,0.113067293,0.300469484,0.197965571,0.272300469,0.09428795,0.021517997
23-09-2025 04:00,4,0.106025039,0.291471049,0.207746479,0.274256651,0.099374022,0.021126761
23-09-2025 05:00,5,0.103286385,0.299295775,0.206964006,0.273474178,0.093505477,0.022691706
23-09-2025 06:00,6,0.089593114,0.3114241,0.218701095,0.270344288,0.08685446,0.023082942
23-09-2025 07:00,7,0.09741784,0.330203443,0.216353678,0.258215962,0.078638498,0.019170579
23-09-2025 08:00,8,0.122065728,0.362676056,0.20970266,0.222613459,0.069248826,0.013693271
23-09-2025 09:00,9,0.153364632,0.338028169,0.197574335,0.222222222,0.073552426,0.015258216
23-09-2025 10:00,10,0.156103286,0.297730829,0.207355243,0.249217527,0.075899844,0.012910798
23-09-2025 11:00,11,0.123239437,0.275039124,0.220657277,0.29342723,0.075117371,0.012519562
23-09-2025 12:00,12,0.098200313,0.248043818,0.205399061,0.347809077,0.087245696,0.012519562
23-09-2025 13:00,13,0.063771518,0.209311424,0.213223787,0.399843505,0.104068858,0.009780908
23-09-2025 14:00,14,0.052425665,0.167057903,0.185054773,0.460485133,0.123630673,0.011345853
23-09-2025 15:00,15,0.039906103,0.143192488,0.154147105,0.504303599,0.140062598,0.018388106
23-09-2025 16:00,16,0.041471049,0.121283255,0.148669797,0.511737089,0.157276995,0.019561815
23-09-2025 17:00,17,0.036776213,0.127543036,0.153364632,0.490610329,0.16627543,0.025039124
23-09-2025 18:00,18,0.045383412,0.160015649,0.175665102,0.460093897,0.142018779,0.016431925
23-09-2025 19:00,19,0.0614241,0.200704225,0.216744914,0.405320814,0.10172144,0.014084507
23-09-2025 20:00,20,0.096244131,0.254303599,0.246087637,0.327073552,0.064945227,0.011345853
23-09-2025 21:00,21,0.129890454,0.309859155,0.238654147,0.253912363,0.058685446,0.008607199
23-09-2025 22:00,22,0.143192488,0.329029734,0.223395931,0.231611894,0.064162754,0.008607199
23-09-2025 23:00,23,0.145539906,0.332550861,0.206181534,0.240610329,0.066510172,0.008607199
24-09-2025 00:00,0,0.143192488,0.323552426,0.205790297,0.246087637,0.068075117,0.012910798
24-09-2025 01:00,1,0.140453834,0.299687011,0.196400626,0.258607199,0.088028169,0.016823161
24-09-2025 02:00,2,0.131455399,0.299687011,0.198748044,0.25743349,0.092331768,0.019953052
24-09-2025 03:00,3,0.113067293,0.300469484,0.197965571,0.272300469,0.09428795,0.021517997
24-09-2025 04:00,4,0.106025039,0.291471049,0.207746479,0.274256651,0.099374022,0.021126761
24-09-2025 05:00,5,0.103286385,0.299295775,0.206964006,0.273474178,0.093505477,0.022691706
24-09-2025 06:00,6,0.089593114,0.3114241,0.218701095,0.270344288,0.08685446,0.023082942
24-09-2025 07:00,7,0.09741784,0.330203443,0.216353678,0.258215962,0.078638498,0.019170579
24-09-2025 08:00,8,0.122065728,0.362676056,0.20970266,0.222613459,0.069248826,0.013693271
24-09-2025 09:00,9,0.153364632,0.338028169,0.197574335,0.222222222,0.073552426,0.015258216
24-09-2025 10:00,10,0.156103286,0.297730829,0.207355243,0.249217527,0.075899844,0.012910798
24-09-2025 11:00,11,0.123239437,0.275039124,0.220657277,0.29342723,0.075117371,0.012519562
24-09-2025 12:00,12,0.098200313,0.248043818,0.205399061,0.347809077,0.087245696,0.012519562
24-09-2025 13:00,13,0.063771518,0.209311424,0.213223787,0.399843505,0.104068858,0.009780908
24-09-2025 14:00,14,0.052425665,0.167057903,0.185054773,0.460485133,0.123630673,0.011345853
24-09-2025 15:00,15,0.039906103,0.143192488,0.154147105,0.504303599,0.140062598,0.018388106
24-09-2025 16:00,16,0.041471049,0.121283255,0.148669797,0.511737089,0.157276995,0.019561815
24-09-2025 17:00,17,0.036776213,0.127543036,0.153364632,0.490610329,0.16627543,0.025039124
24-09-2025 18:00,18,0.045383412,0.160015649,0.175665102,0.460093897,0.142018779,0.016431925
24-09-2025 19:00,19,0.0614241,0.200704225,0.216744914,0.405320814,0.10172144,0.014084507
24-09-2025 20:00,20,0.096244131,0.254303599,0.246087637,0.327073552,0.064945227,0.011345853
24-09-2025 21:00,21,0.129890454,0.309859155,0.238654147,0.253912363,0.058685446,0.008607199
24-09-2025 22:00,22,0.143192488,0.329029734,0.223395931,0.231611894,0.064162754,0.008607199
24-09-2025 23:00,23,0.145539906,0.332550861,0.206181534,0.240610329,0.066510172,0.008607199
25-09-2025 00:00,0,0.143192488,0.323552426,0.205790297,0.246087637,0.068075117,0.012910798
25-09-2025 01:00,1,0.140453834,0.299687011,0.196400626,0.258607199,0.088028169,0.016823161
25-09-2025 02:00,2,0.131455399,0.299687011,0.198748044,0.25743349,0.092331768,0.019953052
25-09-2025 03:00,3,0.113067293,0.300469484,0.197965571,0.272300469,0.09428795,0.021517997
25-09-2025 04:00,4,0.106025039,0.291471049,0.207746479,0.274256651,0.099374022,0.021126761
25-09-2025 05:00,5,0.103286385,0.299295775,0.206964006,0.273474178,0.093505477,0.022691706
25-09-2025 06:00,6,0.089593114,0.3114241,0.218701095,0.270344288,0.08685446,0.023082942
25-09-2025 07:00,7,0.09741784,0.330203443,0.216353678,0.258215962,0.078638498,0.019170579
25-09-2025 08:00,8,0.122065728,0.362676056,0.20970266,0.222613459,0.069248826,0.013693271
25-09-2025 09:00,9,0.153364632,0.338028169,0.197574335,0.222222222,0.073552426,0.015258216
25-09-2025 10:00,10,0.156103286,0.297730829,0.207355243,0.249217527,0.075899844,0.012910798
25-09-2025 11:00,11,0.123239437,0.275039124,0.220657277,0.29342723,0.075117371,0.012519562
25-09-2025 12:00,12,0.098200313,0.248043818,0.205399061,0.347809077,0.087245696,0.012519562
25-09-2025 13:00,13,0.063771518,0.209311424,0.213223787,0.399843505,0.104068858,0.009780908
25-09-2025 14:00,14,0.052425665,0.167057903,0.185054773,0.460485133,0.123630673,0.011345853
25-09-2025 15:00,15,0.039906103,0.143192488,0.154147105,0.504303599,0.140062598,0.018388106
25-09-2025 16:00,16,0.041471049,0.121283255,0.148669797,0.511737089,0.157276995,0.019561815
25-09-2025 17:00,17,0.036776213,0.127543036,0.153364632,0.490610329,0.16627543,0.025039124
25-09-2025 18:00,18,0.045383412,0.160015649,0.175665102,0.460093897,0.142018779,0.016431925
25-09-2025 19:00,19,0.0614241,0.200704225,0.216744914,0.405320814,0.10172144,0.014084507
25-09-2025 20:00,20,0.096244131,0.254303599,0.246087637,0.327073552,0.064945227,0.011345853
25-09-2025 21:00,21,0.129890454,0.309859155,0.238654147,0.253912363,0.058685446,0.008607199
25-09-2025 22:00,22,0.143192488,0.329029734,0.223395931,0.231611894,0.064162754,0.008607199
25-09-2025 23:00,23,0.145539906,0.332550861,0.206181534,0.240610329,0.066510172,0.008607199
26-09-2025 00:00,0,0.143192488,0.323552426,0.205790297,0.246087637,0.068075117,0.012910798
26-09-2025 01:00,1,0.140453834,0.299687011,0.196400626,0.258607199,0.088028169,0.016823161
26-09-2025 02:00,2,0.131455399,0.299687011,0.198748044,0.25743349,0.092331768,0.019953052
26-09-2025 03:00,3,0.113067293,0.300469484,0.197965571,0.272300469,0.09428795,0.021517997
26-09-2025 04:00,4,0.106025039,0.291471049,0.207746479,0.274256651,0.099374022,0.021126761
26-09-2025 05:00,5,0.103286385,0.299295775,0.206964006,0.273474178,0.093505477,0.022691706
26-09-2025 06:00,6,0.089593114,0.3114241,0.218701095,0.270344288,0.08685446,0.023082942
26-09-2025 07:00,7,0.09741784,0.330203443,0.216353678,0.258215962,0.078638498,0.019170579
26-09-2025 08:00,8,0.122065728,0.362676056,0.20970266,0.222613459,0.069248826,0.013693271
26-09-2025 09:00,9,0.153364632,0.338028169,0.197574335,0.222222222,0.073552426,0.015258216
26-09-2025 10:00,10,0.156103286,0.297730829,0.207355243,0.249217527,0.075899844,0.012910798
26-09-2025 11:00,11,0.123239437,0.275039124,0.220657277,0.29342723,0.075117371,0.012519562
26-09-2025 12:00,12,0.098200313,0.248043818,0.205399061,0.347809077,0.087245696,0.012519562
26-09-2025 13:00,13,0.063771518,0.209311424,0.213223787,0.399843505,0.104068858,0.009780908
26-09-2025 14:00,14,0.052425665,0.167057903,0.185054773,0.460485133,0.123630673,0.011345853
26-09-2025 15:00,15,0.039906103,0.143192488,0.154147105,0.504303599,0.140062598,0.018388106
26-09-2025 16:00,16,0.041471049,0.121283255,0.148669797,0.511737089,0.157276995,0.019561815
26-09-2025 17:00,17,0.036776213,0.127543036,0.153364632,0.490610329,0.16627543,0.025039124
26-09-2025 18:00,18,0.045383412,0.160015649,0.175665102,0.460093897,0.142018779,0.016431925
26-09-2025 19:00,19,0.0614241,0.200704225,0.216744914,0.405320814,0.10172144,0.014084507
26-09-2025 20:00,20,0.096244131,0.254303599,0.246087637,0.327073552,0.064945227,0.011345853
26-09-2025 21:00,21,0.129890454,0.309859155,0.238654147,0.253912363,0.058685446,0.008607199
26-09-2025 22:00,22,0.143192488,0.329029734,0.223395931,0.231611894,0.064162754,0.008607199
26-09-2025 23:00,23,0.145539906,0.332550861,0.206181534,0.240610329,0.066510172,0.008607199
27-09-2025 00:00,0,0.143192488,0.323552426,0.205790297,0.246087637,0.068075117,0.012910798
27-09-2025 01:00,1,0.140453834,0.299687011,0.196400626,0.258607199,0.088028169,0.016823161
27-09-2025 02:00,2,0.131455399,0.299687011,0.198748044,0.25743349,0.092331768,0.019953052
27-09-2025 03:00,3,0.113067293,0.300469484,0.197965571,0.272300469,0.09428795,0.021517997
27-09-2025 04:00,4,0.106025039,0.291471049,0.207746479,0.274256651,0.099374022,0.021126761
27-09-2025 05:00,5,0.103286385,0.299295775,0.206964006,0.273474178,0.093505477,0.022691706
27-09-2025 06:00,6,0.089593114,0.3114241,0.218701095,0.270344288,0.08685446,0.023082942
27-09-2025 07:00,7,0.09741784,0.330203443,0.216353678,0.258215962,0.078638498,0.019170579
27-09-2025 08:00,8,0.122065728,0.362676056,0.20970266,0.222613459,0.069248826,0.013693271
27-09-2025 09:00,9,0.153364632,0.338028169,0.197574335,0.222222222,0.073552426,0.015258216
27-09-2025 10:00,10,0.156103286,0.297730829,0.207355243,0.249217527,0.075899844,0.012910798
27-09-2025 11:00,11,0.123239437,0.275039124,0.220657277,0.29342723,0.075117371,0.012519562
27-09-2025 12:00,12,0.098200313,0.248043818,0.205399061,0.347809077,0.087245696,0.012519562
27-09-2025 13:00,13,0.063771518,0.209311424,0.213223787,0.399843505,0.104068858,0.009780908
27-09-2025 14:00,14,0.052425665,0.167057903,0.185054773,0.460485133,0.123630673,0.011345853
27-09-2025 15:00,15,0.039906103,0.143192488,0.154147105,0.504303599,0.140062598,0.018388106
27-09-2025 16:00,16,0.041471049,0.121283255,0.148669797,0.511737089,0.157276995,0.019561815
27-09-2025 17:00,17,0.036776213,0.127543036,0.153364632,0.490610329,0.16627543,0.025039124
27-09-2025 18:00,18,0.045383412,0.160015649,0.175665102,0.460093897,0.142018779,0.016431925
27-09-2025 19:00,19,0.0614241,0.200704225,0.216744914,0.405320814,0.10172144,0.014084507
27-09-2025 20:00,20,0.096244131,0.254303599,0.246087637,0.327073552,0.064945227,0.011345853
27-09-2025 21:00,21,0.129890454,0.309859155,0.238654147,0.253912363,0.058685446,0.008607199
27-09-2025 22:00,22,0.143192488,0.329029734,0.223395931,0.231611894,0.064162754,0.008607199
27-09-2025 23:00,23,0.145539906,0.332550861,0.206181534,0.240610329,0.066510172,0.008607199
28-09-2025 00:00,0,0.143192488,0.323552426,0.205790297,0.246087637,0.068075117,0.012910798
28-09-2025 01:00,1,0.140453834,0.299687011,0.196400626,0.258607199,0.088028169,0.016823161
28-09-2025 02:00,2,0.131455399,0.299687011,0.198748044,0.25743349,0.092331768,0.019953052
28-09-2025 03:00,3,0.113067293,0.300469484,0.197965571,0.272300469,0.09428795,0.021517997
28-09-2025 04:00,4,0.106025039,0.291471049,0.207746479,0.274256651,0.099374022,0.021126761
28-09-2025 05:00,5,0.103286385,0.299295775,0.206964006,0.273474178,0.093505477,0.022691706
28-09-2025 06:00,6,0.089593114,0.3114241,0.218701095,0.270344288,0.08685446,0.023082942
28-09-2025 07:00,7,0.09741784,0.330203443,0.216353678,0.258215962,0.078638498,0.019170579
28-09-2025 08:00,8,0.122065728,0.362676056,0.20970266,0.222613459,0.069248826,0.013693271
28-09-2025 09:00,9,0.153364632,0.338028169,0.197574335,0.222222222,0.073552426,0.015258216
28-09-2025 10:00,10,0.156103286,0.297730829,0.207355243,0.249217527,0.075899844,0.012910798
28-09-2025 11:00,11,0.123239437,0.275039124,0.220657277,0.29342723,0.075117371,0.012519562
28-09-2025 12:00,12,0.098200313,0.248043818,0.205399061,0.347809077,0.087245696,0.012519562
28-09-2025 13:00,13,0.063771518,0.209311424,0.213223787,0.399843505,0.104068858,0.009780908
28-09-2025 14:00,14,0.052425665,0.167057903,0.185054773,0.460485133,0.123630673,0.011345853
28-09-2025 15:00,15,0.039906103,0.143192488,0.154147105,0.504303599,0.140062598,0.018388106
28-09-2025 16:00,16,0.041471049,0.121283255,0.148669797,0.511737089,0.157276995,0.019561815
28-09-2025 17:00,17,0.036776213,0.127543036,0.153364632,0.490610329,0.16627543,0.025039124
28-09-2025 18:00,18,0.045383412,0.160015649,0.175665102,0.460093897,0.142018779,0.016431925
28-09-2025 19:00,19,0.0614241,0.200704225,0.216744914,0.405320814,0.10172144,0.014084507
28-09-2025 20:00,20,0.096244131,0.254303599,0.246087637,0.327073552,0.064945227,0.011345853
28-09-2025 21:00,21,0.129890454,0.309859155,0.238654147,0.253912363,0.058685446,0.008607199
28-09-2025 22:00,22,0.143192488,0.329029734,0.223395931,0.231611894,0.064162754,0.008607199
28-09-2025 23:00,23,0.145539906,0.332550861,0.206181534,0.240610329,0.066510172,0.008607199
29-09-2025 00:00,0,0.143192488,0.323552426,0.205790297,0.246087637,0.068075117,0.012910798
29-09-2025 01:00,1,0.140453834,0.299687011,0.196400626,0.258607199,0.088028169,0.016823161
29-09-2025 02:00,2,0.131455399,0.299687011,0.198748044,0.25743349,0.092331768,0.019953052
29-09-2025 03:00,3,0.113067293,0.300469484,0.197965571,0.272300469,0.09428795,0.021517997
29-09-2025 04:00,4,0.106025039,0.291471049,0.207746479,0.274256651,0.099374022,0.021126761
29-09-2025 05:00,5,0.103286385,0.299295775,0.206964006,0.273474178,0.093505477,0.022691706
29-09-2025 06:00,6,0.089593114,0.3114241,0.218701095,0.270344288,0.08685446,0.023082942
29-09-2025 07:00,7,0.09741784,0.330203443,0.216353678,0.258215962,0.078638498,0.019170579
29-09-2025 08:00,8,0.122065728,0.362676056,0.20970266,0.222613459,0.069248826,0.013693271
29-09-2025 09:00,9,0.153364632,0.338028169,0.197574335,0.222222222,0.073552426,0.015258216
29-09-2025 10:00,10,0.156103286,0.297730829,0.207355243,0.249217527,0.075899844,0.012910798
29-09-2025 11:00,11,0.123239437,0.275039124,0.220657277,0.29342723,0.075117371,0.012519562
29-09-2025 12:00,12,0.098200313,0.248043818,0.205399061,0.347809077,0.087245696,0.012519562
29-09-2025 13:00,13,0.063771518,0.209311424,0.213223787,0.399843505,0.104068858,0.009780908
29-09-2025 14:00,14,0.052425665,0.167057903,0.185054773,0.460485133,0.123630673,0.011345853
29-09-2025 15:00,15,0.039906103,0.143192488,0.154147105,0.504303599,0.140062598,0.018388106
29-09-2025 16:00,16,0.041471049,0.121283255,0.148669797,0.511737089,0.157276995,0.019561815
29-09-2025 17:00,17,0.036776213,0.127543036,0.153364632,0.490610329,0.16627543,0.025039124
29-09-2025 18:00,18,0.045383412,0.160015649,0.175665102,0.460093897,0.142018779,0.016431925
29-09-2025 19:00,19,0.0614241,0.200704225,0.216744914,0.405320814,0.10172144,0.014084507
29-09-2025 20:00,20,0.096244131,0.254303599,0.246087637,0.327073552,0.064945227,0.011345853
29-09-2025 21:00,21,0.129890454,0.309859155,0.238654147,0.253912363,0.058685446,0.008607199
29-09-2025 22:00,22,0.143192488,0.329029734,0.223395931,0.231611894,0.064162754,0.008607199
29-09-2025 23:00,23,0.145539906,0.332550861,0.206181534,0.240610329,0.066510172,0.008607199
30-09-2025 00:00,0,0.143192488,0.323552426,0.205790297,0.246087637,0.068075117,0.012910798
30-09-2025 01:00,1,0.140453834,0.299687011,0.196400626,0.258607199,0.088028169,0.016823161
30-09-2025 02:00,2,0.131455399,0.299687011,0.198748044,0.25743349,0.092331768,0.019953052
30-09-2025 03:00,3,0.113067293,0.300469484,0.197965571,0.272300469,0.09428795,0.021517997
30-09-2025 04:00,4,0.106025039,0.291471049,0.207746479,0.274256651,0.099374022,0.021126761
30-09-2025 05:00,5,0.103286385,0.299295775,0.206964006,0.273474178,0.093505477,0.022691706
30-09-2025 06:00,6,0.089593114,0.3114241,0.218701095,0.270344288,0.08685446,0.023082942
30-09-2025 07:00,7,0.09741784,0.330203443,0.216353678,0.258215962,0.078638498,0.019170579
30-09-2025 08:00,8,0.122065728,0.362676056,0.20970266,0.222613459,0.069248826,0.013693271
30-09-2025 09:00,9,0.153364632,0.338028169,0.197574335,0.222222222,0.073552426,0.015258216
30-09-2025 10:00,10,0.156103286,0.297730829,0.207355243,0.249217527,0.075899844,0.012910798
30-09-2025 11:00,11,0.123239437,0.275039124,0.220657277,0.29342723,0.075117371,0.012519562
30-09-2025 12:00,12,0.098200313,0.248043818,0.205399061,0.347809077,0.087245696,0.012519562
30-09-2025 13:00,13,0.063771518,0.209311424,0.213223787,0.399843505,0.104068858,0.009780908
30-09-2025 14:00,14,0.052425665,0.167057903,0.185054773,0.460485133,0.123630673,0.011345853
30-09-2025 15:00,15,0.039906103,0.143192488,0.154147105,0.504303599,0.140062598,0.018388106
30-09-2025 16:00,16,0.041471049,0.121283255,0.148669797,0.511737089,0.157276995,0.019561815
30-09-2025 17:00,17,0.036776213,0.127543036,0.153364632,0.490610329,0.16627543,0.025039124
30-09-2025 18:00,18,0.045383412,0.160015649,0.175665102,0.460093897,0.142018779,0.016431925
30-09-2025 19:00,19,0.0614241,0.200704225,0.216744914,0.405320814,0.10172144,0.014084507
30-09-2025 20:00,20,0.096244131,0.254303599,0.246087637,0.327073552,0.064945227,0.011345853
30-09-2025 21:00,21,0.129890454,0.309859155,0.238654147,0.253912363,0.058685446,0.008607199
30-09-2025 22:00,22,0.143192488,0.329029734,0.223395931,0.231611894,0.064162754,0.008607199
30-09-2025 23:00,23,0.145539906,0.332550861,0.206181534,0.240610329,0.066510172,0.008607199
01-10-2025 00:00,0,0.143192488,0.323552426,0.205790297,0.246087637,0.068075117,0.012910798
01-10-2025 01:00,1,0.140453834,0.299687011,0.196400626,0.258607199,0.088028169,0.016823161
01-10-2025 02:00,2,0.131455399,0.299687011,0.198748044,0.25743349,0.092331768,0.019953052
01-10-2025 03:00,3,0.113067293,0.300469484,0.197965571,0.272300469,0.09428795,0.021517997
01-10-2025 04:00,4,0.106025039,0.291471049,0.207746479,0.274256651,0.099374022,0.021126761
01-10-2025 05:00,5,0.103286385,0.299295775,0.206964006,0.273474178,0.093505477,0.022691706
01-10-2025 06:00,6,0.089593114,0.3114241,0.218701095,0.270344288,0.08685446,0.023082942
01-10-2025 07:00,7,0.09741784,0.330203443,0.216353678,0.258215962,0.078638498,0.019170579
01-10-2025 08:00,8,0.122065728,0.362676056,0.20970266,0.222613459,0.069248826,0.013693271
01-10-2025 09:00,9,0.153364632,0.338028169,0.197574335,0.222222222,0.073552426,0.015258216
01-10-2025 10:00,10,0.156103286,0.297730829,0.207355243,0.249217527,0.075899844,0.012910798
01-10-2025 11:00,11,0.123239437,0.275039124,0.220657277,0.29342723,0.075117371,0.012519562
01-10-2025 12:00,12,0.098200313,0.248043818,0.205399061,0.347809077,0.087245696,0.012519562
01-10-2025 13:00,13,0.063771518,0.209311424,0.213223787,0.399843505,0.104068858,0.009780908
01-10-2025 14:00,14,0.052425665,0.167057903,0.185054773,0.460485133,0.123630673,0.011345853
01-10-2025 15:00,15,0.039906103,0.143192488,0.154147105,0.504303599,0.140062598,0.018388106
01-10-2025 16:00,16,0.041471049,0.121283255,0.148669797,0.511737089,0.157276995,0.019561815
01-10-2025 17:00,17,0.036776213,0.127543036,0.153364632,0.490610329,0.16627543,0.025039124
01-10-2025 18:00,18,0.045383412,0.160015649,0.175665102,0.460093897,0.142018779,0.016431925
01-10-2025 19:00,19,0.0614241,0.200704225,0.216744914,0.405320814,0.10172144,0.014084507
01-10-2025 20:00,20,0.096244131,0.254303599,0.246087637,0.327073552,0.064945227,0.011345853
01-10-2025 21:00,21,0.129890454,0.309859155,0.238654147,0.253912363,0.058685446,0.008607199
01-10-2025 22:00,22,0.143192488,0.329029734,0.223395931,0.231611894,0.064162754,0.008607199
01-10-2025 23:00,23,0.145539906,0.332550861,0.206181534,0.240610329,0.066510172,0.008607199
02-10-2025 00:00,0,0.143192488,0.323552426,0.205790297,0.246087637,0.068075117,0.012910798
02-10-2025 01:00,1,0.140453834,0.299687011,0.196400626,0.258607199,0.088028169,0.016823161
02-10-2025 02:00,2,0.131455399,0.299687011,0.198748044,0.25743349,0.092331768,0.019953052
02-10-2025 03:00,3,0.113067293,0.300469484,0.197965571,0.272300469,0.09428795,0.021517997
02-10-2025 04:00,4,0.106025039,0.291471049,0.207746479,0.274256651,0.099374022,0.021126761
02-10-2025 05:00,5,0.103286385,0.299295775,0.206964006,0.273474178,0.093505477,0.022691706
02-10-2025 06:00,6,0.089593114,0.3114241,0.218701095,0.270344288,0.08685446,0.023082942
02-10-2025 07:00,7,0.09741784,0.330203443,0.216353678,0.258215962,0.078638498,0.019170579
02-10-2025 08:00,8,0.122065728,0.362676056,0.20970266,0.222613459,0.069248826,0.013693271
02-10-2025 09:00,9,0.153364632,0.338028169,0.197574335,0.222222222,0.073552426,0.015258216
02-10-2025 10:00,10,0.156103286,0.297730829,0.207355243,0.249217527,0.075899844,0.012910798
02-10-2025 11:00,11,0.123239437,0.275039124,0.220657277,0.29342723,0.075117371,0.012519562
02-10-2025 12:00,12,0.098200313,0.248043818,0.205399061,0.347809077,0.087245696,0.012519562
02-10-2025 13:00,13,0.063771518,0.209311424,0.213223787,0.399843505,0.104068858,0.009780908
02-10-2025 14:00,14,0.052425665,0.167057903,0.185054773,0.460485133,0.123630673,0.011345853
02-10-2025 15:00,15,0.039906103,0.143192488,0.154147105,0.504303599,0.140062598,0.018388106
02-10-2025 16:00,16,0.041471049,0.121283255,0.148669797,0.511737089,0.157276995,0.019561815
02-10-2025 17:00,17,0.036776213,0.127543036,0.153364632,0.490610329,0.16627543,0.025039124
02-10-2025 18:00,18,0.045383412,0.160015649,0.175665102,0.460093897,0.142018779,0.016431925
02-10-2025 19:00,19,0.0614241,0.200704225,0.216744914,0.405320814,0.10172144,0.014084507
02-10-2025 20:00,20,0.096244131,0.254303599,0.246087637,0.327073552,0.064945227,0.011345853
02-10-2025 21:00,21,0.129890454,0.309859155,0.238654147,0.253912363,0.058685446,0.008607199
02-10-2025 22:00,22,0.143192488,0.329029734,0.223395931,0.231611894,0.064162754,0.008607199
02-10-2025 23:00,23,0.145539906,0.332550861,0.206181534,0.240610329,0.066510172,0.008607199
03-10-2025 00:00,0,0.143192488,0.323552426,0.205790297,0.246087637,0.068075117,0.012910798
03-10-2025 01:00,1,0.140453834,0.299687011,0.196400626,0.258607199,0.088028169,0.016823161
03-10-2025 02:00,2,0.131455399,0.299687011,0.198748044,0.25743349,0.092331768,0.019953052
03-10-2025 03:00,3,0.113067293,0.300469484,0.197965571,0.272300469,0.09428795,0.021517997
03-10-2025 04:00,4,0.106025039,0.291471049,0.207746479,0.274256651,0.099374022,0.021126761
03-10-2025 05:00,5,0.103286385,0.299295775,0.206964006,0.273474178,0.093505477,0.022691706
03-10-2025 06:00,6,0.089593114,0.3114241,0.218701095,0.270344288,0.08685446,0.023082942
03-10-2025 07:00,7,0.09741784,0.330203443,0.216353678,0.258215962,0.078638498,0.019170579
03-10-2025 08:00,8,0.122065728,0.362676056,0.20970266,0.222613459,0.069248826,0.013693271
03-10-2025 09:00,9,0.153364632,0.338028169,0.197574335,0.222222222,0.073552426,0.015258216
03-10-2025 10:00,10,0.156103286,0.297730829,0.207355243,0.249217527,0.075899844,0.012910798
03-10-2025 11:00,11,0.123239437,0.275039124,0.220657277,0.29342723,0.075117371,0.012519562
03-10-2025 12:00,12,0.098200313,0.248043818,0.205399061,0.347809077,0.087245696,0.012519562
03-10-2025 13:00,13,0.063771518,0.209311424,0.213223787,0.399843505,0.104068858,0.009780908
03-10-2025 14:00,14,0.052425665,0.167057903,0.185054773,0.460485133,0.123630673,0.011345853
03-10-2025 15:00,15,0.039906103,0.143192488,0.154147105,0.504303599,0.140062598,0.018388106
03-10-2025 16:00,16,0.041471049,0.121283255,0.148669797,0.511737089,0.157276995,0.019561815
03-10-2025 17:00,17,0.036776213,0.127543036,0.153364632,0.490610329,0.16627543,0.025039124
03-10-2025 18:00,18,0.045383412,0.160015649,0.175665102,0.460093897,0.142018779,0.016431925
03-10-2025 19:00,19,0.0614241,0.200704225,0.216744914,0.405320814,0.10172144,0.014084507
03-10-2025 20:00,20,0.096244131,0.254303599,0.246087637,0.327073552,0.064945227,0.011345853
03-10-2025 21:00,21,0.129890454,0.309859155,0.238654147,0.253912363,0.058685446,0.008607199
03-10-2025 22:00,22,0.143192488,0.329029734,0.223395931,0.231611894,0.064162754,0.008607199
03-10-2025 23:00,23,0.145539906,0.332550861,0.206181534,0.240610329,0.066510172,0.008607199
04-10-2025 00:00,0,0.143192488,0.323552426,0.205790297,0.246087637,0.068075117,0.012910798
04-10-2025 01:00,1,0.140453834,0.299687011,0.196400626,0.258607199,0.088028169,0.016823161
04-10-2025 02:00,2,0.131455399,0.299687011,0.198748044,0.25743349,0.092331768,0.019953052
04-10-2025 03:00,3,0.113067293,0.300469484,0.197965571,0.272300469,0.09428795,0.021517997
04-10-2025 04:00,4,0.106025039,0.291471049,0.207746479,0.274256651,0.099374022,0.021126761
04-10-2025 05:00,5,0.103286385,0.299295775,0.206964006,0.273474178,0.093505477,0.022691706
04-10-2025 06:00,6,0.089593114,0.3114241,0.218701095,0.270344288,0.08685446,0.023082942
04-10-2025 07:00,7,0.09741784,0.330203443,0.216353678,0.258215962,0.078638498,0.019170579
04-10-2025 08:00,8,0.122065728,0.362676056,0.20970266,0.222613459,0.069248826,0.013693271
04-10-2025 09:00,9,0.153364632,0.338028169,0.197574335,0.222222222,0.073552426,0.015258216
04-10-2025 10:00,10,0.156103286,0.297730829,0.207355243,0.249217527,0.075899844,0.012910798
04-10-2025 11:00,11,0.123239437,0.275039124,0.220657277,0.29342723,0.075117371,0.012519562
04-10-2025 12:00,12,0.098200313,0.248043818,0.205399061,0.347809077,0.087245696,0.012519562
04-10-2025 13:00,13,0.063771518,0.209311424,0.213223787,0.399843505,0.104068858,0.009780908
04-10-2025 14:00,14,0.052425665,0.167057903,0.185054773,0.460485133,0.123630673,0.011345853
04-10-2025 15:00,15,0.039906103,0.143192488,0.154147105,0.504303599,0.140062598,0.018388106
04-10-2025 16:00,16,0.041471049,0.121283255,0.148669797,0.511737089,0.157276995,0.019561815
04-10-2025 17:00,17,0.036776213,0.127543036,0.153364632,0.490610329,0.16627543,0.025039124
04-10-2025 18:00,18,0.045383412,0.160015649,0.175665102,0.460093897,0.142018779,0.016431925
04-10-2025 19:00,19,0.0614241,0.200704225,0.216744914,0.405320814,0.10172144,0.014084507
04-10-2025 20:00,20,0.096244131,0.254303599,0.246087637,0.327073552,0.064945227,0.011345853
04-10-2025 21:00,21,0.129890454,0.309859155,0.238654147,0.253912363,0.058685446,0.008607199
04-10-2025 22:00,22,0.143192488,0.329029734,0.223395931,0.231611894,0.064162754,0.008607199
04-10-2025 23:00,23,0.145539906,0.332550861,0.206181534,0.240610329,0.066510172,0.008607199
05-10-2025 00:00,0,0.143192488,0.323552426,0.205790297,0.246087637,0.068075117,0.012910798
05-10-2025 01:00,1,0.140453834,0.299687011,0.196400626,0.258607199,0.088028169,0.016823161
05-10-2025 02:00,2,0.131455399,0.299687011,0.198748044,0.25743349,0.092331768,0.019953052
05-10-2025 03:00,3,0.113067293,0.300469484,0.197965571,0.272300469,0.09428795,0.021517997
05-10-2025 04:00,4,0.106025039,0.291471049,0.207746479,0.274256651,0.099374022,0.021126761
05-10-2025 05:00,5,0.103286385,0.299295775,0.206964006,0.273474178,0.093505477,0.022691706
05-10-2025 06:00,6,0.089593114,0.3114241,0.218701095,0.270344288,0.08685446,0.023082942
05-10-2025 07:00,7,0.09741784,0.330203443,0.216353678,0.258215962,0.078638498,0.019170579
05-10-2025 08:00,8,0.122065728,0.362676056,0.20970266,0.222613459,0.069248826,0.013693271
05-10-2025 09:00,9,0.153364632,0.338028169,0.197574335,0.222222222,0.073552426,0.015258216
05-10-2025 10:00,10,0.156103286,0.297730829,0.207355243,0.249217527,0.075899844,0.012910798
05-10-2025 11:00,11,0.123239437,0.275039124,0.220657277,0.29342723,0.075117371,0.012519562
05-10-2025 12:00,12,0.098200313,0.248043818,0.205399061,0.347809077,0.087245696,0.012519562
05-10-2025 13:00,13,0.063771518,0.209311424,0.213223787,0.399843505,0.104068858,0.009780908
05-10-2025 14:00,14,0.052425665,0.167057903,0.185054773,0.460485133,0.123630673,0.011345853
05-10-2025 15:00,15,0.039906103,0.143192488,0.154147105,0.504303599,0.140062598,0.018388106
05-10-2025 16:00,16,0.041471049,0.121283255,0.148669797,0.511737089,0.157276995,0.019561815
05-10-2025 17:00,17,0.036776213,0.127543036,0.153364632,0.490610329,0.16627543,0.025039124
05-10-2025 18:00,18,0.045383412,0.160015649,0.175665102,0.460093897,0.142018779,0.016431925
05-10-2025 19:00,19,0.0614241,0.200704225,0.216744914,0.405320814,0.10172144,0.014084507
05-10-2025 20:00,20,0.096244131,0.254303599,0.246087637,0.327073552,0.064945227,0.011345853
05-10-2025 21:00,21,0.129890454,0.309859155,0.238654147,0.253912363,0.058685446,0.008607199
05-10-2025 22:00,22,0.143192488,0.329029734,0.223395931,0.231611894,0.064162754,0.008607199
05-10-2025 23:00,23,0.145539906,0.332550861,0.206181534,0.240610329,0.066510172,0.008607199
06-10-2025 00:00,0,0.143192488,0.323552426,0.205790297,0.246087637,0.068075117,0.012910798
06-10-2025 01:00,1,0.140453834,0.299687011,0.196400626,0.258607199,0.088028169,0.016823161
06-10-2025 02:00,2,0.131455399,0.299687011,0.198748044,0.25743349,0.092331768,0.019953052
06-10-2025 03:00,3,0.113067293,0.300469484,0.197965571,0.272300469,0.09428795,0.021517997
06-10-2025 04:00,4,0.106025039,0.291471049,0.207746479,0.274256651,0.099374022,0.021126761
06-10-2025 05:00,5,0.103286385,0.299295775,0.206964006,0.273474178,0.093505477,0.022691706
06-10-2025 06:00,6,0.089593114,0.3114241,0.218701095,0.270344288,0.08685446,0.023082942
06-10-2025 07:00,7,0.09741784,0.330203443,0.216353678,0.258215962,0.078638498,0.019170579
06-10-2025 08:00,8,0.122065728,0.362676056,0.20970266,0.222613459,0.069248826,0.013693271
06-10-2025 09:00,9,0.153364632,0.338028169,0.197574335,0.222222222,0.073552426,0.015258216
06-10-2025 10:00,10,0.156103286,0.297730829,0.207355243,0.249217527,0.075899844,0.012910798
06-10-2025 11:00,11,0.123239437,0.275039124,0.220657277,0.29342723,0.075117371,0.012519562
06-10-2025 12:00,12,0.098200313,0.248043818,0.205399061,0.347809077,0.087245696,0.012519562
06-10-2025 13:00,13,0.063771518,0.209311424,0.213223787,0.399843505,0.104068858,0.009780908
06-10-2025 14:00,14,0.052425665,0.167057903,0.185054773,0.460485133,0.123630673,0.011345853
06-10-2025 15:00,15,0.039906103,0.143192488,0.154147105,0.504303599,0.140062598,0.018388106
06-10-2025 16:00,16,0.041471049,0.121283255,0.148669797,0.511737089,0.157276995,0.019561815
06-10-2025 17:00,17,0.036776213,0.127543036,0.153364632,0.490610329,0.16627543,0.025039124
06-10-2025 18:00,18,0.045383412,0.160015649,0.175665102,0.460093897,0.142018779,0.016431925
06-10-2025 19:00,19,0.0614241,0.200704225,0.216744914,0.405320814,0.10172144,0.014084507
06-10-2025 20:00,20,0.096244131,0.254303599,0.246087637,0.327073552,0.064945227,0.011345853
06-10-2025 21:00,21,0.129890454,0.309859155,0.238654147,0.253912363,0.058685446,0.008607199
06-10-2025 22:00,22,0.143192488,0.329029734,0.223395931,0.231611894,0.064162754,0.008607199
06-10-2025 23:00,23,0.145539906,0.332550861,0.206181534,0.240610329,0.066510172,0.008607199
07-10-2025 00:00,0,0.143192488,0.323552426,0.205790297,0.246087637,0.068075117,0.012910798
07-10-2025 01:00,1,0.140453834,0.299687011,0.196400626,0.258607199,0.088028169,0.016823161
07-10-2025 02:00,2,0.131455399,0.299687011,0.198748044,0.25743349,0.092331768,0.019953052
07-10-2025 03:00,3,0.113067293,0.300469484,0.197965571,0.272300469,0.09428795,0.021517997
07-10-2025 04:00,4,0.106025039,0.291471049,0.207746479,0.274256651,0.099374022,0.021126761
07-10-2025 05:00,5,0.103286385,0.299295775,0.206964006,0.273474178,0.093505477,0.022691706
07-10-2025 06:00,6,0.089593114,0.3114241,0.218701095,0.270344288,0.08685446,0.023082942
07-10-2025 07:00,7,0.09741784,0.330203443,0.216353678,0.258215962,0.078638498,0.019170579
07-10-2025 08:00,8,0.122065728,0.362676056,0.20970266,0.222613459,0.069248826,0.013693271
07-10-2025 09:00,9,0.153364632,0.338028169,0.197574335,0.222222222,0.073552426,0.015258216
07-10-2025 10:00,10,0.156103286,0.297730829,0.207355243,0.249217527,0.075899844,0.012910798
07-10-2025 11:00,11,0.123239437,0.275039124,0.220657277,0.29342723,0.075117371,0.012519562
07-10-2025 12:00,12,0.098200313,0.248043818,0.205399061,0.347809077,0.087245696,0.012519562
07-10-2025 13:00,13,0.063771518,0.209311424,0.213223787,0.399843505,0.104068858,0.009780908
07-10-2025 14:00,14,0.052425665,0.167057903,0.185054773,0.460485133,0.123630673,0.011345853
07-10-2025 15:00,15,0.039906103,0.143192488,0.154147105,0.504303599,0.140062598,0.018388106
07-10-2025 16:00,16,0.041471049,0.121283255,0.148669797,0.511737089,0.157276995,0.019561815
07-10-2025 17:00,17,0.036776213,0.127543036,0.153364632,0.490610329,0.16627543,0.025039124
07-10-2025 18:00,18,0.045383412,0.160015649,0.175665102,0.460093897,0.142018779,0.016431925
07-10-2025 19:00,19,0.0614241,0.200704225,0.216744914,0.405320814,0.10172144,0.014084507
07-10-2025 20:00,20,0.096244131,0.254303599,0.246087637,0.327073552,0.064945227,0.011345853
07-10-2025 21:00,21,0.129890454,0.309859155,0.238654147,0.253912363,0.058685446,0.008607199
07-10-2025 22:00,22,0.143192488,0.329029734,0.223395931,0.231611894,0.064162754,0.008607199
07-10-2025 23:00,23,0.145539906,0.332550861,0.206181534,0.240610329,0.066510172,0.008607199
08-10-2025 00:00,0,0.143192488,0.323552426,0.205790297,0.246087637,0.068075117,0.012910798
08-10-2025 01:00,1,0.140453834,0.299687011,0.196400626,0.258607199,0.088028169,0.016823161
08-10-2025 02:00,2,0.131455399,0.299687011,0.198748044,0.25743349,0.092331768,0.019953052
08-10-2025 03:00,3,0.113067293,0.300469484,0.197965571,0.272300469,0.09428795,0.021517997
08-10-2025 04:00,4,0.106025039,0.291471049,0.207746479,0.274256651,0.099374022,0.021126761
08-10-2025 05:00,5,0.103286385,0.299295775,0.206964006,0.273474178,0.093505477,0.022691706
08-10-2025 06:00,6,0.089593114,0.3114241,0.218701095,0.270344288,0.08685446,0.023082942
08-10-2025 07:00,7,0.09741784,0.330203443,0.216353678,0.258215962,0.078638498,0.019170579
08-10-2025 08:00,8,0.122065728,0.362676056,0.20970266,0.222613459,0.069248826,0.013693271
08-10-2025 09:00,9,0.153364632,0.338028169,0.197574335,0.222222222,0.073552426,0.015258216
08-10-2025 10:00,10,0.156103286,0.297730829,0.207355243,0.249217527,0.075899844,0.012910798
08-10-2025 11:00,11,0.123239437,0.275039124,0.220657277,0.29342723,0.075117371,0.012519562
08-10-2025 12:00,12,0.098200313,0.248043818,0.205399061,0.347809077,0.087245696,0.012519562
08-10-2025 13:00,13,0.063771518,0.209311424,0.213223787,0.399843505,0.104068858,0.009780908
08-10-2025 14:00,14,0.052425665,0.167057903,0.185054773,0.460485133,0.123630673,0.011345853
08-10-2025 15:00,15,0.039906103,0.143192488,0.154147105,0.504303599,0.140062598,0.018388106
08-10-2025 16:00,16,0.041471049,0.121283255,0.148669797,0.511737089,0.157276995,0.019561815
08-10-2025 17:00,17,0.036776213,0.127543036,0.153364632,0.490610329,0.16627543,0.025039124
08-10-2025 18:00,18,0.045383412,0.160015649,0.175665102,0.460093897,0.142018779,0.016431925
08-10-2025 19:00,19,0.0614241,0.200704225,0.216744914,0.405320814,0.10172144,0.014084507
08-10-2025 20:00,20,0.096244131,0.254303599,0.246087637,0.327073552,0.064945227,0.011345853
08-10-2025 21:00,21,0.129890454,0.309859155,0.238654147,0.253912363,0.058685446,0.008607199
08-10-2025 22:00,22,0.143192488,0.329029734,0.223395931,0.231611894,0.064162754,0.008607199
08-10-2025 23:00,23,0.145539906,0.332550861,0.206181534,0.240610329,0.066510172,0.008607199
09-10-2025 00:00,0,0.143192488,0.323552426,0.205790297,0.246087637,0.068075117,0.012910798
09-10-2025 01:00,1,0.140453834,0.299687011,0.196400626,0.258607199,0.088028169,0.016823161
09-10-2025 02:00,2,0.131455399,0.299687011,0.198748044,0.25743349,0.092331768,0.019953052
09-10-2025 03:00,3,0.113067293,0.300469484,0.197965571,0.272300469,0.09428795,0.021517997
09-10-2025 04:00,4,0.106025039,0.291471049,0.207746479,0.274256651,0.099374022,0.021126761
09-10-2025 05:00,5,0.103286385,0.299295775,0.206964006,0.273474178,0.093505477,0.022691706
09-10-2025 06:00,6,0.089593114,0.3114241,0.218701095,0.270344288,0.08685446,0.023082942
09-10-2025 07:00,7,0.09741784,0.330203443,0.216353678,0.258215962,0.078638498,0.019170579
09-10-2025 08:00,8,0.122065728,0.362676056,0.20970266,0.222613459,0.069248826,0.013693271
09-10-2025 09:00,9,0.153364632,0.338028169,0.197574335,0.222222222,0.073552426,0.015258216
09-10-2025 10:00,10,0.156103286,0.297730829,0.207355243,0.249217527,0.075899844,0.012910798
09-10-2025 11:00,11,0.123239437,0.275039124,0.220657277,0.29342723,0.075117371,0.012519562
09-10-2025 12:00,12,0.098200313,0.248043818,0.205399061,0.347809077,0.087245696,0.012519562
09-10-2025 13:00,13,0.063771518,0.209311424,0.213223787,0.399843505,0.104068858,0.009780908
09-10-2025 14:00,14,0.052425665,0.167057903,0.185054773,0.460485133,0.123630673,0.011345853
09-10-2025 15:00,15,0.039906103,0.143192488,0.154147105,0.504303599,0.140062598,0.018388106
09-10-2025 16:00,16,0.041471049,0.121283255,0.148669797,0.511737089,0.157276995,0.019561815
09-10-2025 17:00,17,0.036776213,0.127543036,0.153364632,0.490610329,0.16627543,0.025039124
09-10-2025 18:00,18,0.045383412,0.160015649,0.175665102,0.460093897,0.142018779,0.016431925
09-10-2025 19:00,19,0.0614241,0.200704225,0.216744914,0.405320814,0.10172144,0.014084507
09-10-2025 20:00,20,0.096244131,0.254303599,0.246087637,0.327073552,0.064945227,0.011345853
09-10-2025 21:00,21,0.129890454,0.309859155,0.238654147,0.253912363,0.058685446,0.008607199
09-10-2025 22:00,22,0.143192488,0.329029734,0.223395931,0.231611894,0.064162754,0.008607199
09-10-2025 23:00,23,0.145539906,0.332550861,0.206181534,0.240610329,0.066510172,0.008607199
10-10-2025 00:00,0,0.143192488,0.323552426,0.205790297,0.246087637,0.068075117,0.012910798
10-10-2025 01:00,1,0.140453834,0.299687011,0.196400626,0.258607199,0.088028169,0.016823161
10-10-2025 02:00,2,0.131455399,0.299687011,0.198748044,0.25743349,0.092331768,0.019953052
10-10-2025 03:00,3,0.113067293,0.300469484,0.197965571,0.272300469,0.09428795,0.021517997
10-10-2025 04:00,4,0.106025039,0.291471049,0.207746479,0.274256651,0.099374022,0.021126761
10-10-2025 05:00,5,0.103286385,0.299295775,0.206964006,0.273474178,0.093505477,0.022691706
10-10-2025 06:00,6,0.089593114,0.3114241,0.218701095,0.270344288,0.08685446,0.023082942
10-10-2025 07:00,7,0.09741784,0.330203443,0.216353678,0.258215962,0.078638498,0.019170579
10-10-2025 08:00,8,0.122065728,0.362676056,0.20970266,0.222613459,0.069248826,0.013693271
10-10-2025 09:00,9,0.153364632,0.338028169,0.197574335,0.222222222,0.073552426,0.015258216
10-10-2025 10:00,10,0.156103286,0.297730829,0.207355243,0.249217527,0.075899844,0.012910798
10-10-2025 11:00,11,0.123239437,0.275039124,0.220657277,0.29342723,0.075117371,0.012519562
10-10-2025 12:00,12,0.098200313,0.248043818,0.205399061,0.347809077,0.087245696,0.012519562
10-10-2025 13:00,13,0.063771518,0.209311424,0.213223787,0.399843505,0.104068858,0.009780908
10-10-2025 14:00,14,0.052425665,0.167057903,0.185054773,0.460485133,0.123630673,0.011345853
10-10-2025 15:00,15,0.039906103,0.143192488,0.154147105,0.504303599,0.140062598,0.018388106
10-10-2025 16:00,16,0.041471049,0.121283255,0.148669797,0.511737089,0.157276995,0.019561815
10-10-2025 17:00,17,0.036776213,0.127543036,0.153364632,0.490610329,0.16627543,0.025039124
10-10-2025 18:00,18,0.045383412,0.160015649,0.175665102,0.460093897,0.142018779,0.016431925
10-10-2025 19:00,19,0.0614241,0.200704225,0.216744914,0.405320814,0.10172144,0.014084507
10-10-2025 20:00,20,0.096244131,0.254303599,0.246087637,0.327073552,0.064945227,0.011345853
10-10-2025 21:00,21,0.129890454,0.309859155,0.238654147,0.253912363,0.058685446,0.008607199
10-10-2025 22:00,22,0.143192488,0.329029734,0.223395931,0.231611894,0.064162754,0.008607199
10-10-2025 23:00,23,0.145539906,0.332550861,0.206181534,0.240610329,0.066510172,0.008607199
11-10-2025 00:00,0,0.143192488,0.323552426,0.205790297,0.246087637,0.068075117,0.012910798
11-10-2025 01:00,1,0.140453834,0.299687011,0.196400626,0.258607199,0.088028169,0.016823161
11-10-2025 02:00,2,0.131455399,0.299687011,0.198748044,0.25743349,0.092331768,0.019953052
11-10-2025 03:00,3,0.113067293,0.300469484,0.197965571,0.272300469,0.09428795,0.021517997
11-10-2025 04:00,4,0.106025039,0.291471049,0.207746479,0.274256651,0.099374022,0.021126761
11-10-2025 05:00,5,0.103286385,0.299295775,0.206964006,0.273474178,0.093505477,0.022691706
11-10-2025 06:00,6,0.089593114,0.3114241,0.218701095,0.270344288,0.08685446,0.023082942
11-10-2025 07:00,7,0.09741784,0.330203443,0.216353678,0.258215962,0.078638498,0.019170579
11-10-2025 08:00,8,0.122065728,0.362676056,0.20970266,0.222613459,0.069248826,0.013693271
11-10-2025 09:00,9,0.153364632,0.338028169,0.197574335,0.222222222,0.073552426,0.015258216
11-10-2025 10:00,10,0.156103286,0.297730829,0.207355243,0.249217527,0.075899844,0.012910798
11-10-2025 11:00,11,0.123239437,0.275039124,0.220657277,0.29342723,0.075117371,0.012519562
11-10-2025 12:00,12,0.098200313,0.248043818,0.205399061,0.347809077,0.087245696,0.012519562
11-10-2025 13:00,13,0.063771518,0.209311424,0.213223787,0.399843505,0.104068858,0.009780908
11-10-2025 14:00,14,0.052425665,0.167057903,0.185054773,0.460485133,0.123630673,0.011345853
11-10-2025 15:00,15,0.039906103,0.143192488,0.154147105,0.504303599,0.140062598,0.018388106
11-10-2025 16:00,16,0.041471049,0.121283255,0.148669797,0.511737089,0.157276995,0.019561815
11-10-2025 17:00,17,0.036776213,0.127543036,0.153364632,0.490610329,0.16627543,0.025039124
11-10-2025 18:00,18,0.045383412,0.160015649,0.175665102,0.460093897,0.142018779,0.016431925
11-10-2025 19:00,19,0.0614241,0.200704225,0.216744914,0.405320814,0.10172144,0.014084507
11-10-2025 20:00,20,0.096244131,0.254303599,0.246087637,0.327073552,0.064945227,0.011345853
11-10-2025 21:00,21,0.129890454,0.309859155,0.238654147,0.253912363,0.058685446,0.008607199
11-10-2025 22:00,22,0.143192488,0.329029734,0.223395931,0.231611894,0.064162754,0.008607199
11-10-2025 23:00,23,0.145539906,0.332550861,0.206181534,0.240610329,0.066510172,0.008607199
12-10-2025 00:00,0,0.143192488,0.323552426,0.205790297,0.246087637,0.068075117,0.012910798
12-10-2025 01:00,1,0.140453834,0.299687011,0.196400626,0.258607199,0.088028169,0.016823161
12-10-2025 02:00,2,0.131455399,0.299687011,0.198748044,0.25743349,0.092331768,0.019953052
12-10-2025 03:00,3,0.113067293,0.300469484,0.197965571,0.272300469,0.09428795,0.021517997
12-10-2025 04:00,4,0.106025039,0.291471049,0.207746479,0.274256651,0.099374022,0.021126761
12-10-2025 05:00,5,0.103286385,0.299295775,0.206964006,0.273474178,0.093505477,0.022691706
12-10-2025 06:00,6,0.089593114,0.3114241,0.218701095,0.270344288,0.08685446,0.023082942
12-10-2025 07:00,7,0.09741784,0.330203443,0.216353678,0.258215962,0.078638498,0.019170579
12-10-2025 08:00,8,0.122065728,0.362676056,0.20970266,0.222613459,0.069248826,0.013693271
12-10-2025 09:00,9,0.153364632,0.338028169,0.197574335,0.222222222,0.073552426,0.015258216
12-10-2025 10:00,10,0.156103286,0.297730829,0.207355243,0.249217527,0.075899844,0.012910798
12-10-2025 11:00,11,0.123239437,0.275039124,0.220657277,0.29342723,0.075117371,0.012519562
12-10-2025 12:00,12,0.098200313,0.248043818,0.205399061,0.347809077,0.087245696,0.012519562
12-10-2025 13:00,13,0.063771518,0.209311424,0.213223787,0.399843505,0.104068858,0.009780908
12-10-2025 14:00,14,0.052425665,0.167057903,0.185054773,0.460485133,0.123630673,0.011345853
12-10-2025 15:00,15,0.039906103,0.143192488,0.154147105,0.504303599,0.140062598,0.018388106
12-10-2025 16:00,16,0.041471049,0.121283255,0.148669797,0.511737089,0.157276995,0.019561815
12-10-2025 17:00,17,0.036776213,0.127543036,0.153364632,0.490610329,0.16627543,0.025039124
12-10-2025 18:00,18,0.045383412,0.160015649,0.175665102,0.460093897,0.142018779,0.016431925
12-10-2025 19:00,19,0.0614241,0.200704225,0.216744914,0.405320814,0.10172144,0.014084507
12-10-2025 20:00,20,0.096244131,0.254303599,0.246087637,0.327073552,0.064945227,0.011345853
12-10-2025 21:00,21,0.129890454,0.309859155,0.238654147,0.253912363,0.058685446,0.008607199
12-10-2025 22:00,22,0.143192488,0.329029734,0.223395931,0.231611894,0.064162754,0.008607199
12-10-2025 23:00,23,0.145539906,0.332550861,0.206181534,0.240610329,0.066510172,0.008607199
13-10-2025 00:00,0,0.143192488,0.323552426,0.205790297,0.246087637,0.068075117,0.012910798
13-10-2025 01:00,1,0.140453834,0.299687011,0.196400626,0.258607199,0.088028169,0.016823161
13-10-2025 02:00,2,0.131455399,0.299687011,0.198748044,0.25743349,0.092331768,0.019953052
13-10-2025 03:00,3,0.113067293,0.300469484,0.197965571,0.272300469,0.09428795,0.021517997
13-10-2025 04:00,4,0.106025039,0.291471049,0.207746479,0.274256651,0.099374022,0.021126761
13-10-2025 05:00,5,0.103286385,0.299295775,0.206964006,0.273474178,0.093505477,0.022691706
13-10-2025 06:00,6,0.089593114,0.3114241,0.218701095,0.270344288,0.08685446,0.023082942
13-10-2025 07:00,7,0.09741784,0.330203443,0.216353678,0.258215962,0.078638498,0.019170579
13-10-2025 08:00,8,0.122065728,0.362676056,0.20970266,0.222613459,0.069248826,0.013693271
13-10-2025 09:00,9,0.153364632,0.338028169,0.197574335,0.222222222,0.073552426,0.015258216
13-10-2025 10:00,10,0.156103286,0.297730829,0.207355243,0.249217527,0.075899844,0.012910798
13-10-2025 11:00,11,0.123239437,0.275039124,0.220657277,0.29342723,0.075117371,0.012519562
13-10-2025 12:00,12,0.098200313,0.248043818,0.205399061,0.347809077,0.087245696,0.012519562
13-10-2025 13:00,13,0.063771518,0.209311424,0.213223787,0.399843505,0.104068858,0.009780908
13-10-2025 14:00,14,0.052425665,0.167057903,0.185054773,0.460485133,0.123630673,0.011345853
13-10-2025 15:00,15,0.039906103,0.143192488,0.154147105,0.504303599,0.140062598,0.018388106
13-10-2025 16:00,16,0.041471049,0.121283255,0.148669797,0.511737089,0.157276995,0.019561815
13-10-2025 17:00,17,0.036776213,0.127543036,0.153364632,0.490610329,0.16627543,0.025039124
13-10-2025 18:00,18,0.045383412,0.160015649,0.175665102,0.460093897,0.142018779,0.016431925
13-10-2025 19:00,19,0.0614241,0.200704225,0.216744914,0.405320814,0.10172144,0.014084507
13-10-2025 20:00,20,0.096244131,0.254303599,0.246087637,0.327073552,0.064945227,0.011345853
13-10-2025 21:00,21,0.129890454,0.309859155,0.238654147,0.253912363,0.058685446,0.008607199
13-10-2025 22:00,22,0.143192488,0.329029734,0.223395931,0.231611894,0.064162754,0.008607199
13-10-2025 23:00,23,0.145539906,0.332550861,0.206181534,0.240610329,0.066510172,0.008607199
14-10-2025 00:00,0,0.143192488,0.323552426,0.205790297,0.246087637,0.068075117,0.012910798
14-10-2025 01:00,1,0.140453834,0.299687011,0.196400626,0.258607199,0.088028169,0.016823161
14-10-2025 02:00,2,0.131455399,0.299687011,0.198748044,0.25743349,0.092331768,0.019953052
14-10-2025 03:00,3,0.113067293,0.300469484,0.197965571,0.272300469,0.09428795,0.021517997
14-10-2025 04:00,4,0.106025039,0.291471049,0.207746479,0.274256651,0.099374022,0.021126761
14-10-2025 05:00,5,0.103286385,0.299295775,0.206964006,0.273474178,0.093505477,0.022691706
14-10-2025 06:00,6,0.089593114,0.3114241,0.218701095,0.270344288,0.08685446,0.023082942
14-10-2025 07:00,7,0.09741784,0.330203443,0.216353678,0.258215962,0.078638498,0.019170579
14-10-2025 08:00,8,0.122065728,0.362676056,0.20970266,0.222613459,0.069248826,0.013693271
14-10-2025 09:00,9,0.153364632,0.338028169,0.197574335,0.222222222,0.073552426,0.015258216
14-10-2025 10:00,10,0.156103286,0.297730829,0.207355243,0.249217527,0.075899844,0.012910798
14-10-2025 11:00,11,0.123239437,0.275039124,0.220657277,0.29342723,0.075117371,0.012519562
14-10-2025 12:00,12,0.098200313,0.248043818,0.205399061,0.347809077,0.087245696,0.012519562
14-10-2025 13:00,13,0.063771518,0.209311424,0.213223787,0.399843505,0.104068858,0.009780908
14-10-2025 14:00,14,0.052425665,0.167057903,0.185054773,0.460485133,0.123630673,0.011345853
14-10-2025 15:00,15,0.039906103,0.143192488,0.154147105,0.504303599,0.140062598,0.018388106
14-10-2025 16:00,16,0.041471049,0.121283255,0.148669797,0.511737089,0.157276995,0.019561815
14-10-2025 17:00,17,0.036776213,0.127543036,0.153364632,0.490610329,0.16627543,0.025039124
14-10-2025 18:00,18,0.045383412,0.160015649,0.175665102,0.460093897,0.142018779,0.016431925
14-10-2025 19:00,19,0.0614241,0.200704225,0.216744914,0.405320814,0.10172144,0.014084507
14-10-2025 20:00,20,0.096244131,0.254303599,0.246087637,0.327073552,0.064945227,0.011345853
14-10-2025 21:00,21,0.129890454,0.309859155,0.238654147,0.253912363,0.058685446,0.008607199
14-10-2025 22:00,22,0.143192488,0.329029734,0.223395931,0.231611894,0.064162754,0.008607199
14-10-2025 23:00,23,0.145539906,0.332550861,0.206181534,0.240610329,0.066510172,0.008607199
15-10-2025 00:00,0,0.143192488,0.323552426,0.205790297,0.246087637,0.068075117,0.012910798
15-10-2025 01:00,1,0.140453834,0.299687011,0.196400626,0.258607199,0.088028169,0.016823161
15-10-2025 02:00,2,0.131455399,0.299687011,0.198748044,0.25743349,0.092331768,0.019953052
15-10-2025 03:00,3,0.113067293,0.300469484,0.197965571,0.272300469,0.09428795,0.021517997
15-10-2025 04:00,4,0.106025039,0.291471049,0.207746479,0.274256651,0.099374022,0.021126761
15-10-2025 05:00,5,0.103286385,0.299295775,0.206964006,0.273474178,0.093505477,0.022691706
15-10-2025 06:00,6,0.089593114,0.3114241,0.218701095,0.270344288,0.08685446,0.023082942
15-10-2025 07:00,7,0.09741784,0.330203443,0.216353678,0.258215962,0.078638498,0.019170579
15-10-2025 08:00,8,0.122065728,0.362676056,0.20970266,0.222613459,0.069248826,0.013693271
15-10-2025 09:00,9,0.153364632,0.338028169,0.197574335,0.222222222,0.073552426,0.015258216
15-10-2025 10:00,10,0.156103286,0.297730829,0.207355243,0.249217527,0.075899844,0.012910798
15-10-2025 11:00,11,0.123239437,0.275039124,0.220657277,0.29342723,0.075117371,0.012519562
15-10-2025 12:00,12,0.098200313,0.248043818,0.205399061,0.347809077,0.087245696,0.012519562
15-10-2025 13:00,13,0.063771518,0.209311424,0.213223787,0.399843505,0.104068858,0.009780908
15-10-2025 14:00,14,0.052425665,0.167057903,0.185054773,0.460485133,0.123630673,0.011345853
15-10-2025 15:00,15,0.039906103,0.143192488,0.154147105,0.504303599,0.140062598,0.018388106
15-10-2025 16:00,16,0.041471049,0.121283255,0.148669797,0.511737089,0.157276995,0.019561815
15-10-2025 17:00,17,0.036776213,0.127543036,0.153364632,0.490610329,0.16627543,0.025039124
15-10-2025 18:00,18,0.045383412,0.160015649,0.175665102,0.460093897,0.142018779,0.016431925
15-10-2025 19:00,19,0.0614241,0.200704225,0.216744914,0.405320814,0.10172144,0.014084507
15-10-2025 20:00,20,0.096244131,0.254303599,0.246087637,0.327073552,0.064945227,0.011345853
15-10-2025 21:00,21,0.129890454,0.309859155,0.238654147,0.253912363,0.058685446,0.008607199
15-10-2025 22:00,22,0.143192488,0.329029734,0.223395931,0.231611894,0.064162754,0.008607199
15-10-2025 23:00,23,0.145539906,0.332550861,0.206181534,0.240610329,0.066510172,0.008607199
16-10-2025 00:00,0,0.143192488,0.323552426,0.205790297,0.246087637,0.068075117,0.012910798
16-10-2025 01:00,1,0.140453834,0.299687011,0.196400626,0.258607199,0.088028169,0.016823161
16-10-2025 02:00,2,0.131455399,0.299687011,0.198748044,0.25743349,0.092331768,0.019953052
16-10-2025 03:00,3,0.113067293,0.300469484,0.197965571,0.272300469,0.09428795,0.021517997
16-10-2025 04:00,4,0.106025039,0.291471049,0.207746479,0.274256651,0.099374022,0.021126761
16-10-2025 05:00,5,0.103286385,0.299295775,0.206964006,0.273474178,0.093505477,0.022691706
16-10-2025 06:00,6,0.089593114,0.3114241,0.218701095,0.270344288,0.08685446,0.023082942
16-10-2025 07:00,7,0.09741784,0.330203443,0.216353678,0.258215962,0.078638498,0.019170579
16-10-2025 08:00,8,0.122065728,0.362676056,0.20970266,0.222613459,0.069248826,0.013693271
16-10-2025 09:00,9,0.153364632,0.338028169,0.197574335,0.222222222,0.073552426,0.015258216
16-10-2025 10:00,10,0.156103286,0.297730829,0.207355243,0.249217527,0.075899844,0.012910798
16-10-2025 11:00,11,0.123239437,0.275039124,0.220657277,0.29342723,0.075117371,0.012519562
16-10-2025 12:00,12,0.098200313,0.248043818,0.205399061,0.347809077,0.087245696,0.012519562
16-10-2025 13:00,13,0.063771518,0.209311424,0.213223787,0.399843505,0.104068858,0.009780908
16-10-2025 14:00,14,0.052425665,0.167057903,0.185054773,0.460485133,0.123630673,0.011345853
16-10-2025 15:00,15,0.039906103,0.143192488,0.154147105,0.504303599,0.140062598,0.018388106
16-10-2025 16:00,16,0.041471049,0.121283255,0.148669797,0.511737089,0.157276995,0.019561815
16-10-2025 17:00,17,0.036776213,0.127543036,0.153364632,0.490610329,0.16627543,0.025039124
16-10-2025 18:00,18,0.045383412,0.160015649,0.175665102,0.460093897,0.142018779,0.016431925
16-10-2025 19:00,19,0.0614241,0.200704225,0.216744914,0.405320814,0.10172144,0.014084507
16-10-2025 20:00,20,0.096244131,0.254303599,0.246087637,0.327073552,0.064945227,0.011345853
16-10-2025 21:00,21,0.129890454,0.309859155,0.238654147,0.253912363,0.058685446,0.008607199
16-10-2025 22:00,22,0.143192488,0.329029734,0.223395931,0.231611894,0.064162754,0.008607199
16-10-2025 23:00,23,0.145539906,0.332550861,0.206181534,0.240610329,0.066510172,0.008607199
17-10-2025 00:00,0,0.143192488,0.323552426,0.205790297,0.246087637,0.068075117,0.012910798
17-10-2025 01:00,1,0.140453834,0.299687011,0.196400626,0.258607199,0.088028169,0.016823161
17-10-2025 02:00,2,0.131455399,0.299687011,0.198748044,0.25743349,0.092331768,0.019953052
17-10-2025 03:00,3,0.113067293,0.300469484,0.197965571,0.272300469,0.09428795,0.021517997
17-10-2025 04:00,4,0.106025039,0.291471049,0.207746479,0.274256651,0.099374022,0.021126761
17-10-2025 05:00,5,0.103286385,0.299295775,0.206964006,0.273474178,0.093505477,0.022691706
17-10-2025 06:00,6,0.089593114,0.3114241,0.218701095,0.270344288,0.08685446,0.023082942
17-10-2025 07:00,7,0.09741784,0.330203443,0.216353678,0.258215962,0.078638498,0.019170579
17-10-2025 08:00,8,0.122065728,0.362676056,0.20970266,0.222613459,0.069248826,0.013693271
17-10-2025 09:00,9,0.153364632,0.338028169,0.197574335,0.222222222,0.073552426,0.015258216
17-10-2025 10:00,10,0.156103286,0.297730829,0.207355243,0.249217527,0.075899844,0.012910798
17-10-2025 11:00,11,0.123239437,0.275039124,0.220657277,0.29342723,0.075117371,0.012519562
17-10-2025 12:00,12,0.098200313,0.248043818,0.205399061,0.347809077,0.087245696,0.012519562
17-10-2025 13:00,13,0.063771518,0.209311424,0.213223787,0.399843505,0.104068858,0.009780908
17-10-2025 14:00,14,0.052425665,0.167057903,0.185054773,0.460485133,0.123630673,0.011345853
17-10-2025 15:00,15,0.039906103,0.143192488,0.154147105,0.504303599,0.140062598,0.018388106
17-10-2025 16:00,16,0.041471049,0.121283255,0.148669797,0.511737089,0.157276995,0.019561815
17-10-2025 17:00,17,0.036776213,0.127543036,0.153364632,0.490610329,0.16627543,0.025039124
17-10-2025 18:00,18,0.045383412,0.160015649,0.175665102,0.460093897,0.142018779,0.016431925
17-10-2025 19:00,19,0.0614241,0.200704225,0.216744914,0.405320814,0.10172144,0.014084507
17-10-2025 20:00,20,0.096244131,0.254303599,0.246087637,0.327073552,0.064945227,0.011345853
17-10-2025 21:00,21,0.129890454,0.309859155,0.238654147,0.253912363,0.058685446,0.008607199
17-10-2025 22:00,22,0.143192488,0.329029734,0.223395931,0.231611894,0.064162754,0.008607199
17-10-2025 23:00,23,0.145539906,0.332550861,0.206181534,0.240610329,0.066510172,0.008607199
18-10-2025 00:00,0,0.143192488,0.323552426,0.205790297,0.246087637,0.068075117,0.012910798
18-10-2025 01:00,1,0.140453834,0.299687011,0.196400626,0.258607199,0.088028169,0.016823161
18-10-2025 02:00,2,0.131455399,0.299687011,0.198748044,0.25743349,0.092331768,0.019953052
18-10-2025 03:00,3,0.113067293,0.300469484,0.197965571,0.272300469,0.09428795,0.021517997
18-10-2025 04:00,4,0.106025039,0.291471049,0.207746479,0.274256651,0.099374022,0.021126761
18-10-2025 05:00,5,0.103286385,0.299295775,0.206964006,0.273474178,0.093505477,0.022691706
18-10-2025 06:00,6,0.089593114,0.3114241,0.218701095,0.270344288,0.08685446,0.023082942
18-10-2025 07:00,7,0.09741784,0.330203443,0.216353678,0.258215962,0.078638498,0.019170579
18-10-2025 08:00,8,0.122065728,0.362676056,0.20970266,0.222613459,0.069248826,0.013693271
18-10-2025 09:00,9,0.153364632,0.338028169,0.197574335,0.222222222,0.073552426,0.015258216
18-10-2025 10:00,10,0.156103286,0.297730829,0.207355243,0.249217527,0.075899844,0.012910798
18-10-2025 11:00,11,0.123239437,0.275039124,0.220657277,0.29342723,0.075117371,0.012519562
18-10-2025 12:00,12,0.098200313,0.248043818,0.205399061,0.347809077,0.087245696,0.012519562
18-10-2025 13:00,13,0.063771518,0.209311424,0.213223787,0.399843505,0.104068858,0.009780908
18-10-2025 14:00,14,0.052425665,0.167057903,0.185054773,0.460485133,0.123630673,0.011345853
18-10-2025 15:00,15,0.039906103,0.143192488,0.154147105,0.504303599,0.140062598,0.018388106
18-10-2025 16:00,16,0.041471049,0.121283255,0.148669797,0.511737089,0.157276995,0.019561815
18-10-2025 17:00,17,0.036776213,0.127543036,0.153364632,0.490610329,0.16627543,0.025039124
18-10-2025 18:00,18,0.045383412,0.160015649,0.175665102,0.460093897,0.142018779,0.016431925
18-10-2025 19:00,19,0.0614241,0.200704225,0.216744914,0.405320814,0.10172144,0.014084507
18-10-2025 20:00,20,0.096244131,0.254303599,0.246087637,0.327073552,0.064945227,0.011345853
18-10-2025 21:00,21,0.129890454,0.309859155,0.238654147,0.253912363,0.058685446,0.008607199
18-10-2025 22:00,22,0.143192488,0.329029734,0.223395931,0.231611894,0.064162754,0.008607199
18-10-2025 23:00,23,0.145539906,0.332550861,0.206181534,0.240610329,0.066510172,0.008607199
19-10-2025 00:00,0,0.143192488,0.323552426,0.205790297,0.246087637,0.068075117,0.012910798
19-10-2025 01:00,1,0.140453834,0.299687011,0.196400626,0.258607199,0.088028169,0.016823161
19-10-2025 02:00,2,0.131455399,0.299687011,0.198748044,0.25743349,0.092331768,0.019953052
19-10-2025 03:00,3,0.113067293,0.300469484,0.197965571,0.272300469,0.09428795,0.021517997
19-10-2025 04:00,4,0.106025039,0.291471049,0.207746479,0.274256651,0.099374022,0.021126761
19-10-2025 05:00,5,0.103286385,0.299295775,0.206964006,0.273474178,0.093505477,0.022691706
19-10-2025 06:00,6,0.089593114,0.3114241,0.218701095,0.270344288,0.08685446,0.023082942
19-10-2025 07:00,7,0.09741784,0.330203443,0.216353678,0.258215962,0.078638498,0.019170579
19-10-2025 08:00,8,0.122065728,0.362676056,0.20970266,0.222613459,0.069248826,0.013693271
19-10-2025 09:00,9,0.153364632,0.338028169,0.197574335,0.222222222,0.073552426,0.015258216
19-10-2025 10:00,10,0.156103286,0.297730829,0.207355243,0.249217527,0.075899844,0.012910798
19-10-2025 11:00,11,0.123239437,0.275039124,0.220657277,0.29342723,0.075117371,0.012519562
19-10-2025 12:00,12,0.098200313,0.248043818,0.205399061,0.347809077,0.087245696,0.012519562
19-10-2025 13:00,13,0.063771518,0.209311424,0.213223787,0.399843505,0.104068858,0.009780908
19-10-2025 14:00,14,0.052425665,0.167057903,0.185054773,0.460485133,0.123630673,0.011345853
19-10-2025 15:00,15,0.039906103,0.143192488,0.154147105,0.504303599,0.140062598,0.018388106
19-10-2025 16:00,16,0.041471049,0.121283255,0.148669797,0.511737089,0.157276995,0.019561815
19-10-2025 17:00,17,0.036776213,0.127543036,0.153364632,0.490610329,0.16627543,0.025039124
19-10-2025 18:00,18,0.045383412,0.160015649,0.175665102,0.460093897,0.142018779,0.016431925
19-10-2025 19:00,19,0.0614241,0.200704225,0.216744914,0.405320814,0.10172144,0.014084507
19-10-2025 20:00,20,0.096244131,0.254303599,0.246087637,0.327073552,0.064945227,0.011345853
19-10-2025 21:00,21,0.129890454,0.309859155,0.238654147,0.253912363,0.058685446,0.008607199
19-10-2025 22:00,22,0.143192488,0.329029734,0.223395931,0.231611894,0.064162754,0.008607199
19-10-2025 23:00,23,0.145539906,0.332550861,0.206181534,0.240610329,0.066510172,0.008607199
20-10-2025 00:00,0,0.143192488,0.323552426,0.205790297,0.246087637,0.068075117,0.012910798
20-10-2025 01:00,1,0.140453834,0.299687011,0.196400626,0.258607199,0.088028169,0.016823161
20-10-2025 02:00,2,0.131455399,0.299687011,0.198748044,0.25743349,0.092331768,0.019953052
20-10-2025 03:00,3,0.113067293,0.300469484,0.197965571,0.272300469,0.09428795,0.021517997
20-10-2025 04:00,4,0.106025039,0.291471049,0.207746479,0.274256651,0.099374022,0.021126761
20-10-2025 05:00,5,0.103286385,0.299295775,0.206964006,0.273474178,0.093505477,0.022691706
20-10-2025 06:00,6,0.089593114,0.3114241,0.218701095,0.270344288,0.08685446,0.023082942
20-10-2025 07:00,7,0.09741784,0.330203443,0.216353678,0.258215962,0.078638498,0.019170579
20-10-2025 08:00,8,0.122065728,0.362676056,0.20970266,0.222613459,0.069248826,0.013693271
20-10-2025 09:00,9,0.153364632,0.338028169,0.197574335,0.222222222,0.073552426,0.015258216
20-10-2025 10:00,10,0.156103286,0.297730829,0.207355243,0.249217527,0.075899844,0.012910798
20-10-2025 11:00,11,0.123239437,0.275039124,0.220657277,0.29342723,0.075117371,0.012519562
20-10-2025 12:00,12,0.098200313,0.248043818,0.205399061,0.347809077,0.087245696,0.012519562
20-10-2025 13:00,13,0.063771518,0.209311424,0.213223787,0.399843505,0.104068858,0.009780908
20-10-2025 14:00,14,0.052425665,0.167057903,0.185054773,0.460485133,0.123630673,0.011345853
20-10-2025 15:00,15,0.039906103,0.143192488,0.154147105,0.504303599,0.140062598,0.018388106
20-10-2025 16:00,16,0.041471049,0.121283255,0.148669797,0.511737089,0.157276995,0.019561815
20-10-2025 17:00,17,0.036776213,0.127543036,0.153364632,0.490610329,0.16627543,0.025039124
20-10-2025 18:00,18,0.045383412,0.160015649,0.175665102,0.460093897,0.142018779,0.016431925
20-10-2025 19:00,19,0.0614241,0.200704225,0.216744914,0.405320814,0.10172144,0.014084507
20-10-2025 20:00,20,0.096244131,0.254303599,0.246087637,0.327073552,0.064945227,0.011345853
20-10-2025 21:00,21,0.129890454,0.309859155,0.238654147,0.253912363,0.058685446,0.008607199
20-10-2025 22:00,22,0.143192488,0.329029734,0.223395931,0.231611894,0.064162754,0.008607199
20-10-2025 23:00,23,0.145539906,0.332550861,0.206181534,0.240610329,0.066510172,0.008607199
21-10-2025 00:00,0,0.143192488,0.323552426,0.205790297,0.246087637,0.068075117,0.012910798
21-10-2025 01:00,1,0.140453834,0.299687011,0.196400626,0.258607199,0.088028169,0.016823161
21-10-2025 02:00,2,0.131455399,0.299687011,0.198748044,0.25743349,0.092331768,0.019953052
21-10-2025 03:00,3,0.113067293,0.300469484,0.197965571,0.272300469,0.09428795,0.021517997
21-10-2025 04:00,4,0.106025039,0.291471049,0.207746479,0.274256651,0.099374022,0.021126761
21-10-2025 05:00,5,0.103286385,0.299295775,0.206964006,0.273474178,0.093505477,0.022691706
21-10-2025 06:00,6,0.089593114,0.3114241,0.218701095,0.270344288,0.08685446,0.023082942
21-10-2025 07:00,7,0.09741784,0.330203443,0.216353678,0.258215962,0.078638498,0.019170579
21-10-2025 08:00,8,0.122065728,0.362676056,0.20970266,0.222613459,0.069248826,0.013693271
21-10-2025 09:00,9,0.153364632,0.338028169,0.197574335,0.222222222,0.073552426,0.015258216
21-10-2025 10:00,10,0.156103286,0.297730829,0.207355243,0.249217527,0.075899844,0.012910798
21-10-2025 11:00,11,0.123239437,0.275039124,0.220657277,0.29342723,0.075117371,0.012519562
21-10-2025 12:00,12,0.098200313,0.248043818,0.205399061,0.347809077,0.087245696,0.012519562
21-10-2025 13:00,13,0.063771518,0.209311424,0.213223787,0.399843505,0.104068858,0.009780908
21-10-2025 14:00,14,0.052425665,0.167057903,0.185054773,0.460485133,0.123630673,0.011345853
21-10-2025 15:00,15,0.039906103,0.143192488,0.154147105,0.504303599,0.140062598,0.018388106
21-10-2025 16:00,16,0.041471049,0.121283255,0.148669797,0.511737089,0.157276995,0.019561815
21-10-2025 17:00,17,0.036776213,0.127543036,0.153364632,0.490610329,0.16627543,0.025039124
21-10-2025 18:00,18,0.045383412,0.160015649,0.175665102,0.460093897,0.142018779,0.016431925
21-10-2025 19:00,19,0.0614241,0.200704225,0.216744914,0.405320814,0.10172144,0.014084507
21-10-2025 20:00,20,0.096244131,0.254303599,0.246087637,0.327073552,0.064945227,0.011345853
21-10-2025 21:00,21,0.129890454,0.309859155,0.238654147,0.253912363,0.058685446,0.008607199
21-10-2025 22:00,22,0.143192488,0.329029734,0.223395931,0.231611894,0.064162754,0.008607199
21-10-2025 23:00,23,0.145539906,0.332550861,0.206181534,0.240610329,0.066510172,0.008607199
22-10-2025 00:00,0,0.143192488,0.323552426,0.205790297,0.246087637,0.068075117,0.012910798
22-10-2025 01:00,1,0.140453834,0.299687011,0.196400626,0.258607199,0.088028169,0.016823161
22-10-2025 02:00,2,0.131455399,0.299687011,0.198748044,0.25743349,0.092331768,0.019953052
22-10-2025 03:00,3,0.113067293,0.300469484,0.197965571,0.272300469,0.09428795,0.021517997
22-10-2025 04:00,4,0.106025039,0.291471049,0.207746479,0.274256651,0.099374022,0.021126761
22-10-2025 05:00,5,0.103286385,0.299295775,0.206964006,0.273474178,0.093505477,0.022691706
22-10-2025 06:00,6,0.089593114,0.3114241,0.218701095,0.270344288,0.08685446,0.023082942
22-10-2025 07:00,7,0.09741784,0.330203443,0.216353678,0.258215962,0.078638498,0.019170579
22-10-2025 08:00,8,0.122065728,0.362676056,0.20970266,0.222613459,0.069248826,0.013693271
22-10-2025 09:00,9,0.153364632,0.338028169,0.197574335,0.222222222,0.073552426,0.015258216
22-10-2025 10:00,10,0.156103286,0.297730829,0.207355243,0.249217527,0.075899844,0.012910798
22-10-2025 11:00,11,0.123239437,0.275039124,0.220657277,0.29342723,0.075117371,0.012519562
22-10-2025 12:00,12,0.098200313,0.248043818,0.205399061,0.347809077,0.087245696,0.012519562
22-10-2025 13:00,13,0.063771518,0.209311424,0.213223787,0.399843505,0.104068858,0.009780908
22-10-2025 14:00,14,0.052425665,0.167057903,0.185054773,0.460485133,0.123630673,0.011345853
22-10-2025 15:00,15,0.039906103,0.143192488,0.154147105,0.504303599,0.140062598,0.018388106
22-10-2025 16:00,16,0.041471049,0.121283255,0.148669797,0.511737089,0.157276995,0.019561815
22-10-2025 17:00,17,0.036776213,0.127543036,0.153364632,0.490610329,0.16627543,0.025039124
22-10-2025 18:00,18,0.045383412,0.160015649,0.175665102,0.460093897,0.142018779,0.016431925
22-10-2025 19:00,19,0.0614241,0.200704225,0.216744914,0.405320814,0.10172144,0.014084507
22-10-2025 20:00,20,0.096244131,0.254303599,0.246087637,0.327073552,0.064945227,0.011345853
22-10-2025 21:00,21,0.129890454,0.309859155,0.238654147,0.253912363,0.058685446,0.008607199
22-10-2025 22:00,22,0.143192488,0.329029734,0.223395931,0.231611894,0.064162754,0.008607199
22-10-2025 23:00,23,0.145539906,0.332550861,0.206181534,0.240610329,0.066510172,0.008607199
23-10-2025 00:00,0,0.143192488,0.323552426,0.205790297,0.246087637,0.068075117,0.012910798
23-10-2025 01:00,1,0.140453834,0.299687011,0.196400626,0.258607199,0.088028169,0.016823161
23-10-2025 02:00,2,0.131455399,0.299687011,0.198748044,0.25743349,0.092331768,0.019953052
23-10-2025 03:00,3,0.113067293,0.300469484,0.197965571,0.272300469,0.09428795,0.021517997
23-10-2025 04:00,4,0.106025039,0.291471049,0.207746479,0.274256651,0.099374022,0.021126761
23-10-2025 05:00,5,0.103286385,0.299295775,0.206964006,0.273474178,0.093505477,0.022691706
23-10-2025 06:00,6,0.089593114,0.3114241,0.218701095,0.270344288,0.08685446,0.023082942
23-10-2025 07:00,7,0.09741784,0.330203443,0.216353678,0.258215962,0.078638498,0.019170579
23-10-2025 08:00,8,0.122065728,0.362676056,0.20970266,0.222613459,0.069248826,0.013693271
23-10-2025 09:00,9,0.153364632,0.338028169,0.197574335,0.222222222,0.073552426,0.015258216
23-10-2025 10:00,10,0.156103286,0.297730829,0.207355243,0.249217527,0.075899844,0.012910798
23-10-2025 11:00,11,0.123239437,0.275039124,0.220657277,0.29342723,0.075117371,0.012519562
23-10-2025 12:00,12,0.098200313,0.248043818,0.205399061,0.347809077,0.087245696,0.012519562
23-10-2025 13:00,13,0.063771518,0.209311424,0.213223787,0.399843505,0.104068858,0.009780908
23-10-2025 14:00,14,0.052425665,0.167057903,0.185054773,0.460485133,0.123630673,0.011345853
23-10-2025 15:00,15,0.039906103,0.143192488,0.154147105,0.504303599,0.140062598,0.018388106
23-10-2025 16:00,16,0.041471049,0.121283255,0.148669797,0.511737089,0.157276995,0.019561815
23-10-2025 17:00,17,0.036776213,0.127543036,0.153364632,0.490610329,0.16627543,0.025039124
23-10-2025 18:00,18,0.045383412,0.160015649,0.175665102,0.460093897,0.142018779,0.016431925
23-10-2025 19:00,19,0.0614241,0.200704225,0.216744914,0.405320814,0.10172144,0.014084507
23-10-2025 20:00,20,0.096244131,0.254303599,0.246087637,0.327073552,0.064945227,0.011345853
23-10-2025 21:00,21,0.129890454,0.309859155,0.238654147,0.253912363,0.058685446,0.008607199
23-10-2025 22:00,22,0.143192488,0.329029734,0.223395931,0.231611894,0.064162754,0.008607199
23-10-2025 23:00,23,0.145539906,0.332550861,0.206181534,0.240610329,0.066510172,0.008607199
24-10-2025 00:00,0,0.143192488,0.323552426,0.205790297,0.246087637,0.068075117,0.012910798
24-10-2025 01:00,1,0.140453834,0.299687011,0.196400626,0.258607199,0.088028169,0.016823161
24-10-2025 02:00,2,0.131455399,0.299687011,0.198748044,0.25743349,0.092331768,0.019953052
24-10-2025 03:00,3,0.113067293,0.300469484,0.197965571,0.272300469,0.09428795,0.021517997
24-10-2025 04:00,4,0.106025039,0.291471049,0.207746479,0.274256651,0.099374022,0.021126761
24-10-2025 05:00,5,0.103286385,0.299295775,0.206964006,0.273474178,0.093505477,0.022691706
24-10-2025 06:00,6,0.089593114,0.3114241,0.218701095,0.270344288,0.08685446,0.023082942
24-10-2025 07:00,7,0.09741784,0.330203443,0.216353678,0.258215962,0.078638498,0.019170579
24-10-2025 08:00,8,0.122065728,0.362676056,0.20970266,0.222613459,0.069248826,0.013693271
24-10-2025 09:00,9,0.153364632,0.338028169,0.197574335,0.222222222,0.073552426,0.015258216
24-10-2025 10:00,10,0.156103286,0.297730829,0.207355243,0.249217527,0.075899844,0.012910798
24-10-2025 11:00,11,0.123239437,0.275039124,0.220657277,0.29342723,0.075117371,0.012519562
24-10-2025 12:00,12,0.098200313,0.248043818,0.205399061,0.347809077,0.087245696,0.012519562
24-10-2025 13:00,13,0.063771518,0.209311424,0.213223787,0.399843505,0.104068858,0.009780908
24-10-2025 14:00,14,0.052425665,0.167057903,0.185054773,0.460485133,0.123630673,0.011345853
24-10-2025 15:00,15,0.039906103,0.143192488,0.154147105,0.504303599,0.140062598,0.018388106
24-10-2025 16:00,16,0.041471049,0.121283255,0.148669797,0.511737089,0.157276995,0.019561815
24-10-2025 17:00,17,0.036776213,0.127543036,0.153364632,0.490610329,0.16627543,0.025039124
24-10-2025 18:00,18,0.045383412,0.160015649,0.175665102,0.460093897,0.142018779,0.016431925
24-10-2025 19:00,19,0.0614241,0.200704225,0.216744914,0.405320814,0.10172144,0.014084507
24-10-2025 20:00,20,0.096244131,0.254303599,0.246087637,0.327073552,0.064945227,0.011345853
24-10-2025 21:00,21,0.129890454,0.309859155,0.238654147,0.253912363,0.058685446,0.008607199
24-10-2025 22:00,22,0.143192488,0.329029734,0.223395931,0.231611894,0.064162754,0.008607199
24-10-2025 23:00,23,0.145539906,0.332550861,0.206181534,0.240610329,0.066510172,0.008607199
25-10-2025 00:00,0,0.143192488,0.323552426,0.205790297,0.246087637,0.068075117,0.012910798
25-10-2025 01:00,1,0.140453834,0.299687011,0.196400626,0.258607199,0.088028169,0.016823161
25-10-2025 02:00,2,0.131455399,0.299687011,0.198748044,0.25743349,0.092331768,0.019953052
25-10-2025 03:00,3,0.113067293,0.300469484,0.197965571,0.272300469,0.09428795,0.021517997
25-10-2025 04:00,4,0.106025039,0.291471049,0.207746479,0.274256651,0.099374022,0.021126761
25-10-2025 05:00,5,0.103286385,0.299295775,0.206964006,0.273474178,0.093505477,0.022691706
25-10-2025 06:00,6,0.089593114,0.3114241,0.218701095,0.270344288,0.08685446,0.023082942
25-10-2025 07:00,7,0.09741784,0.330203443,0.216353678,0.258215962,0.078638498,0.019170579
25-10-2025 08:00,8,0.122065728,0.362676056,0.20970266,0.222613459,0.069248826,0.013693271
25-10-2025 09:00,9,0.153364632,0.338028169,0.197574335,0.222222222,0.073552426,0.015258216
25-10-2025 10:00,10,0.156103286,0.297730829,0.207355243,0.249217527,0.075899844,0.012910798
25-10-2025 11:00,11,0.123239437,0.275039124,0.220657277,0.29342723,0.075117371,0.012519562
25-10-2025 12:00,12,0.098200313,0.248043818,0.205399061,0.347809077,0.087245696,0.012519562
25-10-2025 13:00,13,0.063771518,0.209311424,0.213223787,0.399843505,0.104068858,0.009780908
25-10-2025 14:00,14,0.052425665,0.167057903,0.185054773,0.460485133,0.123630673,0.011345853
25-10-2025 15:00,15,0.039906103,0.143192488,0.154147105,0.504303599,0.140062598,0.018388106
25-10-2025 16:00,16,0.041471049,0.121283255,0.148669797,0.511737089,0.157276995,0.019561815
25-10-2025 17:00,17,0.036776213,0.127543036,0.153364632,0.490610329,0.16627543,0.025039124
25-10-2025 18:00,18,0.045383412,0.160015649,0.175665102,0.460093897,0.142018779,0.016431925
25-10-2025 19:00,19,0.0614241,0.200704225,0.216744914,0.405320814,0.10172144,0.014084507
25-10-2025 20:00,20,0.096244131,0.254303599,0.246087637,0.327073552,0.064945227,0.011345853
25-10-2025 21:00,21,0.129890454,0.309859155,0.238654147,0.253912363,0.058685446,0.008607199
25-10-2025 22:00,22,0.143192488,0.329029734,0.223395931,0.231611894,0.064162754,0.008607199
25-10-2025 23:00,23,0.145539906,0.332550861,0.206181534,0.240610329,0.066510172,0.008607199
26-10-2025 00:00,0,0.143192488,0.323552426,0.205790297,0.246087637,0.068075117,0.012910798
26-10-2025 01:00,1,0.140453834,0.299687011,0.196400626,0.258607199,0.088028169,0.016823161
26-10-2025 02:00,2,0.131455399,0.299687011,0.198748044,0.25743349,0.092331768,0.019953052
26-10-2025 03:00,3,0.113067293,0.300469484,0.197965571,0.272300469,0.09428795,0.021517997
26-10-2025 04:00,4,0.106025039,0.291471049,0.207746479,0.274256651,0.099374022,0.021126761
26-10-2025 05:00,5,0.103286385,0.299295775,0.206964006,0.273474178,0.093505477,0.022691706
26-10-2025 06:00,6,0.089593114,0.3114241,0.218701095,0.270344288,0.08685446,0.023082942
26-10-2025 07:00,7,0.09741784,0.330203443,0.216353678,0.258215962,0.078638498,0.019170579
26-10-2025 08:00,8,0.122065728,0.362676056,0.20970266,0.222613459,0.069248826,0.013693271
26-10-2025 09:00,9,0.153364632,0.338028169,0.197574335,0.222222222,0.073552426,0.015258216
26-10-2025 10:00,10,0.156103286,0.297730829,0.207355243,0.249217527,0.075899844,0.012910798
26-10-2025 11:00,11,0.123239437,0.275039124,0.220657277,0.29342723,0.075117371,0.012519562
26-10-2025 12:00,12,0.098200313,0.248043818,0.205399061,0.347809077,0.087245696,0.012519562
26-10-2025 13:00,13,0.063771518,0.209311424,0.213223787,0.399843505,0.104068858,0.009780908
26-10-2025 14:00,14,0.052425665,0.167057903,0.185054773,0.460485133,0.123630673,0.011345853
26-10-2025 15:00,15,0.039906103,0.143192488,0.154147105,0.504303599,0.140062598,0.018388106
26-10-2025 16:00,16,0.041471049,0.121283255,0.148669797,0.511737089,0.157276995,0.019561815
26-10-2025 17:00,17,0.036776213,0.127543036,0.153364632,0.490610329,0.16627543,0.025039124
26-10-2025 18:00,18,0.045383412,0.160015649,0.175665102,0.460093897,0.142018779,0.016431925
26-10-2025 19:00,19,0.0614241,0.200704225,0.216744914,0.405320814,0.10172144,0.014084507
26-10-2025 20:00,20,0.096244131,0.254303599,0.246087637,0.327073552,0.064945227,0.011345853
26-10-2025 21:00,21,0.129890454,0.309859155,0.238654147,0.253912363,0.058685446,0.008607199
26-10-2025 22:00,22,0.143192488,0.329029734,0.223395931,0.231611894,0.064162754,0.008607199
26-10-2025 23:00,23,0.145539906,0.332550861,0.206181534,0.240610329,0.066510172,0.008607199
27-10-2025 00:00,0,0.143192488,0.323552426,0.205790297,0.246087637,0.068075117,0.012910798
27-10-2025 01:00,1,0.140453834,0.299687011,0.196400626,0.258607199,0.088028169,0.016823161
27-10-2025 02:00,2,0.131455399,0.299687011,0.198748044,0.25743349,0.092331768,0.019953052
27-10-2025 03:00,3,0.113067293,0.300469484,0.197965571,0.272300469,0.09428795,0.021517997
27-10-2025 04:00,4,0.106025039,0.291471049,0.207746479,0.274256651,0.099374022,0.021126761
27-10-2025 05:00,5,0.103286385,0.299295775,0.206964006,0.273474178,0.093505477,0.022691706
27-10-2025 06:00,6,0.089593114,0.3114241,0.218701095,0.270344288,0.08685446,0.023082942
27-10-2025 07:00,7,0.09741784,0.330203443,0.216353678,0.258215962,0.078638498,0.019170579
27-10-2025 08:00,8,0.122065728,0.362676056,0.20970266,0.222613459,0.069248826,0.013693271
27-10-2025 09:00,9,0.153364632,0.338028169,0.197574335,0.222222222,0.073552426,0.015258216
27-10-2025 10:00,10,0.156103286,0.297730829,0.207355243,0.249217527,0.075899844,0.012910798
27-10-2025 11:00,11,0.123239437,0.275039124,0.220657277,0.29342723,0.075117371,0.012519562
27-10-2025 12:00,12,0.098200313,0.248043818,0.205399061,0.347809077,0.087245696,0.012519562
27-10-2025 13:00,13,0.063771518,0.209311424,0.213223787,0.399843505,0.104068858,0.009780908
27-10-2025 14:00,14,0.052425665,0.167057903,0.185054773,0.460485133,0.123630673,0.011345853
27-10-2025 15:00,15,0.039906103,0.143192488,0.154147105,0.504303599,0.140062598,0.018388106
27-10-2025 16:00,16,0.041471049,0.121283255,0.148669797,0.511737089,0.157276995,0.019561815
27-10-2025 17:00,17,0.036776213,0.127543036,0.153364632,0.490610329,0.16627543,0.025039124
27-10-2025 18:00,18,0.045383412,0.160015649,0.175665102,0.460093897,0.142018779,0.016431925
27-10-2025 19:00,19,0.0614241,0.200704225,0.216744914,0.405320814,0.10172144,0.014084507
27-10-2025 20:00,20,0.096244131,0.254303599,0.246087637,0.327073552,0.064945227,0.011345853
27-10-2025 21:00,21,0.129890454,0.309859155,0.238654147,0.253912363,0.058685446,0.008607199
27-10-2025 22:00,22,0.143192488,0.329029734,0.223395931,0.231611894,0.064162754,0.008607199
27-10-2025 23:00,23,0.145539906,0.332550861,0.206181534,0.240610329,0.066510172,0.008607199
28-10-2025 00:00,0,0.143192488,0.323552426,0.205790297,0.246087637,0.068075117,0.012910798
28-10-2025 01:00,1,0.140453834,0.299687011,0.196400626,0.258607199,0.088028169,0.016823161
28-10-2025 02:00,2,0.131455399,0.299687011,0.198748044,0.25743349,0.092331768,0.019953052
28-10-2025 03:00,3,0.113067293,0.300469484,0.197965571,0.272300469,0.09428795,0.021517997
28-10-2025 04:00,4,0.106025039,0.291471049,0.207746479,0.274256651,0.099374022,0.021126761
28-10-2025 05:00,5,0.103286385,0.299295775,0.206964006,0.273474178,0.093505477,0.022691706
28-10-2025 06:00,6,0.089593114,0.3114241,0.218701095,0.270344288,0.08685446,0.023082942
28-10-2025 07:00,7,0.09741784,0.330203443,0.216353678,0.258215962,0.078638498,0.019170579
28-10-2025 08:00,8,0.122065728,0.362676056,0.20970266,0.222613459,0.069248826,0.013693271
28-10-2025 09:00,9,0.153364632,0.338028169,0.197574335,0.222222222,0.073552426,0.015258216
28-10-2025 10:00,10,0.156103286,0.297730829,0.207355243,0.249217527,0.075899844,0.012910798
28-10-2025 11:00,11,0.123239437,0.275039124,0.220657277,0.29342723,0.075117371,0.012519562
28-10-2025 12:00,12,0.098200313,0.248043818,0.205399061,0.347809077,0.087245696,0.012519562
28-10-2025 13:00,13,0.063771518,0.209311424,0.213223787,0.399843505,0.104068858,0.009780908
28-10-2025 14:00,14,0.052425665,0.167057903,0.185054773,0.460485133,0.123630673,0.011345853
28-10-2025 15:00,15,0.039906103,0.143192488,0.154147105,0.504303599,0.140062598,0.018388106
28-10-2025 16:00,16,0.041471049,0.121283255,0.148669797,0.511737089,0.157276995,0.019561815
28-10-2025 17:00,17,0.036776213,0.127543036,0.153364632,0.490610329,0.16627543,0.025039124
28-10-2025 18:00,18,0.045383412,0.160015649,0.175665102,0.460093897,0.142018779,0.016431925
28-10-2025 19:00,19,0.0614241,0.200704225,0.216744914,0.405320814,0.10172144,0.014084507
28-10-2025 20:00,20,0.096244131,0.254303599,0.246087637,0.327073552,0.064945227,0.011345853
28-10-2025 21:00,21,0.129890454,0.309859155,0.238654147,0.253912363,0.058685446,0.008607199
28-10-2025 22:00,22,0.143192488,0.329029734,0.223395931,0.231611894,0.064162754,0.008607199
28-10-2025 23:00,23,0.145539906,0.332550861,0.206181534,0.240610329,0.066510172,0.008607199
29-10-2025 00:00,0,0.143192488,0.323552426,0.205790297,0.246087637,0.068075117,0.012910798
29-10-2025 01:00,1,0.140453834,0.299687011,0.196400626,0.258607199,0.088028169,0.016823161
29-10-2025 02:00,2,0.131455399,0.299687011,0.198748044,0.25743349,0.092331768,0.019953052
29-10-2025 03:00,3,0.113067293,0.300469484,0.197965571,0.272300469,0.09428795,0.021517997
29-10-2025 04:00,4,0.106025039,0.291471049,0.207746479,0.274256651,0.099374022,0.021126761
29-10-2025 05:00,5,0.103286385,0.299295775,0.206964006,0.273474178,0.093505477,0.022691706
29-10-2025 06:00,6,0.089593114,0.3114241,0.218701095,0.270344288,0.08685446,0.023082942
29-10-2025 07:00,7,0.09741784,0.330203443,0.216353678,0.258215962,0.078638498,0.019170579
29-10-2025 08:00,8,0.122065728,0.362676056,0.20970266,0.222613459,0.069248826,0.013693271
29-10-2025 09:00,9,0.153364632,0.338028169,0.197574335,0.222222222,0.073552426,0.015258216
29-10-2025 10:00,10,0.156103286,0.297730829,0.207355243,0.249217527,0.075899844,0.012910798
29-10-2025 11:00,11,0.123239437,0.275039124,0.220657277,0.29342723,0.075117371,0.012519562
29-10-2025 12:00,12,0.098200313,0.248043818,0.205399061,0.347809077,0.087245696,0.012519562
29-10-2025 13:00,13,0.063771518,0.209311424,0.213223787,0.399843505,0.104068858,0.009780908
29-10-2025 14:00,14,0.052425665,0.167057903,0.185054773,0.460485133,0.123630673,0.011345853
29-10-2025 15:00,15,0.039906103,0.143192488,0.154147105,0.504303599,0.140062598,0.018388106
29-10-2025 16:00,16,0.041471049,0.121283255,0.148669797,0.511737089,0.157276995,0.019561815
29-10-2025 17:00,17,0.036776213,0.127543036,0.153364632,0.490610329,0.16627543,0.025039124
29-10-2025 18:00,18,0.045383412,0.160015649,0.175665102,0.460093897,0.142018779,0.016431925
29-10-2025 19:00,19,0.0614241,0.200704225,0.216744914,0.405320814,0.10172144,0.014084507
29-10-2025 20:00,20,0.096244131,0.254303599,0.246087637,0.327073552,0.064945227,0.011345853
29-10-2025 21:00,21,0.129890454,0.309859155,0.238654147,0.253912363,0.058685446,0.008607199
29-10-2025 22:00,22,0.143192488,0.329029734,0.223395931,0.231611894,0.064162754,0.008607199
29-10-2025 23:00,23,0.145539906,0.332550861,0.206181534,0.240610329,0.066510172,0.008607199
30-10-2025 00:00,0,0.143192488,0.323552426,0.205790297,0.246087637,0.068075117,0.012910798
30-10-2025 01:00,1,0.140453834,0.299687011,0.196400626,0.258607199,0.088028169,0.016823161
30-10-2025 02:00,2,0.131455399,0.299687011,0.198748044,0.25743349,0.092331768,0.019953052
30-10-2025 03:00,3,0.113067293,0.300469484,0.197965571,0.272300469,0.09428795,0.021517997
30-10-2025 04:00,4,0.106025039,0.291471049,0.207746479,0.274256651,0.099374022,0.021126761
30-10-2025 05:00,5,0.103286385,0.299295775,0.206964006,0.273474178,0.093505477,0.022691706
30-10-2025 06:00,6,0.089593114,0.3114241,0.218701095,0.270344288,0.08685446,0.023082942
30-10-2025 07:00,7,0.09741784,0.330203443,0.216353678,0.258215962,0.078638498,0.019170579
30-10-2025 08:00,8,0.122065728,0.362676056,0.20970266,0.222613459,0.069248826,0.013693271
30-10-2025 09:00,9,0.153364632,0.338028169,0.197574335,0.222222222,0.073552426,0.015258216
30-10-2025 10:00,10,0.156103286,0.297730829,0.207355243,0.249217527,0.075899844,0.012910798
30-10-2025 11:00,11,0.123239437,0.275039124,0.220657277,0.29342723,0.075117371,0.012519562
30-10-2025 12:00,12,0.098200313,0.248043818,0.205399061,0.347809077,0.087245696,0.012519562
30-10-2025 13:00,13,0.063771518,0.209311424,0.213223787,0.399843505,0.104068858,0.009780908
30-10-2025 14:00,14,0.052425665,0.167057903,0.185054773,0.460485133,0.123630673,0.011345853
30-10-2025 15:00,15,0.039906103,0.143192488,0.154147105,0.504303599,0.140062598,0.018388106
30-10-2025 16:00,16,0.041471049,0.121283255,0.148669797,0.511737089,0.157276995,0.019561815
30-10-2025 17:00,17,0.036776213,0.127543036,0.153364632,0.490610329,0.16627543,0.025039124
30-10-2025 18:00,18,0.045383412,0.160015649,0.175665102,0.460093897,0.142018779,0.016431925
30-10-2025 19:00,19,0.0614241,0.200704225,0.216744914,0.405320814,0.10172144,0.014084507
30-10-2025 20:00,20,0.096244131,0.254303599,0.246087637,0.327073552,0.064945227,0.011345853
30-10-2025 21:00,21,0.129890454,0.309859155,0.238654147,0.253912363,0.058685446,0.008607199
30-10-2025 22:00,22,0.143192488,0.329029734,0.223395931,0.231611894,0.064162754,0.008607199
30-10-2025 23:00,23,0.145539906,0.332550861,0.206181534,0.240610329,0.066510172,0.008607199
31-10-2025 00:00,0,0.143192488,0.323552426,0.205790297,0.246087637,0.068075117,0.012910798
31-10-2025 01:00,1,0.140453834,0.299687011,0.196400626,0.258607199,0.088028169,0.016823161
31-10-2025 02:00,2,0.131455399,0.299687011,0.198748044,0.25743349,0.092331768,0.019953052
31-10-2025 03:00,3,0.113067293,0.300469484,0.197965571,0.272300469,0.09428795,0.021517997
31-10-2025 04:00,4,0.106025039,0.291471049,0.207746479,0.274256651,0.099374022,0.021126761
31-10-2025 05:00,5,0.103286385,0.299295775,0.206964006,0.273474178,0.093505477,0.022691706
31-10-2025 06:00,6,0.089593114,0.3114241,0.218701095,0.270344288,0.08685446,0.023082942
31-10-2025 07:00,7,0.09741784,0.330203443,0.216353678,0.258215962,0.078638498,0.019170579
31-10-2025 08:00,8,0.122065728,0.362676056,0.20970266,0.222613459,0.069248826,0.013693271
31-10-2025 09:00,9,0.153364632,0.338028169,0.197574335,0.222222222,0.073552426,0.015258216
31-10-2025 10:00,10,0.156103286,0.297730829,0.207355243,0.249217527,0.075899844,0.012910798
31-10-2025 11:00,11,0.123239437,0.275039124,0.220657277,0.29342723,0.075117371,0.012519562
31-10-2025 12:00,12,0.098200313,0.248043818,0.205399061,0.347809077,0.087245696,0.012519562
31-10-2025 13:00,13,0.063771518,0.209311424,0.213223787,0.399843505,0.104068858,0.009780908
31-10-2025 14:00,14,0.052425665,0.167057903,0.185054773,0.460485133,0.123630673,0.011345853
31-10-2025 15:00,15,0.039906103,0.143192488,0.154147105,0.504303599,0.140062598,0.018388106
31-10-2025 16:00,16,0.041471049,0.121283255,0.148669797,0.511737089,0.157276995,0.019561815
31-10-2025 17:00,17,0.036776213,0.127543036,0.153364632,0.490610329,0.16627543,0.025039124
31-10-2025 18:00,18,0.045383412,0.160015649,0.175665102,0.460093897,0.142018779,0.016431925
31-10-2025 19:00,19,0.0614241,0.200704225,0.216744914,0.405320814,0.10172144,0.014084507
31-10-2025 20:00,20,0.096244131,0.254303599,0.246087637,0.327073552,0.064945227,0.011345853
31-10-2025 21:00,21,0.129890454,0.309859155,0.238654147,0.253912363,0.058685446,0.008607199
31-10-2025 22:00,22,0.143192488,0.329029734,0.223395931,0.231611894,0.064162754,0.008607199
31-10-2025 23:00,23,0.145539906,0.332550861,0.206181534,0.240610329,0.066510172,0.008607199
01-11-2025 00:00,0,0.143192488,0.323552426,0.205790297,0.246087637,0.068075117,0.012910798
01-11-2025 01:00,1,0.140453834,0.299687011,0.196400626,0.258607199,0.088028169,0.016823161
01-11-2025 02:00,2,0.131455399,0.299687011,0.198748044,0.25743349,0.092331768,0.019953052
01-11-2025 03:00,3,0.113067293,0.300469484,0.197965571,0.272300469,0.09428795,0.021517997
01-11-2025 04:00,4,0.106025039,0.291471049,0.207746479,0.274256651,0.099374022,0.021126761
01-11-2025 05:00,5,0.103286385,0.299295775,0.206964006,0.273474178,0.093505477,0.022691706
01-11-2025 06:00,6,0.089593114,0.3114241,0.218701095,0.270344288,0.08685446,0.023082942
01-11-2025 07:00,7,0.09741784,0.330203443,0.216353678,0.258215962,0.078638498,0.019170579
01-11-2025 08:00,8,0.122065728,0.362676056,0.20970266,0.222613459,0.069248826,0.013693271
01-11-2025 09:00,9,0.153364632,0.338028169,0.197574335,0.222222222,0.073552426,0.015258216
01-11-2025 10:00,10,0.156103286,0.297730829,0.207355243,0.249217527,0.075899844,0.012910798
01-11-2025 11:00,11,0.123239437,0.275039124,0.220657277,0.29342723,0.075117371,0.012519562
01-11-2025 12:00,12,0.098200313,0.248043818,0.205399061,0.347809077,0.087245696,0.012519562
01-11-2025 13:00,13,0.063771518,0.209311424,0.213223787,0.399843505,0.104068858,0.009780908
01-11-2025 14:00,14,0.052425665,0.167057903,0.185054773,0.460485133,0.123630673,0.011345853
01-11-2025 15:00,15,0.039906103,0.143192488,0.154147105,0.504303599,0.140062598,0.018388106
01-11-2025 16:00,16,0.041471049,0.121283255,0.148669797,0.511737089,0.157276995,0.019561815
01-11-2025 17:00,17,0.036776213,0.127543036,0.153364632,0.490610329,0.16627543,0.025039124
01-11-2025 18:00,18,0.045383412,0.160015649,0.175665102,0.460093897,0.142018779,0.016431925
01-11-2025 19:00,19,0.0614241,0.200704225,0.216744914,0.405320814,0.10172144,0.014084507
01-11-2025 20:00,20,0.096244131,0.254303599,0.246087637,0.327073552,0.064945227,0.011345853
01-11-2025 21:00,21,0.129890454,0.309859155,0.238654147,0.253912363,0.058685446,0.008607199
01-11-2025 22:00,22,0.143192488,0.329029734,0.223395931,0.231611894,0.064162754,0.008607199
01-11-2025 23:00,23,0.145539906,0.332550861,0.206181534,0.240610329,0.066510172,0.008607199
02-11-2025 00:00,0,0.143192488,0.323552426,0.205790297,0.246087637,0.068075117,0.012910798
02-11-2025 01:00,1,0.140453834,0.299687011,0.196400626,0.258607199,0.088028169,0.016823161
02-11-2025 02:00,2,0.131455399,0.299687011,0.198748044,0.25743349,0.092331768,0.019953052
02-11-2025 03:00,3,0.113067293,0.300469484,0.197965571,0.272300469,0.09428795,0.021517997
02-11-2025 04:00,4,0.106025039,0.291471049,0.207746479,0.274256651,0.099374022,0.021126761
02-11-2025 05:00,5,0.103286385,0.299295775,0.206964006,0.273474178,0.093505477,0.022691706
02-11-2025 06:00,6,0.089593114,0.3114241,0.218701095,0.270344288,0.08685446,0.023082942
02-11-2025 07:00,7,0.09741784,0.330203443,0.216353678,0.258215962,0.078638498,0.019170579
02-11-2025 08:00,8,0.122065728,0.362676056,0.20970266,0.222613459,0.069248826,0.013693271
02-11-2025 09:00,9,0.153364632,0.338028169,0.197574335,0.222222222,0.073552426,0.015258216
02-11-2025 10:00,10,0.156103286,0.297730829,0.207355243,0.249217527,0.075899844,0.012910798
02-11-2025 11:00,11,0.123239437,0.275039124,0.220657277,0.29342723,0.075117371,0.012519562
02-11-2025 12:00,12,0.098200313,0.248043818,0.205399061,0.347809077,0.087245696,0.012519562
02-11-2025 13:00,13,0.063771518,0.209311424,0.213223787,0.399843505,0.104068858,0.009780908
02-11-2025 14:00,14,0.052425665,0.167057903,0.185054773,0.460485133,0.123630673,0.011345853
02-11-2025 15:00,15,0.039906103,0.143192488,0.154147105,0.504303599,0.140062598,0.018388106
02-11-2025 16:00,16,0.041471049,0.121283255,0.148669797,0.511737089,0.157276995,0.019561815
02-11-2025 17:00,17,0.036776213,0.127543036,0.153364632,0.490610329,0.16627543,0.025039124
02-11-2025 18:00,18,0.045383412,0.160015649,0.175665102,0.460093897,0.142018779,0.016431925
02-11-2025 19:00,19,0.0614241,0.200704225,0.216744914,0.405320814,0.10172144,0.014084507
02-11-2025 20:00,20,0.096244131,0.254303599,0.246087637,0.327073552,0.064945227,0.011345853
02-11-2025 21:00,21,0.129890454,0.309859155,0.238654147,0.253912363,0.058685446,0.008607199
02-11-2025 22:00,22,0.143192488,0.329029734,0.223395931,0.231611894,0.064162754,0.008607199
02-11-2025 23:00,23,0.145539906,0.332550861,0.206181534,0.240610329,0.066510172,0.008607199
03-11-2025 00:00,0,0.143192488,0.323552426,0.205790297,0.246087637,0.068075117,0.012910798
03-11-2025 01:00,1,0.140453834,0.299687011,0.196400626,0.258607199,0.088028169,0.016823161
03-11-2025 02:00,2,0.131455399,0.299687011,0.198748044,0.25743349,0.092331768,0.019953052
03-11-2025 03:00,3,0.113067293,0.300469484,0.197965571,0.272300469,0.09428795,0.021517997
03-11-2025 04:00,4,0.106025039,0.291471049,0.207746479,0.274256651,0.099374022,0.021126761
03-11-2025 05:00,5,0.103286385,0.299295775,0.206964006,0.273474178,0.093505477,0.022691706
03-11-2025 06:00,6,0.089593114,0.3114241,0.218701095,0.270344288,0.08685446,0.023082942
03-11-2025 07:00,7,0.09741784,0.330203443,0.216353678,0.258215962,0.078638498,0.019170579
03-11-2025 08:00,8,0.122065728,0.362676056,0.20970266,0.222613459,0.069248826,0.013693271
03-11-2025 09:00,9,0.153364632,0.338028169,0.197574335,0.222222222,0.073552426,0.015258216
03-11-2025 10:00,10,0.156103286,0.297730829,0.207355243,0.249217527,0.075899844,0.012910798
03-11-2025 11:00,11,0.123239437,0.275039124,0.220657277,0.29342723,0.075117371,0.012519562
03-11-2025 12:00,12,0.098200313,0.248043818,0.205399061,0.347809077,0.087245696,0.012519562
03-11-2025 13:00,13,0.063771518,0.209311424,0.213223787,0.399843505,0.104068858,0.009780908
03-11-2025 14:00,14,0.052425665,0.167057903,0.185054773,0.460485133,0.123630673,0.011345853
03-11-2025 15:00,15,0.039906103,0.143192488,0.154147105,0.504303599,0.140062598,0.018388106
03-11-2025 16:00,16,0.041471049,0.121283255,0.148669797,0.511737089,0.157276995,0.019561815
03-11-2025 17:00,17,0.036776213,0.127543036,0.153364632,0.490610329,0.16627543,0.025039124
03-11-2025 18:00,18,0.045383412,0.160015649,0.175665102,0.460093897,0.142018779,0.016431925
03-11-2025 19:00,19,0.0614241,0.200704225,0.216744914,0.405320814,0.10172144,0.014084507
03-11-2025 20:00,20,0.096244131,0.254303599,0.246087637,0.327073552,0.064945227,0.011345853
03-11-2025 21:00,21,0.129890454,0.309859155,0.238654147,0.253912363,0.058685446,0.008607199
03-11-2025 22:00,22,0.143192488,0.329029734,0.223395931,0.231611894,0.064162754,0.008607199
03-11-2025 23:00,23,0.145539906,0.332550861,0.206181534,0.240610329,0.066510172,0.008607199
04-11-2025 00:00,0,0.143192488,0.323552426,0.205790297,0.246087637,0.068075117,0.012910798
04-11-2025 01:00,1,0.140453834,0.299687011,0.196400626,0.258607199,0.088028169,0.016823161
04-11-2025 02:00,2,0.131455399,0.299687011,0.198748044,0.25743349,0.092331768,0.019953052
04-11-2025 03:00,3,0.113067293,0.300469484,0.197965571,0.272300469,0.09428795,0.021517997
04-11-2025 04:00,4,0.106025039,0.291471049,0.207746479,0.274256651,0.099374022,0.021126761
04-11-2025 05:00,5,0.103286385,0.299295775,0.206964006,0.273474178,0.093505477,0.022691706
04-11-2025 06:00,6,0.089593114,0.3114241,0.218701095,0.270344288,0.08685446,0.023082942
04-11-2025 07:00,7,0.09741784,0.330203443,0.216353678,0.258215962,0.078638498,0.019170579
04-11-2025 08:00,8,0.122065728,0.362676056,0.20970266,0.222613459,0.069248826,0.013693271
04-11-2025 09:00,9,0.153364632,0.338028169,0.197574335,0.222222222,0.073552426,0.015258216
04-11-2025 10:00,10,0.156103286,0.297730829,0.207355243,0.249217527,0.075899844,0.012910798
04-11-2025 11:00,11,0.123239437,0.275039124,0.220657277,0.29342723,0.075117371,0.012519562
04-11-2025 12:00,12,0.098200313,0.248043818,0.205399061,0.347809077,0.087245696,0.012519562
04-11-2025 13:00,13,0.063771518,0.209311424,0.213223787,0.399843505,0.104068858,0.009780908
04-11-2025 14:00,14,0.052425665,0.167057903,0.185054773,0.460485133,0.123630673,0.011345853
04-11-2025 15:00,15,0.039906103,0.143192488,0.154147105,0.504303599,0.140062598,0.018388106
04-11-2025 16:00,16,0.041471049,0.121283255,0.148669797,0.511737089,0.157276995,0.019561815
04-11-2025 17:00,17,0.036776213,0.127543036,0.153364632,0.490610329,0.16627543,0.025039124
04-11-2025 18:00,18,0.045383412,0.160015649,0.175665102,0.460093897,0.142018779,0.016431925
04-11-2025 19:00,19,0.0614241,0.200704225,0.216744914,0.405320814,0.10172144,0.014084507
04-11-2025 20:00,20,0.096244131,0.254303599,0.246087637,0.327073552,0.064945227,0.011345853
04-11-2025 21:00,21,0.129890454,0.309859155,0.238654147,0.253912363,0.058685446,0.008607199
04-11-2025 22:00,22,0.143192488,0.329029734,0.223395931,0.231611894,0.064162754,0.008607199
04-11-2025 23:00,23,0.145539906,0.332550861,0.206181534,0.240610329,0.066510172,0.008607199
05-11-2025 00:00,0,0.143192488,0.323552426,0.205790297,0.246087637,0.068075117,0.012910798
05-11-2025 01:00,1,0.140453834,0.299687011,0.196400626,0.258607199,0.088028169,0.016823161
05-11-2025 02:00,2,0.131455399,0.299687011,0.198748044,0.25743349,0.092331768,0.019953052
05-11-2025 03:00,3,0.113067293,0.300469484,0.197965571,0.272300469,0.09428795,0.021517997
05-11-2025 04:00,4,0.106025039,0.291471049,0.207746479,0.274256651,0.099374022,0.021126761
05-11-2025 05:00,5,0.103286385,0.299295775,0.206964006,0.273474178,0.093505477,0.022691706
05-11-2025 06:00,6,0.089593114,0.3114241,0.218701095,0.270344288,0.08685446,0.023082942
05-11-2025 07:00,7,0.09741784,0.330203443,0.216353678,0.258215962,0.078638498,0.019170579
05-11-2025 08:00,8,0.122065728,0.362676056,0.20970266,0.222613459,0.069248826,0.013693271
05-11-2025 09:00,9,0.153364632,0.338028169,0.197574335,0.222222222,0.073552426,0.015258216
05-11-2025 10:00,10,0.156103286,0.297730829,0.207355243,0.249217527,0.075899844,0.012910798
05-11-2025 11:00,11,0.123239437,0.275039124,0.220657277,0.29342723,0.075117371,0.012519562
05-11-2025 12:00,12,0.098200313,0.248043818,0.205399061,0.347809077,0.087245696,0.012519562
05-11-2025 13:00,13,0.063771518,0.209311424,0.213223787,0.399843505,0.104068858,0.009780908
05-11-2025 14:00,14,0.052425665,0.167057903,0.185054773,0.460485133,0.123630673,0.011345853
05-11-2025 15:00,15,0.039906103,0.143192488,0.154147105,0.504303599,0.140062598,0.018388106
05-11-2025 16:00,16,0.041471049,0.121283255,0.148669797,0.511737089,0.157276995,0.019561815
05-11-2025 17:00,17,0.036776213,0.127543036,0.153364632,0.490610329,0.16627543,0.025039124
05-11-2025 18:00,18,0.045383412,0.160015649,0.175665102,0.460093897,0.142018779,0.016431925
05-11-2025 19:00,19,0.0614241,0.200704225,0.216744914,0.405320814,0.10172144,0.014084507
05-11-2025 20:00,20,0.096244131,0.254303599,0.246087637,0.327073552,0.064945227,0.011345853
05-11-2025 21:00,21,0.129890454,0.309859155,0.238654147,0.253912363,0.058685446,0.008607199
05-11-2025 22:00,22,0.143192488,0.329029734,0.223395931,0.231611894,0.064162754,0.008607199
05-11-2025 23:00,23,0.145539906,0.332550861,0.206181534,0.240610329,0.066510172,0.008607199
06-11-2025 00:00,0,0.143192488,0.323552426,0.205790297,0.246087637,0.068075117,0.012910798
06-11-2025 01:00,1,0.140453834,0.299687011,0.196400626,0.258607199,0.088028169,0.016823161
06-11-2025 02:00,2,0.131455399,0.299687011,0.198748044,0.25743349,0.092331768,0.019953052
06-11-2025 03:00,3,0.113067293,0.300469484,0.197965571,0.272300469,0.09428795,0.021517997
06-11-2025 04:00,4,0.106025039,0.291471049,0.207746479,0.274256651,0.099374022,0.021126761
06-11-2025 05:00,5,0.103286385,0.299295775,0.206964006,0.273474178,0.093505477,0.022691706
06-11-2025 06:00,6,0.089593114,0.3114241,0.218701095,0.270344288,0.08685446,0.023082942
06-11-2025 07:00,7,0.09741784,0.330203443,0.216353678,0.258215962,0.078638498,0.019170579
06-11-2025 08:00,8,0.122065728,0.362676056,0.20970266,0.222613459,0.069248826,0.013693271
06-11-2025 09:00,9,0.153364632,0.338028169,0.197574335,0.222222222,0.073552426,0.015258216
06-11-2025 10:00,10,0.156103286,0.297730829,0.207355243,0.249217527,0.075899844,0.012910798
06-11-2025 11:00,11,0.123239437,0.275039124,0.220657277,0.29342723,0.075117371,0.012519562
06-11-2025 12:00,12,0.098200313,0.248043818,0.205399061,0.347809077,0.087245696,0.012519562
06-11-2025 13:00,13,0.063771518,0.209311424,0.213223787,0.399843505,0.104068858,0.009780908
06-11-2025 14:00,14,0.052425665,0.167057903,0.185054773,0.460485133,0.123630673,0.011345853
06-11-2025 15:00,15,0.039906103,0.143192488,0.154147105,0.504303599,0.140062598,0.018388106
06-11-2025 16:00,16,0.041471049,0.121283255,0.148669797,0.511737089,0.157276995,0.019561815
06-11-2025 17:00,17,0.036776213,0.127543036,0.153364632,0.490610329,0.16627543,0.025039124
06-11-2025 18:00,18,0.045383412,0.160015649,0.175665102,0.460093897,0.142018779,0.016431925
06-11-2025 19:00,19,0.0614241,0.200704225,0.216744914,0.405320814,0.10172144,0.014084507
06-11-2025 20:00,20,0.096244131,0.254303599,0.246087637,0.327073552,0.064945227,0.011345853
06-11-2025 21:00,21,0.129890454,0.309859155,0.238654147,0.253912363,0.058685446,0.008607199
06-11-2025 22:00,22,0.143192488,0.329029734,0.223395931,0.231611894,0.064162754,0.008607199
06-11-2025 23:00,23,0.145539906,0.332550861,0.206181534,0.240610329,0.066510172,0.008607199
07-11-2025 00:00,0,0.143192488,0.323552426,0.205790297,0.246087637,0.068075117,0.012910798
07-11-2025 01:00,1,0.140453834,0.299687011,0.196400626,0.258607199,0.088028169,0.016823161
07-11-2025 02:00,2,0.131455399,0.299687011,0.198748044,0.25743349,0.092331768,0.019953052
07-11-2025 03:00,3,0.113067293,0.300469484,0.197965571,0.272300469,0.09428795,0.021517997
07-11-2025 04:00,4,0.106025039,0.291471049,0.207746479,0.274256651,0.099374022,0.021126761
07-11-2025 05:00,5,0.103286385,0.299295775,0.206964006,0.273474178,0.093505477,0.022691706
07-11-2025 06:00,6,0.089593114,0.3114241,0.218701095,0.270344288,0.08685446,0.023082942
07-11-2025 07:00,7,0.09741784,0.330203443,0.216353678,0.258215962,0.078638498,0.019170579
07-11-2025 08:00,8,0.122065728,0.362676056,0.20970266,0.222613459,0.069248826,0.013693271
07-11-2025 09:00,9,0.153364632,0.338028169,0.197574335,0.222222222,0.073552426,0.015258216
07-11-2025 10:00,10,0.156103286,0.297730829,0.207355243,0.249217527,0.075899844,0.012910798
07-11-2025 11:00,11,0.123239437,0.275039124,0.220657277,0.29342723,0.075117371,0.012519562
07-11-2025 12:00,12,0.098200313,0.248043818,0.205399061,0.347809077,0.087245696,0.012519562
07-11-2025 13:00,13,0.063771518,0.209311424,0.213223787,0.399843505,0.104068858,0.009780908
07-11-2025 14:00,14,0.052425665,0.167057903,0.185054773,0.460485133,0.123630673,0.011345853
07-11-2025 15:00,15,0.039906103,0.143192488,0.154147105,0.504303599,0.140062598,0.018388106
07-11-2025 16:00,16,0.041471049,0.121283255,0.148669797,0.511737089,0.157276995,0.019561815
07-11-2025 17:00,17,0.036776213,0.127543036,0.153364632,0.490610329,0.16627543,0.025039124
07-11-2025 18:00,18,0.045383412,0.160015649,0.175665102,0.460093897,0.142018779,0.016431925
07-11-2025 19:00,19,0.0614241,0.200704225,0.216744914,0.405320814,0.10172144,0.014084507
07-11-2025 20:00,20,0.096244131,0.254303599,0.246087637,0.327073552,0.064945227,0.011345853
07-11-2025 21:00,21,0.129890454,0.309859155,0.238654147,0.253912363,0.058685446,0.008607199
07-11-2025 22:00,22,0.143192488,0.329029734,0.223395931,0.231611894,0.064162754,0.008607199
07-11-2025 23:00,23,0.145539906,0.332550861,0.206181534,0.240610329,0.066510172,0.008607199
08-11-2025 00:00,0,0.143192488,0.323552426,0.205790297,0.246087637,0.068075117,0.012910798
08-11-2025 01:00,1,0.140453834,0.299687011,0.196400626,0.258607199,0.088028169,0.016823161
08-11-2025 02:00,2,0.131455399,0.299687011,0.198748044,0.25743349,0.092331768,0.019953052
08-11-2025 03:00,3,0.113067293,0.300469484,0.197965571,0.272300469,0.09428795,0.021517997
08-11-2025 04:00,4,0.106025039,0.291471049,0.207746479,0.274256651,0.099374022,0.021126761
08-11-2025 05:00,5,0.103286385,0.299295775,0.206964006,0.273474178,0.093505477,0.022691706
08-11-2025 06:00,6,0.089593114,0.3114241,0.218701095,0.270344288,0.08685446,0.023082942
08-11-2025 07:00,7,0.09741784,0.330203443,0.216353678,0.258215962,0.078638498,0.019170579
08-11-2025 08:00,8,0.122065728,0.362676056,0.20970266,0.222613459,0.069248826,0.013693271
08-11-2025 09:00,9,0.153364632,0.338028169,0.197574335,0.222222222,0.073552426,0.015258216
08-11-2025 10:00,10,0.156103286,0.297730829,0.207355243,0.249217527,0.075899844,0.012910798
08-11-2025 11:00,11,0.123239437,0.275039124,0.220657277,0.29342723,0.075117371,0.012519562
08-11-2025 12:00,12,0.098200313,0.248043818,0.205399061,0.347809077,0.087245696,0.012519562
08-11-2025 13:00,13,0.063771518,0.209311424,0.213223787,0.399843505,0.104068858,0.009780908
08-11-2025 14:00,14,0.052425665,0.167057903,0.185054773,0.460485133,0.123630673,0.011345853
08-11-2025 15:00,15,0.039906103,0.143192488,0.154147105,0.504303599,0.140062598,0.018388106
08-11-2025 16:00,16,0.041471049,0.121283255,0.148669797,0.511737089,0.157276995,0.019561815
08-11-2025 17:00,17,0.036776213,0.127543036,0.153364632,0.490610329,0.16627543,0.025039124
08-11-2025 18:00,18,0.045383412,0.160015649,0.175665102,0.460093897,0.142018779,0.016431925
08-11-2025 19:00,19,0.0614241,0.200704225,0.216744914,0.405320814,0.10172144,0.014084507
08-11-2025 20:00,20,0.096244131,0.254303599,0.246087637,0.327073552,0.064945227,0.011345853
08-11-2025 21:00,21,0.129890454,0.309859155,0.238654147,0.253912363,0.058685446,0.008607199
08-11-2025 22:00,22,0.143192488,0.329029734,0.223395931,0.231611894,0.064162754,0.008607199
08-11-2025 23:00,23,0.145539906,0.332550861,0.206181534,0.240610329,0.066510172,0.008607199
09-11-2025 00:00,0,0.143192488,0.323552426,0.205790297,0.246087637,0.068075117,0.012910798
09-11-2025 01:00,1,0.140453834,0.299687011,0.196400626,0.258607199,0.088028169,0.016823161
09-11-2025 02:00,2,0.131455399,0.299687011,0.198748044,0.25743349,0.092331768,0.019953052
09-11-2025 03:00,3,0.113067293,0.300469484,0.197965571,0.272300469,0.09428795,0.021517997
09-11-2025 04:00,4,0.106025039,0.291471049,0.207746479,0.274256651,0.099374022,0.021126761
09-11-2025 05:00,5,0.103286385,0.299295775,0.206964006,0.273474178,0.093505477,0.022691706
09-11-2025 06:00,6,0.089593114,0.3114241,0.218701095,0.270344288,0.08685446,0.023082942
09-11-2025 07:00,7,0.09741784,0.330203443,0.216353678,0.258215962,0.078638498,0.019170579
09-11-2025 08:00,8,0.122065728,0.362676056,0.20970266,0.222613459,0.069248826,0.013693271
09-11-2025 09:00,9,0.153364632,0.338028169,0.197574335,0.222222222,0.073552426,0.015258216
09-11-2025 10:00,10,0.156103286,0.297730829,0.207355243,0.249217527,0.075899844,0.012910798
09-11-2025 11:00,11,0.123239437,0.275039124,0.220657277,0.29342723,0.075117371,0.012519562
09-11-2025 12:00,12,0.098200313,0.248043818,0.205399061,0.347809077,0.087245696,0.012519562
09-11-2025 13:00,13,0.063771518,0.209311424,0.213223787,0.399843505,0.104068858,0.009780908
09-11-2025 14:00,14,0.052425665,0.167057903,0.185054773,0.460485133,0.123630673,0.011345853
09-11-2025 15:00,15,0.039906103,0.143192488,0.154147105,0.504303599,0.140062598,0.018388106
09-11-2025 16:00,16,0.041471049,0.121283255,0.148669797,0.511737089,0.157276995,0.019561815
09-11-2025 17:00,17,0.036776213,0.127543036,0.153364632,0.490610329,0.16627543,0.025039124
09-11-2025 18:00,18,0.045383412,0.160015649,0.175665102,0.460093897,0.142018779,0.016431925
09-11-2025 19:00,19,0.0614241,0.200704225,0.216744914,0.405320814,0.10172144,0.014084507
09-11-2025 20:00,20,0.096244131,0.254303599,0.246087637,0.327073552,0.064945227,0.011345853
09-11-2025 21:00,21,0.129890454,0.309859155,0.238654147,0.253912363,0.058685446,0.008607199
09-11-2025 22:00,22,0.143192488,0.329029734,0.223395931,0.231611894,0.064162754,0.008607199
09-11-2025 23:00,23,0.145539906,0.332550861,0.206181534,0.240610329,0.066510172,0.008607199
10-11-2025 00:00,0,0.143192488,0.323552426,0.205790297,0.246087637,0.068075117,0.012910798
10-11-2025 01:00,1,0.140453834,0.299687011,0.196400626,0.258607199,0.088028169,0.016823161
10-11-2025 02:00,2,0.131455399,0.299687011,0.198748044,0.25743349,0.092331768,0.019953052
10-11-2025 03:00,3,0.113067293,0.300469484,0.197965571,0.272300469,0.09428795,0.021517997
10-11-2025 04:00,4,0.106025039,0.291471049,0.207746479,0.274256651,0.099374022,0.021126761
10-11-2025 05:00,5,0.103286385,0.299295775,0.206964006,0.273474178,0.093505477,0.022691706
10-11-2025 06:00,6,0.089593114,0.3114241,0.218701095,0.270344288,0.08685446,0.023082942
10-11-2025 07:00,7,0.09741784,0.330203443,0.216353678,0.258215962,0.078638498,0.019170579
10-11-2025 08:00,8,0.122065728,0.362676056,0.20970266,0.222613459,0.069248826,0.013693271
10-11-2025 09:00,9,0.153364632,0.338028169,0.197574335,0.222222222,0.073552426,0.015258216
10-11-2025 10:00,10,0.156103286,0.297730829,0.207355243,0.249217527,0.075899844,0.012910798
10-11-2025 11:00,11,0.123239437,0.275039124,0.220657277,0.29342723,0.075117371,0.012519562
10-11-2025 12:00,12,0.098200313,0.248043818,0.205399061,0.347809077,0.087245696,0.012519562
10-11-2025 13:00,13,0.063771518,0.209311424,0.213223787,0.399843505,0.104068858,0.009780908
10-11-2025 14:00,14,0.052425665,0.167057903,0.185054773,0.460485133,0.123630673,0.011345853
10-11-2025 15:00,15,0.039906103,0.143192488,0.154147105,0.504303599,0.140062598,0.018388106
10-11-2025 16:00,16,0.041471049,0.121283255,0.148669797,0.511737089,0.157276995,0.019561815
10-11-2025 17:00,17,0.036776213,0.127543036,0.153364632,0.490610329,0.16627543,0.025039124
10-11-2025 18:00,18,0.045383412,0.160015649,0.175665102,0.460093897,0.142018779,0.016431925
10-11-2025 19:00,19,0.0614241,0.200704225,0.216744914,0.405320814,0.10172144,0.014084507
10-11-2025 20:00,20,0.096244131,0.254303599,0.246087637,0.327073552,0.064945227,0.011345853
10-11-2025 21:00,21,0.129890454,0.309859155,0.238654147,0.253912363,0.058685446,0.008607199
10-11-2025 22:00,22,0.143192488,0.329029734,0.223395931,0.231611894,0.064162754,0.008607199
10-11-2025 23:00,23,0.145539906,0.332550861,0.206181534,0.240610329,0.066510172,0.008607199
11-11-2025 00:00,0,0.143192488,0.323552426,0.205790297,0.246087637,0.068075117,0.012910798
11-11-2025 01:00,1,0.140453834,0.299687011,0.196400626,0.258607199,0.088028169,0.016823161
11-11-2025 02:00,2,0.131455399,0.299687011,0.198748044,0.25743349,0.092331768,0.019953052
11-11-2025 03:00,3,0.113067293,0.300469484,0.197965571,0.272300469,0.09428795,0.021517997
11-11-2025 04:00,4,0.106025039,0.291471049,0.207746479,0.274256651,0.099374022,0.021126761
11-11-2025 05:00,5,0.103286385,0.299295775,0.206964006,0.273474178,0.093505477,0.022691706
11-11-2025 06:00,6,0.089593114,0.3114241,0.218701095,0.270344288,0.08685446,0.023082942
11-11-2025 07:00,7,0.09741784,0.330203443,0.216353678,0.258215962,0.078638498,0.019170579
11-11-2025 08:00,8,0.122065728,0.362676056,0.20970266,0.222613459,0.069248826,0.013693271
11-11-2025 09:00,9,0.153364632,0.338028169,0.197574335,0.222222222,0.073552426,0.015258216
11-11-2025 10:00,10,0.156103286,0.297730829,0.207355243,0.249217527,0.075899844,0.012910798
11-11-2025 11:00,11,0.123239437,0.275039124,0.220657277,0.29342723,0.075117371,0.012519562
11-11-2025 12:00,12,0.098200313,0.248043818,0.205399061,0.347809077,0.087245696,0.012519562
11-11-2025 13:00,13,0.063771518,0.209311424,0.213223787,0.399843505,0.104068858,0.009780908
11-11-2025 14:00,14,0.052425665,0.167057903,0.185054773,0.460485133,0.123630673,0.011345853
11-11-2025 15:00,15,0.039906103,0.143192488,0.154147105,0.504303599,0.140062598,0.018388106
11-11-2025 16:00,16,0.041471049,0.121283255,0.148669797,0.511737089,0.157276995,0.019561815
11-11-2025 17:00,17,0.036776213,0.127543036,0.153364632,0.490610329,0.16627543,0.025039124
11-11-2025 18:00,18,0.045383412,0.160015649,0.175665102,0.460093897,0.142018779,0.016431925
11-11-2025 19:00,19,0.0614241,0.200704225,0.216744914,0.405320814,0.10172144,0.014084507
11-11-2025 20:00,20,0.096244131,0.254303599,0.246087637,0.327073552,0.064945227,0.011345853
11-11-2025 21:00,21,0.129890454,0.309859155,0.238654147,0.253912363,0.058685446,0.008607199
11-11-2025 22:00,22,0.143192488,0.329029734,0.223395931,0.231611894,0.064162754,0.008607199
11-11-2025 23:00,23,0.145539906,0.332550861,0.206181534,0.240610329,0.066510172,0.008607199
12-11-2025 00:00,0,0.143192488,0.323552426,0.205790297,0.246087637,0.068075117,0.012910798
12-11-2025 01:00,1,0.140453834,0.299687011,0.196400626,0.258607199,0.088028169,0.016823161
12-11-2025 02:00,2,0.131455399,0.299687011,0.198748044,0.25743349,0.092331768,0.019953052
12-11-2025 03:00,3,0.113067293,0.300469484,0.197965571,0.272300469,0.09428795,0.021517997
12-11-2025 04:00,4,0.106025039,0.291471049,0.207746479,0.274256651,0.099374022,0.021126761
12-11-2025 05:00,5,0.103286385,0.299295775,0.206964006,0.273474178,0.093505477,0.022691706
12-11-2025 06:00,6,0.089593114,0.3114241,0.218701095,0.270344288,0.08685446,0.023082942
12-11-2025 07:00,7,0.09741784,0.330203443,0.216353678,0.258215962,0.078638498,0.019170579
12-11-2025 08:00,8,0.122065728,0.362676056,0.20970266,0.222613459,0.069248826,0.013693271
12-11-2025 09:00,9,0.153364632,0.338028169,0.197574335,0.222222222,0.073552426,0.015258216
12-11-2025 10:00,10,0.156103286,0.297730829,0.207355243,0.249217527,0.075899844,0.012910798
12-11-2025 11:00,11,0.123239437,0.275039124,0.220657277,0.29342723,0.075117371,0.012519562
12-11-2025 12:00,12,0.098200313,0.248043818,0.205399061,0.347809077,0.087245696,0.012519562
12-11-2025 13:00,13,0.063771518,0.209311424,0.213223787,0.399843505,0.104068858,0.009780908
12-11-2025 14:00,14,0.052425665,0.167057903,0.185054773,0.460485133,0.123630673,0.011345853
12-11-2025 15:00,15,0.039906103,0.143192488,0.154147105,0.504303599,0.140062598,0.018388106
12-11-2025 16:00,16,0.041471049,0.121283255,0.148669797,0.511737089,0.157276995,0.019561815
12-11-2025 17:00,17,0.036776213,0.127543036,0.153364632,0.490610329,0.16627543,0.025039124
12-11-2025 18:00,18,0.045383412,0.160015649,0.175665102,0.460093897,0.142018779,0.016431925
12-11-2025 19:00,19,0.0614241,0.200704225,0.216744914,0.405320814,0.10172144,0.014084507
12-11-2025 20:00,20,0.096244131,0.254303599,0.246087637,0.327073552,0.064945227,0.011345853
12-11-2025 21:00,21,0.129890454,0.309859155,0.238654147,0.253912363,0.058685446,0.008607199
12-11-2025 22:00,22,0.143192488,0.329029734,0.223395931,0.231611894,0.064162754,0.008607199
12-11-2025 23:00,23,0.145539906,0.332550861,0.206181534,0.240610329,0.066510172,0.008607199
13-11-2025 00:00,0,0.143192488,0.323552426,0.205790297,0.246087637,0.068075117,0.012910798
13-11-2025 01:00,1,0.140453834,0.299687011,0.196400626,0.258607199,0.088028169,0.016823161
13-11-2025 02:00,2,0.131455399,0.299687011,0.198748044,0.25743349,0.092331768,0.019953052
13-11-2025 03:00,3,0.113067293,0.300469484,0.197965571,0.272300469,0.09428795,0.021517997
13-11-2025 04:00,4,0.106025039,0.291471049,0.207746479,0.274256651,0.099374022,0.021126761
13-11-2025 05:00,5,0.103286385,0.299295775,0.206964006,0.273474178,0.093505477,0.022691706
13-11-2025 06:00,6,0.089593114,0.3114241,0.218701095,0.270344288,0.08685446,0.023082942
13-11-2025 07:00,7,0.09741784,0.330203443,0.216353678,0.258215962,0.078638498,0.019170579
13-11-2025 08:00,8,0.122065728,0.362676056,0.20970266,0.222613459,0.069248826,0.013693271
13-11-2025 09:00,9,0.153364632,0.338028169,0.197574335,0.222222222,0.073552426,0.015258216
13-11-2025 10:00,10,0.156103286,0.297730829,0.207355243,0.249217527,0.075899844,0.012910798
13-11-2025 11:00,11,0.123239437,0.275039124,0.220657277,0.29342723,0.075117371,0.012519562
13-11-2025 12:00,12,0.098200313,0.248043818,0.205399061,0.347809077,0.087245696,0.012519562
13-11-2025 13:00,13,0.063771518,0.209311424,0.213223787,0.399843505,0.104068858,0.009780908
13-11-2025 14:00,14,0.052425665,0.167057903,0.185054773,0.460485133,0.123630673,0.011345853
13-11-2025 15:00,15,0.039906103,0.143192488,0.154147105,0.504303599,0.140062598,0.018388106
13-11-2025 16:00,16,0.041471049,0.121283255,0.148669797,0.511737089,0.157276995,0.019561815
13-11-2025 17:00,17,0.036776213,0.127543036,0.153364632,0.490610329,0.16627543,0.025039124
13-11-2025 18:00,18,0.045383412,0.160015649,0.175665102,0.460093897,0.142018779,0.016431925
13-11-2025 19:00,19,0.0614241,0.200704225,0.216744914,0.405320814,0.10172144,0.014084507
13-11-2025 20:00,20,0.096244131,0.254303599,0.246087637,0.327073552,0.064945227,0.011345853
13-11-2025 21:00,21,0.129890454,0.309859155,0.238654147,0.253912363,0.058685446,0.008607199
13-11-2025 22:00,22,0.143192488,0.329029734,0.223395931,0.231611894,0.064162754,0.008607199
13-11-2025 23:00,23,0.145539906,0.332550861,0.206181534,0.240610329,0.066510172,0.008607199
14-11-2025 00:00,0,0.143192488,0.323552426,0.205790297,0.246087637,0.068075117,0.012910798
14-11-2025 01:00,1,0.140453834,0.299687011,0.196400626,0.258607199,0.088028169,0.016823161
14-11-2025 02:00,2,0.131455399,0.299687011,0.198748044,0.25743349,0.092331768,0.019953052
14-11-2025 03:00,3,0.113067293,0.300469484,0.197965571,0.272300469,0.09428795,0.021517997
14-11-2025 04:00,4,0.106025039,0.291471049,0.207746479,0.274256651,0.099374022,0.021126761
14-11-2025 05:00,5,0.103286385,0.299295775,0.206964006,0.273474178,0.093505477,0.022691706
14-11-2025 06:00,6,0.089593114,0.3114241,0.218701095,0.270344288,0.08685446,0.023082942
14-11-2025 07:00,7,0.09741784,0.330203443,0.216353678,0.258215962,0.078638498,0.019170579
14-11-2025 08:00,8,0.122065728,0.362676056,0.20970266,0.222613459,0.069248826,0.013693271
14-11-2025 09:00,9,0.153364632,0.338028169,0.197574335,0.222222222,0.073552426,0.015258216
14-11-2025 10:00,10,0.156103286,0.297730829,0.207355243,0.249217527,0.075899844,0.012910798
14-11-2025 11:00,11,0.123239437,0.275039124,0.220657277,0.29342723,0.075117371,0.012519562
14-11-2025 12:00,12,0.098200313,0.248043818,0.205399061,0.347809077,0.087245696,0.012519562
14-11-2025 13:00,13,0.063771518,0.209311424,0.213223787,0.399843505,0.104068858,0.009780908
14-11-2025 14:00,14,0.052425665,0.167057903,0.185054773,0.460485133,0.123630673,0.011345853
14-11-2025 15:00,15,0.039906103,0.143192488,0.154147105,0.504303599,0.140062598,0.018388106
14-11-2025 16:00,16,0.041471049,0.121283255,0.148669797,0.511737089,0.157276995,0.019561815
14-11-2025 17:00,17,0.036776213,0.127543036,0.153364632,0.490610329,0.16627543,0.025039124
14-11-2025 18:00,18,0.045383412,0.160015649,0.175665102,0.460093897,0.142018779,0.016431925
14-11-2025 19:00,19,0.0614241,0.200704225,0.216744914,0.405320814,0.10172144,0.014084507
14-11-2025 20:00,20,0.096244131,0.254303599,0.246087637,0.327073552,0.064945227,0.011345853
14-11-2025 21:00,21,0.129890454,0.309859155,0.238654147,0.253912363,0.058685446,0.008607199
14-11-2025 22:00,22,0.143192488,0.329029734,0.223395931,0.231611894,0.064162754,0.008607199
14-11-2025 23:00,23,0.145539906,0.332550861,0.206181534,0.240610329,0.066510172,0.008607199
15-11-2025 00:00,0,0.143192488,0.323552426,0.205790297,0.246087637,0.068075117,0.012910798
15-11-2025 01:00,1,0.140453834,0.299687011,0.196400626,0.258607199,0.088028169,0.016823161
15-11-2025 02:00,2,0.131455399,0.299687011,0.198748044,0.25743349,0.092331768,0.019953052
15-11-2025 03:00,3,0.113067293,0.300469484,0.197965571,0.272300469,0.09428795,0.021517997
15-11-2025 04:00,4,0.106025039,0.291471049,0.207746479,0.274256651,0.099374022,0.021126761
15-11-2025 05:00,5,0.103286385,0.299295775,0.206964006,0.273474178,0.093505477,0.022691706
15-11-2025 06:00,6,0.089593114,0.3114241,0.218701095,0.270344288,0.08685446,0.023082942
15-11-2025 07:00,7,0.09741784,0.330203443,0.216353678,0.258215962,0.078638498,0.019170579
15-11-2025 08:00,8,0.122065728,0.362676056,0.20970266,0.222613459,0.069248826,0.013693271
15-11-2025 09:00,9,0.153364632,0.338028169,0.197574335,0.222222222,0.073552426,0.015258216
15-11-2025 10:00,10,0.156103286,0.297730829,0.207355243,0.249217527,0.075899844,0.012910798
15-11-2025 11:00,11,0.123239437,0.275039124,0.220657277,0.29342723,0.075117371,0.012519562
15-11-2025 12:00,12,0.098200313,0.248043818,0.205399061,0.347809077,0.087245696,0.012519562
15-11-2025 13:00,13,0.063771518,0.209311424,0.213223787,0.399843505,0.104068858,0.009780908
15-11-2025 14:00,14,0.052425665,0.167057903,0.185054773,0.460485133,0.123630673,0.011345853
15-11-2025 15:00,15,0.039906103,0.143192488,0.154147105,0.504303599,0.140062598,0.018388106
15-11-2025 16:00,16,0.041471049,0.121283255,0.148669797,0.511737089,0.157276995,0.019561815
15-11-2025 17:00,17,0.036776213,0.127543036,0.153364632,0.490610329,0.16627543,0.025039124
15-11-2025 18:00,18,0.045383412,0.160015649,0.175665102,0.460093897,0.142018779,0.016431925
15-11-2025 19:00,19,0.0614241,0.200704225,0.216744914,0.405320814,0.10172144,0.014084507
15-11-2025 20:00,20,0.096244131,0.254303599,0.246087637,0.327073552,0.064945227,0.011345853
15-11-2025 21:00,21,0.129890454,0.309859155,0.238654147,0.253912363,0.058685446,0.008607199
15-11-2025 22:00,22,0.143192488,0.329029734,0.223395931,0.231611894,0.064162754,0.008607199
15-11-2025 23:00,23,0.145539906,0.332550861,0.206181534,0.240610329,0.066510172,0.008607199
16-11-2025 00:00,0,0.143192488,0.323552426,0.205790297,0.246087637,0.068075117,0.012910798
16-11-2025 01:00,1,0.140453834,0.299687011,0.196400626,0.258607199,0.088028169,0.016823161
16-11-2025 02:00,2,0.131455399,0.299687011,0.198748044,0.25743349,0.092331768,0.019953052
16-11-2025 03:00,3,0.113067293,0.300469484,0.197965571,0.272300469,0.09428795,0.021517997
16-11-2025 04:00,4,0.106025039,0.291471049,0.207746479,0.274256651,0.099374022,0.021126761
16-11-2025 05:00,5,0.103286385,0.299295775,0.206964006,0.273474178,0.093505477,0.022691706
16-11-2025 06:00,6,0.089593114,0.3114241,0.218701095,0.270344288,0.08685446,0.023082942
16-11-2025 07:00,7,0.09741784,0.330203443,0.216353678,0.258215962,0.078638498,0.019170579
16-11-2025 08:00,8,0.122065728,0.362676056,0.20970266,0.222613459,0.069248826,0.013693271
16-11-2025 09:00,9,0.153364632,0.338028169,0.197574335,0.222222222,0.073552426,0.015258216
16-11-2025 10:00,10,0.156103286,0.297730829,0.207355243,0.249217527,0.075899844,0.012910798
16-11-2025 11:00,11,0.123239437,0.275039124,0.220657277,0.29342723,0.075117371,0.012519562
16-11-2025 12:00,12,0.098200313,0.248043818,0.205399061,0.347809077,0.087245696,0.012519562
16-11-2025 13:00,13,0.063771518,0.209311424,0.213223787,0.399843505,0.104068858,0.009780908
16-11-2025 14:00,14,0.052425665,0.167057903,0.185054773,0.460485133,0.123630673,0.011345853
16-11-2025 15:00,15,0.039906103,0.143192488,0.154147105,0.504303599,0.140062598,0.018388106
16-11-2025 16:00,16,0.041471049,0.121283255,0.148669797,0.511737089,0.157276995,0.019561815
16-11-2025 17:00,17,0.036776213,0.127543036,0.153364632,0.490610329,0.16627543,0.025039124
16-11-2025 18:00,18,0.045383412,0.160015649,0.175665102,0.460093897,0.142018779,0.016431925
16-11-2025 19:00,19,0.0614241,0.200704225,0.216744914,0.405320814,0.10172144,0.014084507
16-11-2025 20:00,20,0.096244131,0.254303599,0.246087637,0.327073552,0.064945227,0.011345853
16-11-2025 21:00,21,0.129890454,0.309859155,0.238654147,0.253912363,0.058685446,0.008607199
16-11-2025 22:00,22,0.143192488,0.329029734,0.223395931,0.231611894,0.064162754,0.008607199
16-11-2025 23:00,23,0.145539906,0.332550861,0.206181534,0.240610329,0.066510172,0.008607199
17-11-2025 00:00,0,0.143192488,0.323552426,0.205790297,0.246087637,0.068075117,0.012910798
17-11-2025 01:00,1,0.140453834,0.299687011,0.196400626,0.258607199,0.088028169,0.016823161
17-11-2025 02:00,2,0.131455399,0.299687011,0.198748044,0.25743349,0.092331768,0.019953052
17-11-2025 03:00,3,0.113067293,0.300469484,0.197965571,0.272300469,0.09428795,0.021517997
17-11-2025 04:00,4,0.106025039,0.291471049,0.207746479,0.274256651,0.099374022,0.021126761
17-11-2025 05:00,5,0.103286385,0.299295775,0.206964006,0.273474178,0.093505477,0.022691706
17-11-2025 06:00,6,0.089593114,0.3114241,0.218701095,0.270344288,0.08685446,0.023082942
17-11-2025 07:00,7,0.09741784,0.330203443,0.216353678,0.258215962,0.078638498,0.019170579
17-11-2025 08:00,8,0.122065728,0.362676056,0.20970266,0.222613459,0.069248826,0.013693271
17-11-2025 09:00,9,0.153364632,0.338028169,0.197574335,0.222222222,0.073552426,0.015258216
17-11-2025 10:00,10,0.156103286,0.297730829,0.207355243,0.249217527,0.075899844,0.012910798
17-11-2025 11:00,11,0.123239437,0.275039124,0.220657277,0.29342723,0.075117371,0.012519562
17-11-2025 12:00,12,0.098200313,0.248043818,0.205399061,0.347809077,0.087245696,0.012519562
17-11-2025 13:00,13,0.063771518,0.209311424,0.213223787,0.399843505,0.104068858,0.009780908
17-11-2025 14:00,14,0.052425665,0.167057903,0.185054773,0.460485133,0.123630673,0.011345853
17-11-2025 15:00,15,0.039906103,0.143192488,0.154147105,0.504303599,0.140062598,0.018388106
17-11-2025 16:00,16,0.041471049,0.121283255,0.148669797,0.511737089,0.157276995,0.019561815
17-11-2025 17:00,17,0.036776213,0.127543036,0.153364632,0.490610329,0.16627543,0.025039124
17-11-2025 18:00,18,0.045383412,0.160015649,0.175665102,0.460093897,0.142018779,0.016431925
17-11-2025 19:00,19,0.0614241,0.200704225,0.216744914,0.405320814,0.10172144,0.014084507
17-11-2025 20:00,20,0.096244131,0.254303599,0.246087637,0.327073552,0.064945227,0.011345853
17-11-2025 21:00,21,0.129890454,0.309859155,0.238654147,0.253912363,0.058685446,0.008607199
17-11-2025 22:00,22,0.143192488,0.329029734,0.223395931,0.231611894,0.064162754,0.008607199
17-11-2025 23:00,23,0.145539906,0.332550861,0.206181534,0.240610329,0.066510172,0.008607199
18-11-2025 00:00,0,0.143192488,0.323552426,0.205790297,0.246087637,0.068075117,0.012910798
18-11-2025 01:00,1,0.140453834,0.299687011,0.196400626,0.258607199,0.088028169,0.016823161
18-11-2025 02:00,2,0.131455399,0.299687011,0.198748044,0.25743349,0.092331768,0.019953052
18-11-2025 03:00,3,0.113067293,0.300469484,0.197965571,0.272300469,0.09428795,0.021517997
18-11-2025 04:00,4,0.106025039,0.291471049,0.207746479,0.274256651,0.099374022,0.021126761
18-11-2025 05:00,5,0.103286385,0.299295775,0.206964006,0.273474178,0.093505477,0.022691706
18-11-2025 06:00,6,0.089593114,0.3114241,0.218701095,0.270344288,0.08685446,0.023082942
18-11-2025 07:00,7,0.09741784,0.330203443,0.216353678,0.258215962,0.078638498,0.019170579
18-11-2025 08:00,8,0.122065728,0.362676056,0.20970266,0.222613459,0.069248826,0.013693271
18-11-2025 09:00,9,0.153364632,0.338028169,0.197574335,0.222222222,0.073552426,0.015258216
18-11-2025 10:00,10,0.156103286,0.297730829,0.207355243,0.249217527,0.075899844,0.012910798
18-11-2025 11:00,11,0.123239437,0.275039124,0.220657277,0.29342723,0.075117371,0.012519562
18-11-2025 12:00,12,0.098200313,0.248043818,0.205399061,0.347809077,0.087245696,0.012519562
18-11-2025 13:00,13,0.063771518,0.209311424,0.213223787,0.399843505,0.104068858,0.009780908
18-11-2025 14:00,14,0.052425665,0.167057903,0.185054773,0.460485133,0.123630673,0.011345853
18-11-2025 15:00,15,0.039906103,0.143192488,0.154147105,0.504303599,0.140062598,0.018388106
18-11-2025 16:00,16,0.041471049,0.121283255,0.148669797,0.511737089,0.157276995,0.019561815
18-11-2025 17:00,17,0.036776213,0.127543036,0.153364632,0.490610329,0.16627543,0.025039124
18-11-2025 18:00,18,0.045383412,0.160015649,0.175665102,0.460093897,0.142018779,0.016431925
18-11-2025 19:00,19,0.0614241,0.200704225,0.216744914,0.405320814,0.10172144,0.014084507
18-11-2025 20:00,20,0.096244131,0.254303599,0.246087637,0.327073552,0.064945227,0.011345853
18-11-2025 21:00,21,0.129890454,0.309859155,0.238654147,0.253912363,0.058685446,0.008607199
18-11-2025 22:00,22,0.143192488,0.329029734,0.223395931,0.231611894,0.064162754,0.008607199
18-11-2025 23:00,23,0.145539906,0.332550861,0.206181534,0.240610329,0.066510172,0.008607199
19-11-2025 00:00,0,0.143192488,0.323552426,0.205790297,0.246087637,0.068075117,0.012910798
19-11-2025 01:00,1,0.140453834,0.299687011,0.196400626,0.258607199,0.088028169,0.016823161
19-11-2025 02:00,2,0.131455399,0.299687011,0.198748044,0.25743349,0.092331768,0.019953052
19-11-2025 03:00,3,0.113067293,0.300469484,0.197965571,0.272300469,0.09428795,0.021517997
19-11-2025 04:00,4,0.106025039,0.291471049,0.207746479,0.274256651,0.099374022,0.021126761
19-11-2025 05:00,5,0.103286385,0.299295775,0.206964006,0.273474178,0.093505477,0.022691706
19-11-2025 06:00,6,0.089593114,0.3114241,0.218701095,0.270344288,0.08685446,0.023082942
19-11-2025 07:00,7,0.09741784,0.330203443,0.216353678,0.258215962,0.078638498,0.019170579
19-11-2025 08:00,8,0.122065728,0.362676056,0.20970266,0.222613459,0.069248826,0.013693271
19-11-2025 09:00,9,0.153364632,0.338028169,0.197574335,0.222222222,0.073552426,0.015258216
19-11-2025 10:00,10,0.156103286,0.297730829,0.207355243,0.249217527,0.075899844,0.012910798
19-11-2025 11:00,11,0.123239437,0.275039124,0.220657277,0.29342723,0.075117371,0.012519562
19-11-2025 12:00,12,0.098200313,0.248043818,0.205399061,0.347809077,0.087245696,0.012519562
19-11-2025 13:00,13,0.063771518,0.209311424,0.213223787,0.399843505,0.104068858,0.009780908
19-11-2025 14:00,14,0.052425665,0.167057903,0.185054773,0.460485133,0.123630673,0.011345853
19-11-2025 15:00,15,0.039906103,0.143192488,0.154147105,0.504303599,0.140062598,0.018388106
19-11-2025 16:00,16,0.041471049,0.121283255,0.148669797,0.511737089,0.157276995,0.019561815
19-11-2025 17:00,17,0.036776213,0.127543036,0.153364632,0.490610329,0.16627543,0.025039124
19-11-2025 18:00,18,0.045383412,0.160015649,0.175665102,0.460093897,0.142018779,0.016431925
19-11-2025 19:00,19,0.0614241,0.200704225,0.216744914,0.405320814,0.10172144,0.014084507
19-11-2025 20:00,20,0.096244131,0.254303599,0.246087637,0.327073552,0.064945227,0.011345853
19-11-2025 21:00,21,0.129890454,0.309859155,0.238654147,0.253912363,0.058685446,0.008607199
19-11-2025 22:00,22,0.143192488,0.329029734,0.223395931,0.231611894,0.064162754,0.008607199
19-11-2025 23:00,23,0.145539906,0.332550861,0.206181534,0.240610329,0.066510172,0.008607199
20-11-2025 00:00,0,0.143192488,0.323552426,0.205790297,0.246087637,0.068075117,0.012910798
20-11-2025 01:00,1,0.140453834,0.299687011,0.196400626,0.258607199,0.088028169,0.016823161
20-11-2025 02:00,2,0.131455399,0.299687011,0.198748044,0.25743349,0.092331768,0.019953052
20-11-2025 03:00,3,0.113067293,0.300469484,0.197965571,0.272300469,0.09428795,0.021517997
20-11-2025 04:00,4,0.106025039,0.291471049,0.207746479,0.274256651,0.099374022,0.021126761
20-11-2025 05:00,5,0.103286385,0.299295775,0.206964006,0.273474178,0.093505477,0.022691706
20-11-2025 06:00,6,0.089593114,0.3114241,0.218701095,0.270344288,0.08685446,0.023082942
20-11-2025 07:00,7,0.09741784,0.330203443,0.216353678,0.258215962,0.078638498,0.019170579
20-11-2025 08:00,8,0.122065728,0.362676056,0.20970266,0.222613459,0.069248826,0.013693271
20-11-2025 09:00,9,0.153364632,0.338028169,0.197574335,0.222222222,0.073552426,0.015258216
20-11-2025 10:00,10,0.156103286,0.297730829,0.207355243,0.249217527,0.075899844,0.012910798
20-11-2025 11:00,11,0.123239437,0.275039124,0.220657277,0.29342723,0.075117371,0.012519562
20-11-2025 12:00,12,0.098200313,0.248043818,0.205399061,0.347809077,0.087245696,0.012519562
20-11-2025 13:00,13,0.063771518,0.209311424,0.213223787,0.399843505,0.104068858,0.009780908
20-11-2025 14:00,14,0.052425665,0.167057903,0.185054773,0.460485133,0.123630673,0.011345853
20-11-2025 15:00,15,0.039906103,0.143192488,0.154147105,0.504303599,0.140062598,0.018388106
20-11-2025 16:00,16,0.041471049,0.121283255,0.148669797,0.511737089,0.157276995,0.019561815
20-11-2025 17:00,17,0.036776213,0.127543036,0.153364632,0.490610329,0.16627543,0.025039124
20-11-2025 18:00,18,0.045383412,0.160015649,0.175665102,0.460093897,0.142018779,0.016431925
20-11-2025 19:00,19,0.0614241,0.200704225,0.216744914,0.405320814,0.10172144,0.014084507
20-11-2025 20:00,20,0.096244131,0.254303599,0.246087637,0.327073552,0.064945227,0.011345853
20-11-2025 21:00,21,0.129890454,0.309859155,0.238654147,0.253912363,0.058685446,0.008607199
20-11-2025 22:00,22,0.143192488,0.329029734,0.223395931,0.231611894,0.064162754,0.008607199
20-11-2025 23:00,23,0.145539906,0.332550861,0.206181534,0.240610329,0.066510172,0.008607199
21-11-2025 00:00,0,0.143192488,0.323552426,0.205790297,0.246087637,0.068075117,0.012910798
21-11-2025 01:00,1,0.140453834,0.299687011,0.196400626,0.258607199,0.088028169,0.016823161
21-11-2025 02:00,2,0.131455399,0.299687011,0.198748044,0.25743349,0.092331768,0.019953052
21-11-2025 03:00,3,0.113067293,0.300469484,0.197965571,0.272300469,0.09428795,0.021517997
21-11-2025 04:00,4,0.106025039,0.291471049,0.207746479,0.274256651,0.099374022,0.021126761
21-11-2025 05:00,5,0.103286385,0.299295775,0.206964006,0.273474178,0.093505477,0.022691706
21-11-2025 06:00,6,0.089593114,0.3114241,0.218701095,0.270344288,0.08685446,0.023082942
21-11-2025 07:00,7,0.09741784,0.330203443,0.216353678,0.258215962,0.078638498,0.019170579
21-11-2025 08:00,8,0.122065728,0.362676056,0.20970266,0.222613459,0.069248826,0.013693271
21-11-2025 09:00,9,0.153364632,0.338028169,0.197574335,0.222222222,0.073552426,0.015258216
21-11-2025 10:00,10,0.156103286,0.297730829,0.207355243,0.249217527,0.075899844,0.012910798
21-11-2025 11:00,11,0.123239437,0.275039124,0.220657277,0.29342723,0.075117371,0.012519562
21-11-2025 12:00,12,0.098200313,0.248043818,0.205399061,0.347809077,0.087245696,0.012519562
21-11-2025 13:00,13,0.063771518,0.209311424,0.213223787,0.399843505,0.104068858,0.009780908
21-11-2025 14:00,14,0.052425665,0.167057903,0.185054773,0.460485133,0.123630673,0.011345853
21-11-2025 15:00,15,0.039906103,0.143192488,0.154147105,0.504303599,0.140062598,0.018388106
21-11-2025 16:00,16,0.041471049,0.121283255,0.148669797,0.511737089,0.157276995,0.019561815
21-11-2025 17:00,17,0.036776213,0.127543036,0.153364632,0.490610329,0.16627543,0.025039124
21-11-2025 18:00,18,0.045383412,0.160015649,0.175665102,0.460093897,0.142018779,0.016431925
21-11-2025 19:00,19,0.0614241,0.200704225,0.216744914,0.405320814,0.10172144,0.014084507
21-11-2025 20:00,20,0.096244131,0.254303599,0.246087637,0.327073552,0.064945227,0.011345853
21-11-2025 21:00,21,0.129890454,0.309859155,0.238654147,0.253912363,0.058685446,0.008607199
21-11-2025 22:00,22,0.143192488,0.329029734,0.223395931,0.231611894,0.064162754,0.008607199
21-11-2025 23:00,23,0.145539906,0.332550861,0.206181534,0.240610329,0.066510172,0.008607199
22-11-2025 00:00,0,0.143192488,0.323552426,0.205790297,0.246087637,0.068075117,0.012910798
22-11-2025 01:00,1,0.140453834,0.299687011,0.196400626,0.258607199,0.088028169,0.016823161
22-11-2025 02:00,2,0.131455399,0.299687011,0.198748044,0.25743349,0.092331768,0.019953052
22-11-2025 03:00,3,0.113067293,0.300469484,0.197965571,0.272300469,0.09428795,0.021517997
22-11-2025 04:00,4,0.106025039,0.291471049,0.207746479,0.274256651,0.099374022,0.021126761
22-11-2025 05:00,5,0.103286385,0.299295775,0.206964006,0.273474178,0.093505477,0.022691706
22-11-2025 06:00,6,0.089593114,0.3114241,0.218701095,0.270344288,0.08685446,0.023082942
22-11-2025 07:00,7,0.09741784,0.330203443,0.216353678,0.258215962,0.078638498,0.019170579
22-11-2025 08:00,8,0.122065728,0.362676056,0.20970266,0.222613459,0.069248826,0.013693271
22-11-2025 09:00,9,0.153364632,0.338028169,0.197574335,0.222222222,0.073552426,0.015258216
22-11-2025 10:00,10,0.156103286,0.297730829,0.207355243,0.249217527,0.075899844,0.012910798
22-11-2025 11:00,11,0.123239437,0.275039124,0.220657277,0.29342723,0.075117371,0.012519562
22-11-2025 12:00,12,0.098200313,0.248043818,0.205399061,0.347809077,0.087245696,0.012519562
22-11-2025 13:00,13,0.063771518,0.209311424,0.213223787,0.399843505,0.104068858,0.009780908
22-11-2025 14:00,14,0.052425665,0.167057903,0.185054773,0.460485133,0.123630673,0.011345853
22-11-2025 15:00,15,0.039906103,0.143192488,0.154147105,0.504303599,0.140062598,0.018388106
22-11-2025 16:00,16,0.041471049,0.121283255,0.148669797,0.511737089,0.157276995,0.019561815
22-11-2025 17:00,17,0.036776213,0.127543036,0.153364632,0.490610329,0.16627543,0.025039124
22-11-2025 18:00,18,0.045383412,0.160015649,0.175665102,0.460093897,0.142018779,0.016431925
22-11-2025 19:00,19,0.0614241,0.200704225,0.216744914,0.405320814,0.10172144,0.014084507
22-11-2025 20:00,20,0.096244131,0.254303599,0.246087637,0.327073552,0.064945227,0.011345853
22-11-2025 21:00,21,0.129890454,0.309859155,0.238654147,0.253912363,0.058685446,0.008607199
22-11-2025 22:00,22,0.143192488,0.329029734,0.223395931,0.231611894,0.064162754,0.008607199
22-11-2025 23:00,23,0.145539906,0.332550861,0.206181534,0.240610329,0.066510172,0.008607199
23-11-2025 00:00,0,0.143192488,0.323552426,0.205790297,0.246087637,0.068075117,0.012910798
23-11-2025 01:00,1,0.140453834,0.299687011,0.196400626,0.258607199,0.088028169,0.016823161
23-11-2025 02:00,2,0.131455399,0.299687011,0.198748044,0.25743349,0.092331768,0.019953052
23-11-2025 03:00,3,0.113067293,0.300469484,0.197965571,0.272300469,0.09428795,0.021517997
23-11-2025 04:00,4,0.106025039,0.291471049,0.207746479,0.274256651,0.099374022,0.021126761
23-11-2025 05:00,5,0.103286385,0.299295775,0.206964006,0.273474178,0.093505477,0.022691706
23-11-2025 06:00,6,0.089593114,0.3114241,0.218701095,0.270344288,0.08685446,0.023082942
23-11-2025 07:00,7,0.09741784,0.330203443,0.216353678,0.258215962,0.078638498,0.019170579
23-11-2025 08:00,8,0.122065728,0.362676056,0.20970266,0.222613459,0.069248826,0.013693271
23-11-2025 09:00,9,0.153364632,0.338028169,0.197574335,0.222222222,0.073552426,0.015258216
23-11-2025 10:00,10,0.156103286,0.297730829,0.207355243,0.249217527,0.075899844,0.012910798
23-11-2025 11:00,11,0.123239437,0.275039124,0.220657277,0.29342723,0.075117371,0.012519562
23-11-2025 12:00,12,0.098200313,0.248043818,0.205399061,0.347809077,0.087245696,0.012519562
23-11-2025 13:00,13,0.063771518,0.209311424,0.213223787,0.399843505,0.104068858,0.009780908
23-11-2025 14:00,14,0.052425665,0.167057903,0.185054773,0.460485133,0.123630673,0.011345853
23-11-2025 15:00,15,0.039906103,0.143192488,0.154147105,0.504303599,0.140062598,0.018388106
23-11-2025 16:00,16,0.041471049,0.121283255,0.148669797,0.511737089,0.157276995,0.019561815
23-11-2025 17:00,17,0.036776213,0.127543036,0.153364632,0.490610329,0.16627543,0.025039124
23-11-2025 18:00,18,0.045383412,0.160015649,0.175665102,0.460093897,0.142018779,0.016431925
23-11-2025 19:00,19,0.0614241,0.200704225,0.216744914,0.405320814,0.10172144,0.014084507
23-11-2025 20:00,20,0.096244131,0.254303599,0.246087637,0.327073552,0.064945227,0.011345853
23-11-2025 21:00,21,0.129890454,0.309859155,0.238654147,0.253912363,0.058685446,0.008607199
23-11-2025 22:00,22,0.143192488,0.329029734,0.223395931,0.231611894,0.064162754,0.008607199
23-11-2025 23:00,23,0.145539906,0.332550861,0.206181534,0.240610329,0.066510172,0.008607199
24-11-2025 00:00,0,0.143192488,0.323552426,0.205790297,0.246087637,0.068075117,0.012910798
24-11-2025 01:00,1,0.140453834,0.299687011,0.196400626,0.258607199,0.088028169,0.016823161
24-11-2025 02:00,2,0.131455399,0.299687011,0.198748044,0.25743349,0.092331768,0.019953052
24-11-2025 03:00,3,0.113067293,0.300469484,0.197965571,0.272300469,0.09428795,0.021517997
24-11-2025 04:00,4,0.106025039,0.291471049,0.207746479,0.274256651,0.099374022,0.021126761
24-11-2025 05:00,5,0.103286385,0.299295775,0.206964006,0.273474178,0.093505477,0.022691706
24-11-2025 06:00,6,0.089593114,0.3114241,0.218701095,0.270344288,0.08685446,0.023082942
24-11-2025 07:00,7,0.09741784,0.330203443,0.216353678,0.258215962,0.078638498,0.019170579
24-11-2025 08:00,8,0.122065728,0.362676056,0.20970266,0.222613459,0.069248826,0.013693271
24-11-2025 09:00,9,0.153364632,0.338028169,0.197574335,0.222222222,0.073552426,0.015258216
24-11-2025 10:00,10,0.156103286,0.297730829,0.207355243,0.249217527,0.075899844,0.012910798
24-11-2025 11:00,11,0.123239437,0.275039124,0.220657277,0.29342723,0.075117371,0.012519562
24-11-2025 12:00,12,0.098200313,0.248043818,0.205399061,0.347809077,0.087245696,0.012519562
24-11-2025 13:00,13,0.063771518,0.209311424,0.213223787,0.399843505,0.104068858,0.009780908
24-11-2025 14:00,14,0.052425665,0.167057903,0.185054773,0.460485133,0.123630673,0.011345853
24-11-2025 15:00,15,0.039906103,0.143192488,0.154147105,0.504303599,0.140062598,0.018388106
24-11-2025 16:00,16,0.041471049,0.121283255,0.148669797,0.511737089,0.157276995,0.019561815
24-11-2025 17:00,17,0.036776213,0.127543036,0.153364632,0.490610329,0.16627543,0.025039124
24-11-2025 18:00,18,0.045383412,0.160015649,0.175665102,0.460093897,0.142018779,0.016431925
24-11-2025 19:00,19,0.0614241,0.200704225,0.216744914,0.405320814,0.10172144,0.014084507
24-11-2025 20:00,20,0.096244131,0.254303599,0.246087637,0.327073552,0.064945227,0.011345853
24-11-2025 21:00,21,0.129890454,0.309859155,0.238654147,0.253912363,0.058685446,0.008607199
24-11-2025 22:00,22,0.143192488,0.329029734,0.223395931,0.231611894,0.064162754,0.008607199
24-11-2025 23:00,23,0.145539906,0.332550861,0.206181534,0.240610329,0.066510172,0.008607199
25-11-2025 00:00,0,0.143192488,0.323552426,0.205790297,0.246087637,0.068075117,0.012910798
25-11-2025 01:00,1,0.140453834,0.299687011,0.196400626,0.258607199,0.088028169,0.016823161
25-11-2025 02:00,2,0.131455399,0.299687011,0.198748044,0.25743349,0.092331768,0.019953052
25-11-2025 03:00,3,0.113067293,0.300469484,0.197965571,0.272300469,0.09428795,0.021517997
25-11-2025 04:00,4,0.106025039,0.291471049,0.207746479,0.274256651,0.099374022,0.021126761
25-11-2025 05:00,5,0.103286385,0.299295775,0.206964006,0.273474178,0.093505477,0.022691706
25-11-2025 06:00,6,0.089593114,0.3114241,0.218701095,0.270344288,0.08685446,0.023082942
25-11-2025 07:00,7,0.09741784,0.330203443,0.216353678,0.258215962,0.078638498,0.019170579
25-11-2025 08:00,8,0.122065728,0.362676056,0.20970266,0.222613459,0.069248826,0.013693271
25-11-2025 09:00,9,0.153364632,0.338028169,0.197574335,0.222222222,0.073552426,0.015258216
25-11-2025 10:00,10,0.156103286,0.297730829,0.207355243,0.249217527,0.075899844,0.012910798
25-11-2025 11:00,11,0.123239437,0.275039124,0.220657277,0.29342723,0.075117371,0.012519562
25-11-2025 12:00,12,0.098200313,0.248043818,0.205399061,0.347809077,0.087245696,0.012519562
25-11-2025 13:00,13,0.063771518,0.209311424,0.213223787,0.399843505,0.104068858,0.009780908
25-11-2025 14:00,14,0.052425665,0.167057903,0.185054773,0.460485133,0.123630673,0.011345853
25-11-2025 15:00,15,0.039906103,0.143192488,0.154147105,0.504303599,0.140062598,0.018388106
25-11-2025 16:00,16,0.041471049,0.121283255,0.148669797,0.511737089,0.157276995,0.019561815
25-11-2025 17:00,17,0.036776213,0.127543036,0.153364632,0.490610329,0.16627543,0.025039124
25-11-2025 18:00,18,0.045383412,0.160015649,0.175665102,0.460093897,0.142018779,0.016431925
25-11-2025 19:00,19,0.0614241,0.200704225,0.216744914,0.405320814,0.10172144,0.014084507
25-11-2025 20:00,20,0.096244131,0.254303599,0.246087637,0.327073552,0.064945227,0.011345853
25-11-2025 21:00,21,0.129890454,0.309859155,0.238654147,0.253912363,0.058685446,0.008607199
25-11-2025 22:00,22,0.143192488,0.329029734,0.223395931,0.231611894,0.064162754,0.008607199
25-11-2025 23:00,23,0.145539906,0.332550861,0.206181534,0.240610329,0.066510172,0.008607199
26-11-2025 00:00,0,0.143192488,0.323552426,0.205790297,0.246087637,0.068075117,0.012910798
26-11-2025 01:00,1,0.140453834,0.299687011,0.196400626,0.258607199,0.088028169,0.016823161
26-11-2025 02:00,2,0.131455399,0.299687011,0.198748044,0.25743349,0.092331768,0.019953052
26-11-2025 03:00,3,0.113067293,0.300469484,0.197965571,0.272300469,0.09428795,0.021517997
26-11-2025 04:00,4,0.106025039,0.291471049,0.207746479,0.274256651,0.099374022,0.021126761
26-11-2025 05:00,5,0.103286385,0.299295775,0.206964006,0.273474178,0.093505477,0.022691706
26-11-2025 06:00,6,0.089593114,0.3114241,0.218701095,0.270344288,0.08685446,0.023082942
26-11-2025 07:00,7,0.09741784,0.330203443,0.216353678,0.258215962,0.078638498,0.019170579
26-11-2025 08:00,8,0.122065728,0.362676056,0.20970266,0.222613459,0.069248826,0.013693271
26-11-2025 09:00,9,0.153364632,0.338028169,0.197574335,0.222222222,0.073552426,0.015258216
26-11-2025 10:00,10,0.156103286,0.297730829,0.207355243,0.249217527,0.075899844,0.012910798
26-11-2025 11:00,11,0.123239437,0.275039124,0.220657277,0.29342723,0.075117371,0.012519562
26-11-2025 12:00,12,0.098200313,0.248043818,0.205399061,0.347809077,0.087245696,0.012519562
26-11-2025 13:00,13,0.063771518,0.209311424,0.213223787,0.399843505,0.104068858,0.009780908
26-11-2025 14:00,14,0.052425665,0.167057903,0.185054773,0.460485133,0.123630673,0.011345853
26-11-2025 15:00,15,0.039906103,0.143192488,0.154147105,0.504303599,0.140062598,0.018388106
26-11-2025 16:00,16,0.041471049,0.121283255,0.148669797,0.511737089,0.157276995,0.019561815
26-11-2025 17:00,17,0.036776213,0.127543036,0.153364632,0.490610329,0.16627543,0.025039124
26-11-2025 18:00,18,0.045383412,0.160015649,0.175665102,0.460093897,0.142018779,0.016431925
26-11-2025 19:00,19,0.0614241,0.200704225,0.216744914,0.405320814,0.10172144,0.014084507
26-11-2025 20:00,20,0.096244131,0.254303599,0.246087637,0.327073552,0.064945227,0.011345853
26-11-2025 21:00,21,0.129890454,0.309859155,0.238654147,0.253912363,0.058685446,0.008607199
26-11-2025 22:00,22,0.143192488,0.329029734,0.223395931,0.231611894,0.064162754,0.008607199
26-11-2025 23:00,23,0.145539906,0.332550861,0.206181534,0.240610329,0.066510172,0.008607199
27-11-2025 00:00,0,0.143192488,0.323552426,0.205790297,0.246087637,0.068075117,0.012910798
27-11-2025 01:00,1,0.140453834,0.299687011,0.196400626,0.258607199,0.088028169,0.016823161
27-11-2025 02:00,2,0.131455399,0.299687011,0.198748044,0.25743349,0.092331768,0.019953052
27-11-2025 03:00,3,0.113067293,0.300469484,0.197965571,0.272300469,0.09428795,0.021517997
27-11-2025 04:00,4,0.106025039,0.291471049,0.207746479,0.274256651,0.099374022,0.021126761
27-11-2025 05:00,5,0.103286385,0.299295775,0.206964006,0.273474178,0.093505477,0.022691706
27-11-2025 06:00,6,0.089593114,0.3114241,0.218701095,0.270344288,0.08685446,0.023082942
27-11-2025 07:00,7,0.09741784,0.330203443,0.216353678,0.258215962,0.078638498,0.019170579
27-11-2025 08:00,8,0.122065728,0.362676056,0.20970266,0.222613459,0.069248826,0.013693271
27-11-2025 09:00,9,0.153364632,0.338028169,0.197574335,0.222222222,0.073552426,0.015258216
27-11-2025 10:00,10,0.156103286,0.297730829,0.207355243,0.249217527,0.075899844,0.012910798
27-11-2025 11:00,11,0.123239437,0.275039124,0.220657277,0.29342723,0.075117371,0.012519562
27-11-2025 12:00,12,0.098200313,0.248043818,0.205399061,0.347809077,0.087245696,0.012519562
27-11-2025 13:00,13,0.063771518,0.209311424,0.213223787,0.399843505,0.104068858,0.009780908
27-11-2025 14:00,14,0.052425665,0.167057903,0.185054773,0.460485133,0.123630673,0.011345853
27-11-2025 15:00,15,0.039906103,0.143192488,0.154147105,0.504303599,0.140062598,0.018388106
27-11-2025 16:00,16,0.041471049,0.121283255,0.148669797,0.511737089,0.157276995,0.019561815
27-11-2025 17:00,17,0.036776213,0.127543036,0.153364632,0.490610329,0.16627543,0.025039124
27-11-2025 18:00,18,0.045383412,0.160015649,0.175665102,0.460093897,0.142018779,0.016431925
27-11-2025 19:00,19,0.0614241,0.200704225,0.216744914,0.405320814,0.10172144,0.014084507
27-11-2025 20:00,20,0.096244131,0.254303599,0.246087637,0.327073552,0.064945227,0.011345853
27-11-2025 21:00,21,0.129890454,0.309859155,0.238654147,0.253912363,0.058685446,0.008607199
27-11-2025 22:00,22,0.143192488,0.329029734,0.223395931,0.231611894,0.064162754,0.008607199
27-11-2025 23:00,23,0.145539906,0.332550861,0.206181534,0.240610329,0.066510172,0.008607199
28-11-2025 00:00,0,0.143192488,0.323552426,0.205790297,0.246087637,0.068075117,0.012910798
28-11-2025 01:00,1,0.140453834,0.299687011,0.196400626,0.258607199,0.088028169,0.016823161
28-11-2025 02:00,2,0.131455399,0.299687011,0.198748044,0.25743349,0.092331768,0.019953052
28-11-2025 03:00,3,0.113067293,0.300469484,0.197965571,0.272300469,0.09428795,0.021517997
28-11-2025 04:00,4,0.106025039,0.291471049,0.207746479,0.274256651,0.099374022,0.021126761
28-11-2025 05:00,5,0.103286385,0.299295775,0.206964006,0.273474178,0.093505477,0.022691706
28-11-2025 06:00,6,0.089593114,0.3114241,0.218701095,0.270344288,0.08685446,0.023082942
28-11-2025 07:00,7,0.09741784,0.330203443,0.216353678,0.258215962,0.078638498,0.019170579
28-11-2025 08:00,8,0.122065728,0.362676056,0.20970266,0.222613459,0.069248826,0.013693271
28-11-2025 09:00,9,0.153364632,0.338028169,0.197574335,0.222222222,0.073552426,0.015258216
28-11-2025 10:00,10,0.156103286,0.297730829,0.207355243,0.249217527,0.075899844,0.012910798
28-11-2025 11:00,11,0.123239437,0.275039124,0.220657277,0.29342723,0.075117371,0.012519562
28-11-2025 12:00,12,0.098200313,0.248043818,0.205399061,0.347809077,0.087245696,0.012519562
28-11-2025 13:00,13,0.063771518,0.209311424,0.213223787,0.399843505,0.104068858,0.009780908
28-11-2025 14:00,14,0.052425665,0.167057903,0.185054773,0.460485133,0.123630673,0.011345853
28-11-2025 15:00,15,0.039906103,0.143192488,0.154147105,0.504303599,0.140062598,0.018388106
28-11-2025 16:00,16,0.041471049,0.121283255,0.148669797,0.511737089,0.157276995,0.019561815
28-11-2025 17:00,17,0.036776213,0.127543036,0.153364632,0.490610329,0.16627543,0.025039124
28-11-2025 18:00,18,0.045383412,0.160015649,0.175665102,0.460093897,0.142018779,0.016431925
28-11-2025 19:00,19,0.0614241,0.200704225,0.216744914,0.405320814,0.10172144,0.014084507
28-11-2025 20:00,20,0.096244131,0.254303599,0.246087637,0.327073552,0.064945227,0.011345853
28-11-2025 21:00,21,0.129890454,0.309859155,0.238654147,0.253912363,0.058685446,0.008607199
28-11-2025 22:00,22,0.143192488,0.329029734,0.223395931,0.231611894,0.064162754,0.008607199
28-11-2025 23:00,23,0.145539906,0.332550861,0.206181534,0.240610329,0.066510172,0.008607199
29-11-2025 00:00,0,0.143192488,0.323552426,0.205790297,0.246087637,0.068075117,0.012910798
29-11-2025 01:00,1,0.140453834,0.299687011,0.196400626,0.258607199,0.088028169,0.016823161
29-11-2025 02:00,2,0.131455399,0.299687011,0.198748044,0.25743349,0.092331768,0.019953052
29-11-2025 03:00,3,0.113067293,0.300469484,0.197965571,0.272300469,0.09428795,0.021517997
29-11-2025 04:00,4,0.106025039,0.291471049,0.207746479,0.274256651,0.099374022,0.021126761
29-11-2025 05:00,5,0.103286385,0.299295775,0.206964006,0.273474178,0.093505477,0.022691706
29-11-2025 06:00,6,0.089593114,0.3114241,0.218701095,0.270344288,0.08685446,0.023082942
29-11-2025 07:00,7,0.09741784,0.330203443,0.216353678,0.258215962,0.078638498,0.019170579
29-11-2025 08:00,8,0.122065728,0.362676056,0.20970266,0.222613459,0.069248826,0.013693271
29-11-2025 09:00,9,0.153364632,0.338028169,0.197574335,0.222222222,0.073552426,0.015258216
29-11-2025 10:00,10,0.156103286,0.297730829,0.207355243,0.249217527,0.075899844,0.012910798
29-11-2025 11:00,11,0.123239437,0.275039124,0.220657277,0.29342723,0.075117371,0.012519562
29-11-2025 12:00,12,0.098200313,0.248043818,0.205399061,0.347809077,0.087245696,0.012519562
29-11-2025 13:00,13,0.063771518,0.209311424,0.213223787,0.399843505,0.104068858,0.009780908
29-11-2025 14:00,14,0.052425665,0.167057903,0.185054773,0.460485133,0.123630673,0.011345853
29-11-2025 15:00,15,0.039906103,0.143192488,0.154147105,0.504303599,0.140062598,0.018388106
29-11-2025 16:00,16,0.041471049,0.121283255,0.148669797,0.511737089,0.157276995,0.019561815
29-11-2025 17:00,17,0.036776213,0.127543036,0.153364632,0.490610329,0.16627543,0.025039124
29-11-2025 18:00,18,0.045383412,0.160015649,0.175665102,0.460093897,0.142018779,0.016431925
29-11-2025 19:00,19,0.0614241,0.200704225,0.216744914,0.405320814,0.10172144,0.014084507
29-11-2025 20:00,20,0.096244131,0.254303599,0.246087637,0.327073552,0.064945227,0.011345853
29-11-2025 21:00,21,0.129890454,0.309859155,0.238654147,0.253912363,0.058685446,0.008607199
29-11-2025 22:00,22,0.143192488,0.329029734,0.223395931,0.231611894,0.064162754,0.008607199
29-11-2025 23:00,23,0.145539906,0.332550861,0.206181534,0.240610329,0.066510172,0.008607199
30-11-2025 00:00,0,0.143192488,0.323552426,0.205790297,0.246087637,0.068075117,0.012910798
30-11-2025 01:00,1,0.140453834,0.299687011,0.196400626,0.258607199,0.088028169,0.016823161
30-11-2025 02:00,2,0.131455399,0.299687011,0.198748044,0.25743349,0.092331768,0.019953052
30-11-2025 03:00,3,0.113067293,0.300469484,0.197965571,0.272300469,0.09428795,0.021517997
30-11-2025 04:00,4,0.106025039,0.291471049,0.207746479,0.274256651,0.099374022,0.021126761
30-11-2025 05:00,5,0.103286385,0.299295775,0.206964006,0.273474178,0.093505477,0.022691706
30-11-2025 06:00,6,0.089593114,0.3114241,0.218701095,0.270344288,0.08685446,0.023082942
30-11-2025 07:00,7,0.09741784,0.330203443,0.216353678,0.258215962,0.078638498,0.019170579
30-11-2025 08:00,8,0.122065728,0.362676056,0.20970266,0.222613459,0.069248826,0.013693271
30-11-2025 09:00,9,0.153364632,0.338028169,0.197574335,0.222222222,0.073552426,0.015258216
30-11-2025 10:00,10,0.156103286,0.297730829,0.207355243,0.249217527,0.075899844,0.012910798
30-11-2025 11:00,11,0.123239437,0.275039124,0.220657277,0.29342723,0.075117371,0.012519562
30-11-2025 12:00,12,0.098200313,0.248043818,0.205399061,0.347809077,0.087245696,0.012519562
30-11-2025 13:00,13,0.063771518,0.209311424,0.213223787,0.399843505,0.104068858,0.009780908
30-11-2025 14:00,14,0.052425665,0.167057903,0.185054773,0.460485133,0.123630673,0.011345853
30-11-2025 15:00,15,0.039906103,0.143192488,0.154147105,0.504303599,0.140062598,0.018388106
30-11-2025 16:00,16,0.041471049,0.121283255,0.148669797,0.511737089,0.157276995,0.019561815
30-11-2025 17:00,17,0.036776213,0.127543036,0.153364632,0.490610329,0.16627543,0.025039124
30-11-2025 18:00,18,0.045383412,0.160015649,0.175665102,0.460093897,0.142018779,0.016431925
30-11-2025 19:00,19,0.0614241,0.200704225,0.216744914,0.405320814,0.10172144,0.014084507
30-11-2025 20:00,20,0.096244131,0.254303599,0.246087637,0.327073552,0.064945227,0.011345853
30-11-2025 21:00,21,0.129890454,0.309859155,0.238654147,0.253912363,0.058685446,0.008607199
30-11-2025 22:00,22,0.143192488,0.329029734,0.223395931,0.231611894,0.064162754,0.008607199
30-11-2025 23:00,23,0.145539906,0.332550861,0.206181534,0.240610329,0.066510172,0.008607199
01-12-2025 00:00,0,0.143192488,0.323552426,0.205790297,0.246087637,0.068075117,0.012910798
01-12-2025 01:00,1,0.140453834,0.299687011,0.196400626,0.258607199,0.088028169,0.016823161
01-12-2025 02:00,2,0.131455399,0.299687011,0.198748044,0.25743349,0.092331768,0.019953052
01-12-2025 03:00,3,0.113067293,0.300469484,0.197965571,0.272300469,0.09428795,0.021517997
01-12-2025 04:00,4,0.106025039,0.291471049,0.207746479,0.274256651,0.099374022,0.021126761
01-12-2025 05:00,5,0.103286385,0.299295775,0.206964006,0.273474178,0.093505477,0.022691706
01-12-2025 06:00,6,0.089593114,0.3114241,0.218701095,0.270344288,0.08685446,0.023082942
01-12-2025 07:00,7,0.09741784,0.330203443,0.216353678,0.258215962,0.078638498,0.019170579
01-12-2025 08:00,8,0.122065728,0.362676056,0.20970266,0.222613459,0.069248826,0.013693271
01-12-2025 09:00,9,0.153364632,0.338028169,0.197574335,0.222222222,0.073552426,0.015258216
01-12-2025 10:00,10,0.156103286,0.297730829,0.207355243,0.249217527,0.075899844,0.012910798
01-12-2025 11:00,11,0.123239437,0.275039124,0.220657277,0.29342723,0.075117371,0.012519562
01-12-2025 12:00,12,0.098200313,0.248043818,0.205399061,0.347809077,0.087245696,0.012519562
01-12-2025 13:00,13,0.063771518,0.209311424,0.213223787,0.399843505,0.104068858,0.009780908
01-12-2025 14:00,14,0.052425665,0.167057903,0.185054773,0.460485133,0.123630673,0.011345853
01-12-2025 15:00,15,0.039906103,0.143192488,0.154147105,0.504303599,0.140062598,0.018388106
01-12-2025 16:00,16,0.041471049,0.121283255,0.148669797,0.511737089,0.157276995,0.019561815
01-12-2025 17:00,17,0.036776213,0.127543036,0.153364632,0.490610329,0.16627543,0.025039124
01-12-2025 18:00,18,0.045383412,0.160015649,0.175665102,0.460093897,0.142018779,0.016431925
01-12-2025 19:00,19,0.0614241,0.200704225,0.216744914,0.405320814,0.10172144,0.014084507
01-12-2025 20:00,20,0.096244131,0.254303599,0.246087637,0.327073552,0.064945227,0.011345853
01-12-2025 21:00,21,0.129890454,0.309859155,0.238654147,0.253912363,0.058685446,0.008607199
01-12-2025 22:00,22,0.143192488,0.329029734,0.223395931,0.231611894,0.064162754,0.008607199
01-12-2025 23:00,23,0.145539906,0.332550861,0.206181534,0.240610329,0.066510172,0.008607199
02-12-2025 00:00,0,0.143192488,0.323552426,0.205790297,0.246087637,0.068075117,0.012910798
02-12-2025 01:00,1,0.140453834,0.299687011,0.196400626,0.258607199,0.088028169,0.016823161
02-12-2025 02:00,2,0.131455399,0.299687011,0.198748044,0.25743349,0.092331768,0.019953052
02-12-2025 03:00,3,0.113067293,0.300469484,0.197965571,0.272300469,0.09428795,0.021517997
02-12-2025 04:00,4,0.106025039,0.291471049,0.207746479,0.274256651,0.099374022,0.021126761
02-12-2025 05:00,5,0.103286385,0.299295775,0.206964006,0.273474178,0.093505477,0.022691706
02-12-2025 06:00,6,0.089593114,0.3114241,0.218701095,0.270344288,0.08685446,0.023082942
02-12-2025 07:00,7,0.09741784,0.330203443,0.216353678,0.258215962,0.078638498,0.019170579
02-12-2025 08:00,8,0.122065728,0.362676056,0.20970266,0.222613459,0.069248826,0.013693271
02-12-2025 09:00,9,0.153364632,0.338028169,0.197574335,0.222222222,0.073552426,0.015258216
02-12-2025 10:00,10,0.156103286,0.297730829,0.207355243,0.249217527,0.075899844,0.012910798
02-12-2025 11:00,11,0.123239437,0.275039124,0.220657277,0.29342723,0.075117371,0.012519562
02-12-2025 12:00,12,0.098200313,0.248043818,0.205399061,0.347809077,0.087245696,0.012519562
02-12-2025 13:00,13,0.063771518,0.209311424,0.213223787,0.399843505,0.104068858,0.009780908
02-12-2025 14:00,14,0.052425665,0.167057903,0.185054773,0.460485133,0.123630673,0.011345853
02-12-2025 15:00,15,0.039906103,0.143192488,0.154147105,0.504303599,0.140062598,0.018388106
02-12-2025 16:00,16,0.041471049,0.121283255,0.148669797,0.511737089,0.157276995,0.019561815
02-12-2025 17:00,17,0.036776213,0.127543036,0.153364632,0.490610329,0.16627543,0.025039124
02-12-2025 18:00,18,0.045383412,0.160015649,0.175665102,0.460093897,0.142018779,0.016431925
02-12-2025 19:00,19,0.0614241,0.200704225,0.216744914,0.405320814,0.10172144,0.014084507
02-12-2025 20:00,20,0.096244131,0.254303599,0.246087637,0.327073552,0.064945227,0.011345853
02-12-2025 21:00,21,0.129890454,0.309859155,0.238654147,0.253912363,0.058685446,0.008607199
02-12-2025 22:00,22,0.143192488,0.329029734,0.223395931,0.231611894,0.064162754,0.008607199
02-12-2025 23:00,23,0.145539906,0.332550861,0.206181534,0.240610329,0.066510172,0.008607199
03-12-2025 00:00,0,0.143192488,0.323552426,0.205790297,0.246087637,0.068075117,0.012910798
03-12-2025 01:00,1,0.140453834,0.299687011,0.196400626,0.258607199,0.088028169,0.016823161
03-12-2025 02:00,2,0.131455399,0.299687011,0.198748044,0.25743349,0.092331768,0.019953052
03-12-2025 03:00,3,0.113067293,0.300469484,0.197965571,0.272300469,0.09428795,0.021517997
03-12-2025 04:00,4,0.106025039,0.291471049,0.207746479,0.274256651,0.099374022,0.021126761
03-12-2025 05:00,5,0.103286385,0.299295775,0.206964006,0.273474178,0.093505477,0.022691706
03-12-2025 06:00,6,0.089593114,0.3114241,0.218701095,0.270344288,0.08685446,0.023082942
03-12-2025 07:00,7,0.09741784,0.330203443,0.216353678,0.258215962,0.078638498,0.019170579
03-12-2025 08:00,8,0.122065728,0.362676056,0.20970266,0.222613459,0.069248826,0.013693271
03-12-2025 09:00,9,0.153364632,0.338028169,0.197574335,0.222222222,0.073552426,0.015258216
03-12-2025 10:00,10,0.156103286,0.297730829,0.207355243,0.249217527,0.075899844,0.012910798
03-12-2025 11:00,11,0.123239437,0.275039124,0.220657277,0.29342723,0.075117371,0.012519562
03-12-2025 12:00,12,0.098200313,0.248043818,0.205399061,0.347809077,0.087245696,0.012519562
03-12-2025 13:00,13,0.063771518,0.209311424,0.213223787,0.399843505,0.104068858,0.009780908
03-12-2025 14:00,14,0.052425665,0.167057903,0.185054773,0.460485133,0.123630673,0.011345853
03-12-2025 15:00,15,0.039906103,0.143192488,0.154147105,0.504303599,0.140062598,0.018388106
03-12-2025 16:00,16,0.041471049,0.121283255,0.148669797,0.511737089,0.157276995,0.019561815
03-12-2025 17:00,17,0.036776213,0.127543036,0.153364632,0.490610329,0.16627543,0.025039124
03-12-2025 18:00,18,0.045383412,0.160015649,0.175665102,0.460093897,0.142018779,0.016431925
03-12-2025 19:00,19,0.0614241,0.200704225,0.216744914,0.405320814,0.10172144,0.014084507
03-12-2025 20:00,20,0.096244131,0.254303599,0.246087637,0.327073552,0.064945227,0.011345853
03-12-2025 21:00,21,0.129890454,0.309859155,0.238654147,0.253912363,0.058685446,0.008607199
03-12-2025 22:00,22,0.143192488,0.329029734,0.223395931,0.231611894,0.064162754,0.008607199
03-12-2025 23:00,23,0.145539906,0.332550861,0.206181534,0.240610329,0.066510172,0.008607199
04-12-2025 00:00,0,0.143192488,0.323552426,0.205790297,0.246087637,0.068075117,0.012910798
04-12-2025 01:00,1,0.140453834,0.299687011,0.196400626,0.258607199,0.088028169,0.016823161
04-12-2025 02:00,2,0.131455399,0.299687011,0.198748044,0.25743349,0.092331768,0.019953052
04-12-2025 03:00,3,0.113067293,0.300469484,0.197965571,0.272300469,0.09428795,0.021517997
04-12-2025 04:00,4,0.106025039,0.291471049,0.207746479,0.274256651,0.099374022,0.021126761
04-12-2025 05:00,5,0.103286385,0.299295775,0.206964006,0.273474178,0.093505477,0.022691706
04-12-2025 06:00,6,0.089593114,0.3114241,0.218701095,0.270344288,0.08685446,0.023082942
04-12-2025 07:00,7,0.09741784,0.330203443,0.216353678,0.258215962,0.078638498,0.019170579
04-12-2025 08:00,8,0.122065728,0.362676056,0.20970266,0.222613459,0.069248826,0.013693271
04-12-2025 09:00,9,0.153364632,0.338028169,0.197574335,0.222222222,0.073552426,0.015258216
04-12-2025 10:00,10,0.156103286,0.297730829,0.207355243,0.249217527,0.075899844,0.012910798
04-12-2025 11:00,11,0.123239437,0.275039124,0.220657277,0.29342723,0.075117371,0.012519562
04-12-2025 12:00,12,0.098200313,0.248043818,0.205399061,0.347809077,0.087245696,0.012519562
04-12-2025 13:00,13,0.063771518,0.209311424,0.213223787,0.399843505,0.104068858,0.009780908
04-12-2025 14:00,14,0.052425665,0.167057903,0.185054773,0.460485133,0.123630673,0.011345853
04-12-2025 15:00,15,0.039906103,0.143192488,0.154147105,0.504303599,0.140062598,0.018388106
04-12-2025 16:00,16,0.041471049,0.121283255,0.148669797,0.511737089,0.157276995,0.019561815
04-12-2025 17:00,17,0.036776213,0.127543036,0.153364632,0.490610329,0.16627543,0.025039124
04-12-2025 18:00,18,0.045383412,0.160015649,0.175665102,0.460093897,0.142018779,0.016431925
04-12-2025 19:00,19,0.0614241,0.200704225,0.216744914,0.405320814,0.10172144,0.014084507
04-12-2025 20:00,20,0.096244131,0.254303599,0.246087637,0.327073552,0.064945227,0.011345853
04-12-2025 21:00,21,0.129890454,0.309859155,0.238654147,0.253912363,0.058685446,0.008607199
04-12-2025 22:00,22,0.143192488,0.329029734,0.223395931,0.231611894,0.064162754,0.008607199
04-12-2025 23:00,23,0.145539906,0.332550861,0.206181534,0.240610329,0.066510172,0.008607199
05-12-2025 00:00,0,0.143192488,0.323552426,0.205790297,0.246087637,0.068075117,0.012910798
05-12-2025 01:00,1,0.140453834,0.299687011,0.196400626,0.258607199,0.088028169,0.016823161
05-12-2025 02:00,2,0.131455399,0.299687011,0.198748044,0.25743349,0.092331768,0.019953052
05-12-2025 03:00,3,0.113067293,0.300469484,0.197965571,0.272300469,0.09428795,0.021517997
05-12-2025 04:00,4,0.106025039,0.291471049,0.207746479,0.274256651,0.099374022,0.021126761
05-12-2025 05:00,5,0.103286385,0.299295775,0.206964006,0.273474178,0.093505477,0.022691706
05-12-2025 06:00,6,0.089593114,0.3114241,0.218701095,0.270344288,0.08685446,0.023082942
05-12-2025 07:00,7,0.09741784,0.330203443,0.216353678,0.258215962,0.078638498,0.019170579
05-12-2025 08:00,8,0.122065728,0.362676056,0.20970266,0.222613459,0.069248826,0.013693271
05-12-2025 09:00,9,0.153364632,0.338028169,0.197574335,0.222222222,0.073552426,0.015258216
05-12-2025 10:00,10,0.156103286,0.297730829,0.207355243,0.249217527,0.075899844,0.012910798
05-12-2025 11:00,11,0.123239437,0.275039124,0.220657277,0.29342723,0.075117371,0.012519562
05-12-2025 12:00,12,0.098200313,0.248043818,0.205399061,0.347809077,0.087245696,0.012519562
05-12-2025 13:00,13,0.063771518,0.209311424,0.213223787,0.399843505,0.104068858,0.009780908
05-12-2025 14:00,14,0.052425665,0.167057903,0.185054773,0.460485133,0.123630673,0.011345853
05-12-2025 15:00,15,0.039906103,0.143192488,0.154147105,0.504303599,0.140062598,0.018388106
05-12-2025 16:00,16,0.041471049,0.121283255,0.148669797,0.511737089,0.157276995,0.019561815
05-12-2025 17:00,17,0.036776213,0.127543036,0.153364632,0.490610329,0.16627543,0.025039124
05-12-2025 18:00,18,0.045383412,0.160015649,0.175665102,0.460093897,0.142018779,0.016431925
05-12-2025 19:00,19,0.0614241,0.200704225,0.216744914,0.405320814,0.10172144,0.014084507
05-12-2025 20:00,20,0.096244131,0.254303599,0.246087637,0.327073552,0.064945227,0.011345853
05-12-2025 21:00,21,0.129890454,0.309859155,0.238654147,0.253912363,0.058685446,0.008607199
05-12-2025 22:00,22,0.143192488,0.329029734,0.223395931,0.231611894,0.064162754,0.008607199
05-12-2025 23:00,23,0.145539906,0.332550861,0.206181534,0.240610329,0.066510172,0.008607199
06-12-2025 00:00,0,0.143192488,0.323552426,0.205790297,0.246087637,0.068075117,0.012910798
06-12-2025 01:00,1,0.140453834,0.299687011,0.196400626,0.258607199,0.088028169,0.016823161
06-12-2025 02:00,2,0.131455399,0.299687011,0.198748044,0.25743349,0.092331768,0.019953052
06-12-2025 03:00,3,0.113067293,0.300469484,0.197965571,0.272300469,0.09428795,0.021517997
06-12-2025 04:00,4,0.106025039,0.291471049,0.207746479,0.274256651,0.099374022,0.021126761
06-12-2025 05:00,5,0.103286385,0.299295775,0.206964006,0.273474178,0.093505477,0.022691706
06-12-2025 06:00,6,0.089593114,0.3114241,0.218701095,0.270344288,0.08685446,0.023082942
06-12-2025 07:00,7,0.09741784,0.330203443,0.216353678,0.258215962,0.078638498,0.019170579
06-12-2025 08:00,8,0.122065728,0.362676056,0.20970266,0.222613459,0.069248826,0.013693271
06-12-2025 09:00,9,0.153364632,0.338028169,0.197574335,0.222222222,0.073552426,0.015258216
06-12-2025 10:00,10,0.156103286,0.297730829,0.207355243,0.249217527,0.075899844,0.012910798
06-12-2025 11:00,11,0.123239437,0.275039124,0.220657277,0.29342723,0.075117371,0.012519562
06-12-2025 12:00,12,0.098200313,0.248043818,0.205399061,0.347809077,0.087245696,0.012519562
06-12-2025 13:00,13,0.063771518,0.209311424,0.213223787,0.399843505,0.104068858,0.009780908
06-12-2025 14:00,14,0.052425665,0.167057903,0.185054773,0.460485133,0.123630673,0.011345853
06-12-2025 15:00,15,0.039906103,0.143192488,0.154147105,0.504303599,0.140062598,0.018388106
06-12-2025 16:00,16,0.041471049,0.121283255,0.148669797,0.511737089,0.157276995,0.019561815
06-12-2025 17:00,17,0.036776213,0.127543036,0.153364632,0.490610329,0.16627543,0.025039124
06-12-2025 18:00,18,0.045383412,0.160015649,0.175665102,0.460093897,0.142018779,0.016431925
06-12-2025 19:00,19,0.0614241,0.200704225,0.216744914,0.405320814,0.10172144,0.014084507
06-12-2025 20:00,20,0.096244131,0.254303599,0.246087637,0.327073552,0.064945227,0.011345853
06-12-2025 21:00,21,0.129890454,0.309859155,0.238654147,0.253912363,0.058685446,0.008607199
06-12-2025 22:00,22,0.143192488,0.329029734,0.223395931,0.231611894,0.064162754,0.008607199
06-12-2025 23:00,23,0.145539906,0.332550861,0.206181534,0.240610329,0.066510172,0.008607199
07-12-2025 00:00,0,0.143192488,0.323552426,0.205790297,0.246087637,0.068075117,0.012910798
07-12-2025 01:00,1,0.140453834,0.299687011,0.196400626,0.258607199,0.088028169,0.016823161
07-12-2025 02:00,2,0.131455399,0.299687011,0.198748044,0.25743349,0.092331768,0.019953052
07-12-2025 03:00,3,0.113067293,0.300469484,0.197965571,0.272300469,0.09428795,0.021517997
07-12-2025 04:00,4,0.106025039,0.291471049,0.207746479,0.274256651,0.099374022,0.021126761
07-12-2025 05:00,5,0.103286385,0.299295775,0.206964006,0.273474178,0.093505477,0.022691706
07-12-2025 06:00,6,0.089593114,0.3114241,0.218701095,0.270344288,0.08685446,0.023082942
07-12-2025 07:00,7,0.09741784,0.330203443,0.216353678,0.258215962,0.078638498,0.019170579
07-12-2025 08:00,8,0.122065728,0.362676056,0.20970266,0.222613459,0.069248826,0.013693271
07-12-2025 09:00,9,0.153364632,0.338028169,0.197574335,0.222222222,0.073552426,0.015258216
07-12-2025 10:00,10,0.156103286,0.297730829,0.207355243,0.249217527,0.075899844,0.012910798
07-12-2025 11:00,11,0.123239437,0.275039124,0.220657277,0.29342723,0.075117371,0.012519562
07-12-2025 12:00,12,0.098200313,0.248043818,0.205399061,0.347809077,0.087245696,0.012519562
07-12-2025 13:00,13,0.063771518,0.209311424,0.213223787,0.399843505,0.104068858,0.009780908
07-12-2025 14:00,14,0.052425665,0.167057903,0.185054773,0.460485133,0.123630673,0.011345853
07-12-2025 15:00,15,0.039906103,0.143192488,0.154147105,0.504303599,0.140062598,0.018388106
07-12-2025 16:00,16,0.041471049,0.121283255,0.148669797,0.511737089,0.157276995,0.019561815
07-12-2025 17:00,17,0.036776213,0.127543036,0.153364632,0.490610329,0.16627543,0.025039124
07-12-2025 18:00,18,0.045383412,0.160015649,0.175665102,0.460093897,0.142018779,0.016431925
07-12-2025 19:00,19,0.0614241,0.200704225,0.216744914,0.405320814,0.10172144,0.014084507
07-12-2025 20:00,20,0.096244131,0.254303599,0.246087637,0.327073552,0.064945227,0.011345853
07-12-2025 21:00,21,0.129890454,0.309859155,0.238654147,0.253912363,0.058685446,0.008607199
07-12-2025 22:00,22,0.143192488,0.329029734,0.223395931,0.231611894,0.064162754,0.008607199
07-12-2025 23:00,23,0.145539906,0.332550861,0.206181534,0.240610329,0.066510172,0.008607199
08-12-2025 00:00,0,0.143192488,0.323552426,0.205790297,0.246087637,0.068075117,0.012910798
08-12-2025 01:00,1,0.140453834,0.299687011,0.196400626,0.258607199,0.088028169,0.016823161
08-12-2025 02:00,2,0.131455399,0.299687011,0.198748044,0.25743349,0.092331768,0.019953052
08-12-2025 03:00,3,0.113067293,0.300469484,0.197965571,0.272300469,0.09428795,0.021517997
08-12-2025 04:00,4,0.106025039,0.291471049,0.207746479,0.274256651,0.099374022,0.021126761
08-12-2025 05:00,5,0.103286385,0.299295775,0.206964006,0.273474178,0.093505477,0.022691706
08-12-2025 06:00,6,0.089593114,0.3114241,0.218701095,0.270344288,0.08685446,0.023082942
08-12-2025 07:00,7,0.09741784,0.330203443,0.216353678,0.258215962,0.078638498,0.019170579
08-12-2025 08:00,8,0.122065728,0.362676056,0.20970266,0.222613459,0.069248826,0.013693271
08-12-2025 09:00,9,0.153364632,0.338028169,0.197574335,0.222222222,0.073552426,0.015258216
08-12-2025 10:00,10,0.156103286,0.297730829,0.207355243,0.249217527,0.075899844,0.012910798
08-12-2025 11:00,11,0.123239437,0.275039124,0.220657277,0.29342723,0.075117371,0.012519562
08-12-2025 12:00,12,0.098200313,0.248043818,0.205399061,0.347809077,0.087245696,0.012519562
08-12-2025 13:00,13,0.063771518,0.209311424,0.213223787,0.399843505,0.104068858,0.009780908
08-12-2025 14:00,14,0.052425665,0.167057903,0.185054773,0.460485133,0.123630673,0.011345853
08-12-2025 15:00,15,0.039906103,0.143192488,0.154147105,0.504303599,0.140062598,0.018388106
08-12-2025 16:00,16,0.041471049,0.121283255,0.148669797,0.511737089,0.157276995,0.019561815
08-12-2025 17:00,17,0.036776213,0.127543036,0.153364632,0.490610329,0.16627543,0.025039124
08-12-2025 18:00,18,0.045383412,0.160015649,0.175665102,0.460093897,0.142018779,0.016431925
08-12-2025 19:00,19,0.0614241,0.200704225,0.216744914,0.405320814,0.10172144,0.014084507
08-12-2025 20:00,20,0.096244131,0.254303599,0.246087637,0.327073552,0.064945227,0.011345853
08-12-2025 21:00,21,0.129890454,0.309859155,0.238654147,0.253912363,0.058685446,0.008607199
08-12-2025 22:00,22,0.143192488,0.329029734,0.223395931,0.231611894,0.064162754,0.008607199
08-12-2025 23:00,23,0.145539906,0.332550861,0.206181534,0.240610329,0.066510172,0.008607199
09-12-2025 00:00,0,0.143192488,0.323552426,0.205790297,0.246087637,0.068075117,0.012910798
09-12-2025 01:00,1,0.140453834,0.299687011,0.196400626,0.258607199,0.088028169,0.016823161
09-12-2025 02:00,2,0.131455399,0.299687011,0.198748044,0.25743349,0.092331768,0.019953052
09-12-2025 03:00,3,0.113067293,0.300469484,0.197965571,0.272300469,0.09428795,0.021517997
09-12-2025 04:00,4,0.106025039,0.291471049,0.207746479,0.274256651,0.099374022,0.021126761
09-12-2025 05:00,5,0.103286385,0.299295775,0.206964006,0.273474178,0.093505477,0.022691706
09-12-2025 06:00,6,0.089593114,0.3114241,0.218701095,0.270344288,0.08685446,0.023082942
09-12-2025 07:00,7,0.09741784,0.330203443,0.216353678,0.258215962,0.078638498,0.019170579
09-12-2025 08:00,8,0.122065728,0.362676056,0.20970266,0.222613459,0.069248826,0.013693271
09-12-2025 09:00,9,0.153364632,0.338028169,0.197574335,0.222222222,0.073552426,0.015258216
09-12-2025 10:00,10,0.156103286,0.297730829,0.207355243,0.249217527,0.075899844,0.012910798
09-12-2025 11:00,11,0.123239437,0.275039124,0.220657277,0.29342723,0.075117371,0.012519562
09-12-2025 12:00,12,0.098200313,0.248043818,0.205399061,0.347809077,0.087245696,0.012519562
09-12-2025 13:00,13,0.063771518,0.209311424,0.213223787,0.399843505,0.104068858,0.009780908
09-12-2025 14:00,14,0.052425665,0.167057903,0.185054773,0.460485133,0.123630673,0.011345853
09-12-2025 15:00,15,0.039906103,0.143192488,0.154147105,0.504303599,0.140062598,0.018388106
09-12-2025 16:00,16,0.041471049,0.121283255,0.148669797,0.511737089,0.157276995,0.019561815
09-12-2025 17:00,17,0.036776213,0.127543036,0.153364632,0.490610329,0.16627543,0.025039124
09-12-2025 18:00,18,0.045383412,0.160015649,0.175665102,0.460093897,0.142018779,0.016431925
09-12-2025 19:00,19,0.0614241,0.200704225,0.216744914,0.405320814,0.10172144,0.014084507
09-12-2025 20:00,20,0.096244131,0.254303599,0.246087637,0.327073552,0.064945227,0.011345853
09-12-2025 21:00,21,0.129890454,0.309859155,0.238654147,0.253912363,0.058685446,0.008607199
09-12-2025 22:00,22,0.143192488,0.329029734,0.223395931,0.231611894,0.064162754,0.008607199
09-12-2025 23:00,23,0.145539906,0.332550861,0.206181534,0.240610329,0.066510172,0.008607199
10-12-2025 00:00,0,0.143192488,0.323552426,0.205790297,0.246087637,0.068075117,0.012910798
10-12-2025 01:00,1,0.140453834,0.299687011,0.196400626,0.258607199,0.088028169,0.016823161
10-12-2025 02:00,2,0.131455399,0.299687011,0.198748044,0.25743349,0.092331768,0.019953052
10-12-2025 03:00,3,0.113067293,0.300469484,0.197965571,0.272300469,0.09428795,0.021517997
10-12-2025 04:00,4,0.106025039,0.291471049,0.207746479,0.274256651,0.099374022,0.021126761
10-12-2025 05:00,5,0.103286385,0.299295775,0.206964006,0.273474178,0.093505477,0.022691706
10-12-2025 06:00,6,0.089593114,0.3114241,0.218701095,0.270344288,0.08685446,0.023082942
10-12-2025 07:00,7,0.09741784,0.330203443,0.216353678,0.258215962,0.078638498,0.019170579
10-12-2025 08:00,8,0.122065728,0.362676056,0.20970266,0.222613459,0.069248826,0.013693271
10-12-2025 09:00,9,0.153364632,0.338028169,0.197574335,0.222222222,0.073552426,0.015258216
10-12-2025 10:00,10,0.156103286,0.297730829,0.207355243,0.249217527,0.075899844,0.012910798
10-12-2025 11:00,11,0.123239437,0.275039124,0.220657277,0.29342723,0.075117371,0.012519562
10-12-2025 12:00,12,0.098200313,0.248043818,0.205399061,0.347809077,0.087245696,0.012519562
10-12-2025 13:00,13,0.063771518,0.209311424,0.213223787,0.399843505,0.104068858,0.009780908
10-12-2025 14:00,14,0.052425665,0.167057903,0.185054773,0.460485133,0.123630673,0.011345853
10-12-2025 15:00,15,0.039906103,0.143192488,0.154147105,0.504303599,0.140062598,0.018388106
10-12-2025 16:00,16,0.041471049,0.121283255,0.148669797,0.511737089,0.157276995,0.019561815
10-12-2025 17:00,17,0.036776213,0.127543036,0.153364632,0.490610329,0.16627543,0.025039124
10-12-2025 18:00,18,0.045383412,0.160015649,0.175665102,0.460093897,0.142018779,0.016431925
10-12-2025 19:00,19,0.0614241,0.200704225,0.216744914,0.405320814,0.10172144,0.014084507
10-12-2025 20:00,20,0.096244131,0.254303599,0.246087637,0.327073552,0.064945227,0.011345853
10-12-2025 21:00,21,0.129890454,0.309859155,0.238654147,0.253912363,0.058685446,0.008607199
10-12-2025 22:00,22,0.143192488,0.329029734,0.223395931,0.231611894,0.064162754,0.008607199
10-12-2025 23:00,23,0.145539906,0.332550861,0.206181534,0.240610329,0.066510172,0.008607199
11-12-2025 00:00,0,0.143192488,0.323552426,0.205790297,0.246087637,0.068075117,0.012910798
11-12-2025 01:00,1,0.140453834,0.299687011,0.196400626,0.258607199,0.088028169,0.016823161
11-12-2025 02:00,2,0.131455399,0.299687011,0.198748044,0.25743349,0.092331768,0.019953052
11-12-2025 03:00,3,0.113067293,0.300469484,0.197965571,0.272300469,0.09428795,0.021517997
11-12-2025 04:00,4,0.106025039,0.291471049,0.207746479,0.274256651,0.099374022,0.021126761
11-12-2025 05:00,5,0.103286385,0.299295775,0.206964006,0.273474178,0.093505477,0.022691706
11-12-2025 06:00,6,0.089593114,0.3114241,0.218701095,0.270344288,0.08685446,0.023082942
11-12-2025 07:00,7,0.09741784,0.330203443,0.216353678,0.258215962,0.078638498,0.019170579
11-12-2025 08:00,8,0.122065728,0.362676056,0.20970266,0.222613459,0.069248826,0.013693271
11-12-2025 09:00,9,0.153364632,0.338028169,0.197574335,0.222222222,0.073552426,0.015258216
11-12-2025 10:00,10,0.156103286,0.297730829,0.207355243,0.249217527,0.075899844,0.012910798
11-12-2025 11:00,11,0.123239437,0.275039124,0.220657277,0.29342723,0.075117371,0.012519562
11-12-2025 12:00,12,0.098200313,0.248043818,0.205399061,0.347809077,0.087245696,0.012519562
11-12-2025 13:00,13,0.063771518,0.209311424,0.213223787,0.399843505,0.104068858,0.009780908
11-12-2025 14:00,14,0.052425665,0.167057903,0.185054773,0.460485133,0.123630673,0.011345853
11-12-2025 15:00,15,0.039906103,0.143192488,0.154147105,0.504303599,0.140062598,0.018388106
11-12-2025 16:00,16,0.041471049,0.121283255,0.148669797,0.511737089,0.157276995,0.019561815
11-12-2025 17:00,17,0.036776213,0.127543036,0.153364632,0.490610329,0.16627543,0.025039124
11-12-2025 18:00,18,0.045383412,0.160015649,0.175665102,0.460093897,0.142018779,0.016431925
11-12-2025 19:00,19,0.0614241,0.200704225,0.216744914,0.405320814,0.10172144,0.014084507
11-12-2025 20:00,20,0.096244131,0.254303599,0.246087637,0.327073552,0.064945227,0.011345853
11-12-2025 21:00,21,0.129890454,0.309859155,0.238654147,0.253912363,0.058685446,0.008607199
11-12-2025 22:00,22,0.143192488,0.329029734,0.223395931,0.231611894,0.064162754,0.008607199
11-12-2025 23:00,23,0.145539906,0.332550861,0.206181534,0.240610329,0.066510172,0.008607199
12-12-2025 00:00,0,0.143192488,0.323552426,0.205790297,0.246087637,0.068075117,0.012910798
12-12-2025 01:00,1,0.140453834,0.299687011,0.196400626,0.258607199,0.088028169,0.016823161
12-12-2025 02:00,2,0.131455399,0.299687011,0.198748044,0.25743349,0.092331768,0.019953052
12-12-2025 03:00,3,0.113067293,0.300469484,0.197965571,0.272300469,0.09428795,0.021517997
12-12-2025 04:00,4,0.106025039,0.291471049,0.207746479,0.274256651,0.099374022,0.021126761
12-12-2025 05:00,5,0.103286385,0.299295775,0.206964006,0.273474178,0.093505477,0.022691706
12-12-2025 06:00,6,0.089593114,0.3114241,0.218701095,0.270344288,0.08685446,0.023082942
12-12-2025 07:00,7,0.09741784,0.330203443,0.216353678,0.258215962,0.078638498,0.019170579
12-12-2025 08:00,8,0.122065728,0.362676056,0.20970266,0.222613459,0.069248826,0.013693271
12-12-2025 09:00,9,0.153364632,0.338028169,0.197574335,0.222222222,0.073552426,0.015258216
12-12-2025 10:00,10,0.156103286,0.297730829,0.207355243,0.249217527,0.075899844,0.012910798
12-12-2025 11:00,11,0.123239437,0.275039124,0.220657277,0.29342723,0.075117371,0.012519562
12-12-2025 12:00,12,0.098200313,0.248043818,0.205399061,0.347809077,0.087245696,0.012519562
12-12-2025 13:00,13,0.063771518,0.209311424,0.213223787,0.399843505,0.104068858,0.009780908
12-12-2025 14:00,14,0.052425665,0.167057903,0.185054773,0.460485133,0.123630673,0.011345853
12-12-2025 15:00,15,0.039906103,0.143192488,0.154147105,0.504303599,0.140062598,0.018388106
12-12-2025 16:00,16,0.041471049,0.121283255,0.148669797,0.511737089,0.157276995,0.019561815
12-12-2025 17:00,17,0.036776213,0.127543036,0.153364632,0.490610329,0.16627543,0.025039124
12-12-2025 18:00,18,0.045383412,0.160015649,0.175665102,0.460093897,0.142018779,0.016431925
12-12-2025 19:00,19,0.0614241,0.200704225,0.216744914,0.405320814,0.10172144,0.014084507
12-12-2025 20:00,20,0.096244131,0.254303599,0.246087637,0.327073552,0.064945227,0.011345853
12-12-2025 21:00,21,0.129890454,0.309859155,0.238654147,0.253912363,0.058685446,0.008607199
12-12-2025 22:00,22,0.143192488,0.329029734,0.223395931,0.231611894,0.064162754,0.008607199
12-12-2025 23:00,23,0.145539906,0.332550861,0.206181534,0.240610329,0.066510172,0.008607199
13-12-2025 00:00,0,0.143192488,0.323552426,0.205790297,0.246087637,0.068075117,0.012910798
13-12-2025 01:00,1,0.140453834,0.299687011,0.196400626,0.258607199,0.088028169,0.016823161
13-12-2025 02:00,2,0.131455399,0.299687011,0.198748044,0.25743349,0.092331768,0.019953052
13-12-2025 03:00,3,0.113067293,0.300469484,0.197965571,0.272300469,0.09428795,0.021517997
13-12-2025 04:00,4,0.106025039,0.291471049,0.207746479,0.274256651,0.099374022,0.021126761
13-12-2025 05:00,5,0.103286385,0.299295775,0.206964006,0.273474178,0.093505477,0.022691706
13-12-2025 06:00,6,0.089593114,0.3114241,0.218701095,0.270344288,0.08685446,0.023082942
13-12-2025 07:00,7,0.09741784,0.330203443,0.216353678,0.258215962,0.078638498,0.019170579
13-12-2025 08:00,8,0.122065728,0.362676056,0.20970266,0.222613459,0.069248826,0.013693271
13-12-2025 09:00,9,0.153364632,0.338028169,0.197574335,0.222222222,0.073552426,0.015258216
13-12-2025 10:00,10,0.156103286,0.297730829,0.207355243,0.249217527,0.075899844,0.012910798
13-12-2025 11:00,11,0.123239437,0.275039124,0.220657277,0.29342723,0.075117371,0.012519562
13-12-2025 12:00,12,0.098200313,0.248043818,0.205399061,0.347809077,0.087245696,0.012519562
13-12-2025 13:00,13,0.063771518,0.209311424,0.213223787,0.399843505,0.104068858,0.009780908
13-12-2025 14:00,14,0.052425665,0.167057903,0.185054773,0.460485133,0.123630673,0.011345853
13-12-2025 15:00,15,0.039906103,0.143192488,0.154147105,0.504303599,0.140062598,0.018388106
13-12-2025 16:00,16,0.041471049,0.121283255,0.148669797,0.511737089,0.157276995,0.019561815
13-12-2025 17:00,17,0.036776213,0.127543036,0.153364632,0.490610329,0.16627543,0.025039124
13-12-2025 18:00,18,0.045383412,0.160015649,0.175665102,0.460093897,0.142018779,0.016431925
13-12-2025 19:00,19,0.0614241,0.200704225,0.216744914,0.405320814,0.10172144,0.014084507
13-12-2025 20:00,20,0.096244131,0.254303599,0.246087637,0.327073552,0.064945227,0.011345853
13-12-2025 21:00,21,0.129890454,0.309859155,0.238654147,0.253912363,0.058685446,0.008607199
13-12-2025 22:00,22,0.143192488,0.329029734,0.223395931,0.231611894,0.064162754,0.008607199
13-12-2025 23:00,23,0.145539906,0.332550861,0.206181534,0.240610329,0.066510172,0.008607199
14-12-2025 00:00,0,0.143192488,0.323552426,0.205790297,0.246087637,0.068075117,0.012910798
14-12-2025 01:00,1,0.140453834,0.299687011,0.196400626,0.258607199,0.088028169,0.016823161
14-12-2025 02:00,2,0.131455399,0.299687011,0.198748044,0.25743349,0.092331768,0.019953052
14-12-2025 03:00,3,0.113067293,0.300469484,0.197965571,0.272300469,0.09428795,0.021517997
14-12-2025 04:00,4,0.106025039,0.291471049,0.207746479,0.274256651,0.099374022,0.021126761
14-12-2025 05:00,5,0.103286385,0.299295775,0.206964006,0.273474178,0.093505477,0.022691706
14-12-2025 06:00,6,0.089593114,0.3114241,0.218701095,0.270344288,0.08685446,0.023082942
14-12-2025 07:00,7,0.09741784,0.330203443,0.216353678,0.258215962,0.078638498,0.019170579
14-12-2025 08:00,8,0.122065728,0.362676056,0.20970266,0.222613459,0.069248826,0.013693271
14-12-2025 09:00,9,0.153364632,0.338028169,0.197574335,0.222222222,0.073552426,0.015258216
14-12-2025 10:00,10,0.156103286,0.297730829,0.207355243,0.249217527,0.075899844,0.012910798
14-12-2025 11:00,11,0.123239437,0.275039124,0.220657277,0.29342723,0.075117371,0.012519562
14-12-2025 12:00,12,0.098200313,0.248043818,0.205399061,0.347809077,0.087245696,0.012519562
14-12-2025 13:00,13,0.063771518,0.209311424,0.213223787,0.399843505,0.104068858,0.009780908
14-12-2025 14:00,14,0.052425665,0.167057903,0.185054773,0.460485133,0.123630673,0.011345853
14-12-2025 15:00,15,0.039906103,0.143192488,0.154147105,0.504303599,0.140062598,0.018388106
14-12-2025 16:00,16,0.041471049,0.121283255,0.148669797,0.511737089,0.157276995,0.019561815
14-12-2025 17:00,17,0.036776213,0.127543036,0.153364632,0.490610329,0.16627543,0.025039124
14-12-2025 18:00,18,0.045383412,0.160015649,0.175665102,0.460093897,0.142018779,0.016431925
14-12-2025 19:00,19,0.0614241,0.200704225,0.216744914,0.405320814,0.10172144,0.014084507
14-12-2025 20:00,20,0.096244131,0.254303599,0.246087637,0.327073552,0.064945227,0.011345853
14-12-2025 21:00,21,0.129890454,0.309859155,0.238654147,0.253912363,0.058685446,0.008607199
14-12-2025 22:00,22,0.143192488,0.329029734,0.223395931,0.231611894,0.064162754,0.008607199
14-12-2025 23:00,23,0.145539906,0.332550861,0.206181534,0.240610329,0.066510172,0.008607199
15-12-2025 00:00,0,0.143192488,0.323552426,0.205790297,0.246087637,0.068075117,0.012910798
15-12-2025 01:00,1,0.140453834,0.299687011,0.196400626,0.258607199,0.088028169,0.016823161
15-12-2025 02:00,2,0.131455399,0.299687011,0.198748044,0.25743349,0.092331768,0.019953052
15-12-2025 03:00,3,0.113067293,0.300469484,0.197965571,0.272300469,0.09428795,0.021517997
15-12-2025 04:00,4,0.106025039,0.291471049,0.207746479,0.274256651,0.099374022,0.021126761
15-12-2025 05:00,5,0.103286385,0.299295775,0.206964006,0.273474178,0.093505477,0.022691706
15-12-2025 06:00,6,0.089593114,0.3114241,0.218701095,0.270344288,0.08685446,0.023082942
15-12-2025 07:00,7,0.09741784,0.330203443,0.216353678,0.258215962,0.078638498,0.019170579
15-12-2025 08:00,8,0.122065728,0.362676056,0.20970266,0.222613459,0.069248826,0.013693271
15-12-2025 09:00,9,0.153364632,0.338028169,0.197574335,0.222222222,0.073552426,0.015258216
15-12-2025 10:00,10,0.156103286,0.297730829,0.207355243,0.249217527,0.075899844,0.012910798
15-12-2025 11:00,11,0.123239437,0.275039124,0.220657277,0.29342723,0.075117371,0.012519562
15-12-2025 12:00,12,0.098200313,0.248043818,0.205399061,0.347809077,0.087245696,0.012519562
15-12-2025 13:00,13,0.063771518,0.209311424,0.213223787,0.399843505,0.104068858,0.009780908
15-12-2025 14:00,14,0.052425665,0.167057903,0.185054773,0.460485133,0.123630673,0.011345853
15-12-2025 15:00,15,0.039906103,0.143192488,0.154147105,0.504303599,0.140062598,0.018388106
15-12-2025 16:00,16,0.041471049,0.121283255,0.148669797,0.511737089,0.157276995,0.019561815
15-12-2025 17:00,17,0.036776213,0.127543036,0.153364632,0.490610329,0.16627543,0.025039124
15-12-2025 18:00,18,0.045383412,0.160015649,0.175665102,0.460093897,0.142018779,0.016431925
15-12-2025 19:00,19,0.0614241,0.200704225,0.216744914,0.405320814,0.10172144,0.014084507
15-12-2025 20:00,20,0.096244131,0.254303599,0.246087637,0.327073552,0.064945227,0.011345853
15-12-2025 21:00,21,0.129890454,0.309859155,0.238654147,0.253912363,0.058685446,0.008607199
15-12-2025 22:00,22,0.143192488,0.329029734,0.223395931,0.231611894,0.064162754,0.008607199
15-12-2025 23:00,23,0.145539906,0.332550861,0.206181534,0.240610329,0.066510172,0.008607199
16-12-2025 00:00,0,0.143192488,0.323552426,0.205790297,0.246087637,0.068075117,0.012910798
16-12-2025 01:00,1,0.140453834,0.299687011,0.196400626,0.258607199,0.088028169,0.016823161
16-12-2025 02:00,2,0.131455399,0.299687011,0.198748044,0.25743349,0.092331768,0.019953052
16-12-2025 03:00,3,0.113067293,0.300469484,0.197965571,0.272300469,0.09428795,0.021517997
16-12-2025 04:00,4,0.106025039,0.291471049,0.207746479,0.274256651,0.099374022,0.021126761
16-12-2025 05:00,5,0.103286385,0.299295775,0.206964006,0.273474178,0.093505477,0.022691706
16-12-2025 06:00,6,0.089593114,0.3114241,0.218701095,0.270344288,0.08685446,0.023082942
16-12-2025 07:00,7,0.09741784,0.330203443,0.216353678,0.258215962,0.078638498,0.019170579
16-12-2025 08:00,8,0.122065728,0.362676056,0.20970266,0.222613459,0.069248826,0.013693271
16-12-2025 09:00,9,0.153364632,0.338028169,0.197574335,0.222222222,0.073552426,0.015258216
16-12-2025 10:00,10,0.156103286,0.297730829,0.207355243,0.249217527,0.075899844,0.012910798
16-12-2025 11:00,11,0.123239437,0.275039124,0.220657277,0.29342723,0.075117371,0.012519562
16-12-2025 12:00,12,0.098200313,0.248043818,0.205399061,0.347809077,0.087245696,0.012519562
16-12-2025 13:00,13,0.063771518,0.209311424,0.213223787,0.399843505,0.104068858,0.009780908
16-12-2025 14:00,14,0.052425665,0.167057903,0.185054773,0.460485133,0.123630673,0.011345853
16-12-2025 15:00,15,0.039906103,0.143192488,0.154147105,0.504303599,0.140062598,0.018388106
16-12-2025 16:00,16,0.041471049,0.121283255,0.148669797,0.511737089,0.157276995,0.019561815
16-12-2025 17:00,17,0.036776213,0.127543036,0.153364632,0.490610329,0.16627543,0.025039124
16-12-2025 18:00,18,0.045383412,0.160015649,0.175665102,0.460093897,0.142018779,0.016431925
16-12-2025 19:00,19,0.0614241,0.200704225,0.216744914,0.405320814,0.10172144,0.014084507
16-12-2025 20:00,20,0.096244131,0.254303599,0.246087637,0.327073552,0.064945227,0.011345853
16-12-2025 21:00,21,0.129890454,0.309859155,0.238654147,0.253912363,0.058685446,0.008607199
16-12-2025 22:00,22,0.143192488,0.329029734,0.223395931,0.231611894,0.064162754,0.008607199
16-12-2025 23:00,23,0.145539906,0.332550861,0.206181534,0.240610329,0.066510172,0.008607199
17-12-2025 00:00,0,0.143192488,0.323552426,0.205790297,0.246087637,0.068075117,0.012910798
17-12-2025 01:00,1,0.140453834,0.299687011,0.196400626,0.258607199,0.088028169,0.016823161
17-12-2025 02:00,2,0.131455399,0.299687011,0.198748044,0.25743349,0.092331768,0.019953052
17-12-2025 03:00,3,0.113067293,0.300469484,0.197965571,0.272300469,0.09428795,0.021517997
17-12-2025 04:00,4,0.106025039,0.291471049,0.207746479,0.274256651,0.099374022,0.021126761
17-12-2025 05:00,5,0.103286385,0.299295775,0.206964006,0.273474178,0.093505477,0.022691706
17-12-2025 06:00,6,0.089593114,0.3114241,0.218701095,0.270344288,0.08685446,0.023082942
17-12-2025 07:00,7,0.09741784,0.330203443,0.216353678,0.258215962,0.078638498,0.019170579
17-12-2025 08:00,8,0.122065728,0.362676056,0.20970266,0.222613459,0.069248826,0.013693271
17-12-2025 09:00,9,0.153364632,0.338028169,0.197574335,0.222222222,0.073552426,0.015258216
17-12-2025 10:00,10,0.156103286,0.297730829,0.207355243,0.249217527,0.075899844,0.012910798
17-12-2025 11:00,11,0.123239437,0.275039124,0.220657277,0.29342723,0.075117371,0.012519562
17-12-2025 12:00,12,0.098200313,0.248043818,0.205399061,0.347809077,0.087245696,0.012519562
17-12-2025 13:00,13,0.063771518,0.209311424,0.213223787,0.399843505,0.104068858,0.009780908
17-12-2025 14:00,14,0.052425665,0.167057903,0.185054773,0.460485133,0.123630673,0.011345853
17-12-2025 15:00,15,0.039906103,0.143192488,0.154147105,0.504303599,0.140062598,0.018388106
17-12-2025 16:00,16,0.041471049,0.121283255,0.148669797,0.511737089,0.157276995,0.019561815
17-12-2025 17:00,17,0.036776213,0.127543036,0.153364632,0.490610329,0.16627543,0.025039124
17-12-2025 18:00,18,0.045383412,0.160015649,0.175665102,0.460093897,0.142018779,0.016431925
17-12-2025 19:00,19,0.0614241,0.200704225,0.216744914,0.405320814,0.10172144,0.014084507
17-12-2025 20:00,20,0.096244131,0.254303599,0.246087637,0.327073552,0.064945227,0.011345853
17-12-2025 21:00,21,0.129890454,0.309859155,0.238654147,0.253912363,0.058685446,0.008607199
17-12-2025 22:00,22,0.143192488,0.329029734,0.223395931,0.231611894,0.064162754,0.008607199
17-12-2025 23:00,23,0.145539906,0.332550861,0.206181534,0.240610329,0.066510172,0.008607199
18-12-2025 00:00,0,0.143192488,0.323552426,0.205790297,0.246087637,0.068075117,0.012910798
18-12-2025 01:00,1,0.140453834,0.299687011,0.196400626,0.258607199,0.088028169,0.016823161
18-12-2025 02:00,2,0.131455399,0.299687011,0.198748044,0.25743349,0.092331768,0.019953052
18-12-2025 03:00,3,0.113067293,0.300469484,0.197965571,0.272300469,0.09428795,0.021517997
18-12-2025 04:00,4,0.106025039,0.291471049,0.207746479,0.274256651,0.099374022,0.021126761
18-12-2025 05:00,5,0.103286385,0.299295775,0.206964006,0.273474178,0.093505477,0.022691706
18-12-2025 06:00,6,0.089593114,0.3114241,0.218701095,0.270344288,0.08685446,0.023082942
18-12-2025 07:00,7,0.09741784,0.330203443,0.216353678,0.258215962,0.078638498,0.019170579
18-12-2025 08:00,8,0.122065728,0.362676056,0.20970266,0.222613459,0.069248826,0.013693271
18-12-2025 09:00,9,0.153364632,0.338028169,0.197574335,0.222222222,0.073552426,0.015258216
18-12-2025 10:00,10,0.156103286,0.297730829,0.207355243,0.249217527,0.075899844,0.012910798
18-12-2025 11:00,11,0.123239437,0.275039124,0.220657277,0.29342723,0.075117371,0.012519562
18-12-2025 12:00,12,0.098200313,0.248043818,0.205399061,0.347809077,0.087245696,0.012519562
18-12-2025 13:00,13,0.063771518,0.209311424,0.213223787,0.399843505,0.104068858,0.009780908
18-12-2025 14:00,14,0.052425665,0.167057903,0.185054773,0.460485133,0.123630673,0.011345853
18-12-2025 15:00,15,0.039906103,0.143192488,0.154147105,0.504303599,0.140062598,0.018388106
18-12-2025 16:00,16,0.041471049,0.121283255,0.148669797,0.511737089,0.157276995,0.019561815
18-12-2025 17:00,17,0.036776213,0.127543036,0.153364632,0.490610329,0.16627543,0.025039124
18-12-2025 18:00,18,0.045383412,0.160015649,0.175665102,0.460093897,0.142018779,0.016431925
18-12-2025 19:00,19,0.0614241,0.200704225,0.216744914,0.405320814,0.10172144,0.014084507
18-12-2025 20:00,20,0.096244131,0.254303599,0.246087637,0.327073552,0.064945227,0.011345853
18-12-2025 21:00,21,0.129890454,0.309859155,0.238654147,0.253912363,0.058685446,0.008607199
18-12-2025 22:00,22,0.143192488,0.329029734,0.223395931,0.231611894,0.064162754,0.008607199
18-12-2025 23:00,23,0.145539906,0.332550861,0.206181534,0.240610329,0.066510172,0.008607199
19-12-2025 00:00,0,0.143192488,0.323552426,0.205790297,0.246087637,0.068075117,0.012910798
19-12-2025 01:00,1,0.140453834,0.299687011,0.196400626,0.258607199,0.088028169,0.016823161
19-12-2025 02:00,2,0.131455399,0.299687011,0.198748044,0.25743349,0.092331768,0.019953052
19-12-2025 03:00,3,0.113067293,0.300469484,0.197965571,0.272300469,0.09428795,0.021517997
19-12-2025 04:00,4,0.106025039,0.291471049,0.207746479,0.274256651,0.099374022,0.021126761
19-12-2025 05:00,5,0.103286385,0.299295775,0.206964006,0.273474178,0.093505477,0.022691706
19-12-2025 06:00,6,0.089593114,0.3114241,0.218701095,0.270344288,0.08685446,0.023082942
19-12-2025 07:00,7,0.09741784,0.330203443,0.216353678,0.258215962,0.078638498,0.019170579
19-12-2025 08:00,8,0.122065728,0.362676056,0.20970266,0.222613459,0.069248826,0.013693271
19-12-2025 09:00,9,0.153364632,0.338028169,0.197574335,0.222222222,0.073552426,0.015258216
19-12-2025 10:00,10,0.156103286,0.297730829,0.207355243,0.249217527,0.075899844,0.012910798
19-12-2025 11:00,11,0.123239437,0.275039124,0.220657277,0.29342723,0.075117371,0.012519562
19-12-2025 12:00,12,0.098200313,0.248043818,0.205399061,0.347809077,0.087245696,0.012519562
19-12-2025 13:00,13,0.063771518,0.209311424,0.213223787,0.399843505,0.104068858,0.009780908
19-12-2025 14:00,14,0.052425665,0.167057903,0.185054773,0.460485133,0.123630673,0.011345853
19-12-2025 15:00,15,0.039906103,0.143192488,0.154147105,0.504303599,0.140062598,0.018388106
19-12-2025 16:00,16,0.041471049,0.121283255,0.148669797,0.511737089,0.157276995,0.019561815
19-12-2025 17:00,17,0.036776213,0.127543036,0.153364632,0.490610329,0.16627543,0.025039124
19-12-2025 18:00,18,0.045383412,0.160015649,0.175665102,0.460093897,0.142018779,0.016431925
19-12-2025 19:00,19,0.0614241,0.200704225,0.216744914,0.405320814,0.10172144,0.014084507
19-12-2025 20:00,20,0.096244131,0.254303599,0.246087637,0.327073552,0.064945227,0.011345853
19-12-2025 21:00,21,0.129890454,0.309859155,0.238654147,0.253912363,0.058685446,0.008607199
19-12-2025 22:00,22,0.143192488,0.329029734,0.223395931,0.231611894,0.064162754,0.008607199
19-12-2025 23:00,23,0.145539906,0.332550861,0.206181534,0.240610329,0.066510172,0.008607199
20-12-2025 00:00,0,0.143192488,0.323552426,0.205790297,0.246087637,0.068075117,0.012910798
20-12-2025 01:00,1,0.140453834,0.299687011,0.196400626,0.258607199,0.088028169,0.016823161
20-12-2025 02:00,2,0.131455399,0.299687011,0.198748044,0.25743349,0.092331768,0.019953052
20-12-2025 03:00,3,0.113067293,0.300469484,0.197965571,0.272300469,0.09428795,0.021517997
20-12-2025 04:00,4,0.106025039,0.291471049,0.207746479,0.274256651,0.099374022,0.021126761
20-12-2025 05:00,5,0.103286385,0.299295775,0.206964006,0.273474178,0.093505477,0.022691706
20-12-2025 06:00,6,0.089593114,0.3114241,0.218701095,0.270344288,0.08685446,0.023082942
20-12-2025 07:00,7,0.09741784,0.330203443,0.216353678,0.258215962,0.078638498,0.019170579
20-12-2025 08:00,8,0.122065728,0.362676056,0.20970266,0.222613459,0.069248826,0.013693271
20-12-2025 09:00,9,0.153364632,0.338028169,0.197574335,0.222222222,0.073552426,0.015258216
20-12-2025 10:00,10,0.156103286,0.297730829,0.207355243,0.249217527,0.075899844,0.012910798
20-12-2025 11:00,11,0.123239437,0.275039124,0.220657277,0.29342723,0.075117371,0.012519562
20-12-2025 12:00,12,0.098200313,0.248043818,0.205399061,0.347809077,0.087245696,0.012519562
20-12-2025 13:00,13,0.063771518,0.209311424,0.213223787,0.399843505,0.104068858,0.009780908
20-12-2025 14:00,14,0.052425665,0.167057903,0.185054773,0.460485133,0.123630673,0.011345853
20-12-2025 15:00,15,0.039906103,0.143192488,0.154147105,0.504303599,0.140062598,0.018388106
20-12-2025 16:00,16,0.041471049,0.121283255,0.148669797,0.511737089,0.157276995,0.019561815
20-12-2025 17:00,17,0.036776213,0.127543036,0.153364632,0.490610329,0.16627543,0.025039124
20-12-2025 18:00,18,0.045383412,0.160015649,0.175665102,0.460093897,0.142018779,0.016431925
20-12-2025 19:00,19,0.0614241,0.200704225,0.216744914,0.405320814,0.10172144,0.014084507
20-12-2025 20:00,20,0.096244131,0.254303599,0.246087637,0.327073552,0.064945227,0.011345853
20-12-2025 21:00,21,0.129890454,0.309859155,0.238654147,0.253912363,0.058685446,0.008607199
20-12-2025 22:00,22,0.143192488,0.329029734,0.223395931,0.231611894,0.064162754,0.008607199
20-12-2025 23:00,23,0.145539906,0.332550861,0.206181534,0.240610329,0.066510172,0.008607199
21-12-2025 00:00,0,0.143192488,0.323552426,0.205790297,0.246087637,0.068075117,0.012910798
21-12-2025 01:00,1,0.140453834,0.299687011,0.196400626,0.258607199,0.088028169,0.016823161
21-12-2025 02:00,2,0.131455399,0.299687011,0.198748044,0.25743349,0.092331768,0.019953052
21-12-2025 03:00,3,0.113067293,0.300469484,0.197965571,0.272300469,0.09428795,0.021517997
21-12-2025 04:00,4,0.106025039,0.291471049,0.207746479,0.274256651,0.099374022,0.021126761
21-12-2025 05:00,5,0.103286385,0.299295775,0.206964006,0.273474178,0.093505477,0.022691706
21-12-2025 06:00,6,0.089593114,0.3114241,0.218701095,0.270344288,0.08685446,0.023082942
21-12-2025 07:00,7,0.09741784,0.330203443,0.216353678,0.258215962,0.078638498,0.019170579
21-12-2025 08:00,8,0.122065728,0.362676056,0.20970266,0.222613459,0.069248826,0.013693271
21-12-2025 09:00,9,0.153364632,0.338028169,0.197574335,0.222222222,0.073552426,0.015258216
21-12-2025 10:00,10,0.156103286,0.297730829,0.207355243,0.249217527,0.075899844,0.012910798
21-12-2025 11:00,11,0.123239437,0.275039124,0.220657277,0.29342723,0.075117371,0.012519562
21-12-2025 12:00,12,0.098200313,0.248043818,0.205399061,0.347809077,0.087245696,0.012519562
21-12-2025 13:00,13,0.063771518,0.209311424,0.213223787,0.399843505,0.104068858,0.009780908
21-12-2025 14:00,14,0.052425665,0.167057903,0.185054773,0.460485133,0.123630673,0.011345853
21-12-2025 15:00,15,0.039906103,0.143192488,0.154147105,0.504303599,0.140062598,0.018388106
21-12-2025 16:00,16,0.041471049,0.121283255,0.148669797,0.511737089,0.157276995,0.019561815
21-12-2025 17:00,17,0.036776213,0.127543036,0.153364632,0.490610329,0.16627543,0.025039124
21-12-2025 18:00,18,0.045383412,0.160015649,0.175665102,0.460093897,0.142018779,0.016431925
21-12-2025 19:00,19,0.0614241,0.200704225,0.216744914,0.405320814,0.10172144,0.014084507
21-12-2025 20:00,20,0.096244131,0.254303599,0.246087637,0.327073552,0.064945227,0.011345853
21-12-2025 21:00,21,0.129890454,0.309859155,0.238654147,0.253912363,0.058685446,0.008607199
21-12-2025 22:00,22,0.143192488,0.329029734,0.223395931,0.231611894,0.064162754,0.008607199
21-12-2025 23:00,23,0.145539906,0.332550861,0.206181534,0.240610329,0.066510172,0.008607199
22-12-2025 00:00,0,0.143192488,0.323552426,0.205790297,0.246087637,0.068075117,0.012910798
22-12-2025 01:00,1,0.140453834,0.299687011,0.196400626,0.258607199,0.088028169,0.016823161
22-12-2025 02:00,2,0.131455399,0.299687011,0.198748044,0.25743349,0.092331768,0.019953052
22-12-2025 03:00,3,0.113067293,0.300469484,0.197965571,0.272300469,0.09428795,0.021517997
22-12-2025 04:00,4,0.106025039,0.291471049,0.207746479,0.274256651,0.099374022,0.021126761
22-12-2025 05:00,5,0.103286385,0.299295775,0.206964006,0.273474178,0.093505477,0.022691706
22-12-2025 06:00,6,0.089593114,0.3114241,0.218701095,0.270344288,0.08685446,0.023082942
22-12-2025 07:00,7,0.09741784,0.330203443,0.216353678,0.258215962,0.078638498,0.019170579
22-12-2025 08:00,8,0.122065728,0.362676056,0.20970266,0.222613459,0.069248826,0.013693271
22-12-2025 09:00,9,0.153364632,0.338028169,0.197574335,0.222222222,0.073552426,0.015258216
22-12-2025 10:00,10,0.156103286,0.297730829,0.207355243,0.249217527,0.075899844,0.012910798
22-12-2025 11:00,11,0.123239437,0.275039124,0.220657277,0.29342723,0.075117371,0.012519562
22-12-2025 12:00,12,0.098200313,0.248043818,0.205399061,0.347809077,0.087245696,0.012519562
22-12-2025 13:00,13,0.063771518,0.209311424,0.213223787,0.399843505,0.104068858,0.009780908
22-12-2025 14:00,14,0.052425665,0.167057903,0.185054773,0.460485133,0.123630673,0.011345853
22-12-2025 15:00,15,0.039906103,0.143192488,0.154147105,0.504303599,0.140062598,0.018388106
22-12-2025 16:00,16,0.041471049,0.121283255,0.148669797,0.511737089,0.157276995,0.019561815
22-12-2025 17:00,17,0.036776213,0.127543036,0.153364632,0.490610329,0.16627543,0.025039124
22-12-2025 18:00,18,0.045383412,0.160015649,0.175665102,0.460093897,0.142018779,0.016431925
22-12-2025 19:00,19,0.0614241,0.200704225,0.216744914,0.405320814,0.10172144,0.014084507
22-12-2025 20:00,20,0.096244131,0.254303599,0.246087637,0.327073552,0.064945227,0.011345853
22-12-2025 21:00,21,0.129890454,0.309859155,0.238654147,0.253912363,0.058685446,0.008607199
22-12-2025 22:00,22,0.143192488,0.329029734,0.223395931,0.231611894,0.064162754,0.008607199
22-12-2025 23:00,23,0.145539906,0.332550861,0.206181534,0.240610329,0.066510172,0.008607199
23-12-2025 00:00,0,0.143192488,0.323552426,0.205790297,0.246087637,0.068075117,0.012910798
23-12-2025 01:00,1,0.140453834,0.299687011,0.196400626,0.258607199,0.088028169,0.016823161
23-12-2025 02:00,2,0.131455399,0.299687011,0.198748044,0.25743349,0.092331768,0.019953052
23-12-2025 03:00,3,0.113067293,0.300469484,0.197965571,0.272300469,0.09428795,0.021517997
23-12-2025 04:00,4,0.106025039,0.291471049,0.207746479,0.274256651,0.099374022,0.021126761
23-12-2025 05:00,5,0.103286385,0.299295775,0.206964006,0.273474178,0.093505477,0.022691706
23-12-2025 06:00,6,0.089593114,0.3114241,0.218701095,0.270344288,0.08685446,0.023082942
23-12-2025 07:00,7,0.09741784,0.330203443,0.216353678,0.258215962,0.078638498,0.019170579
23-12-2025 08:00,8,0.122065728,0.362676056,0.20970266,0.222613459,0.069248826,0.013693271
23-12-2025 09:00,9,0.153364632,0.338028169,0.197574335,0.222222222,0.073552426,0.015258216
23-12-2025 10:00,10,0.156103286,0.297730829,0.207355243,0.249217527,0.075899844,0.012910798
23-12-2025 11:00,11,0.123239437,0.275039124,0.220657277,0.29342723,0.075117371,0.012519562
23-12-2025 12:00,12,0.098200313,0.248043818,0.205399061,0.347809077,0.087245696,0.012519562
23-12-2025 13:00,13,0.063771518,0.209311424,0.213223787,0.399843505,0.104068858,0.009780908
23-12-2025 14:00,14,0.052425665,0.167057903,0.185054773,0.460485133,0.123630673,0.011345853
23-12-2025 15:00,15,0.039906103,0.143192488,0.154147105,0.504303599,0.140062598,0.018388106
23-12-2025 16:00,16,0.041471049,0.121283255,0.148669797,0.511737089,0.157276995,0.019561815
23-12-2025 17:00,17,0.036776213,0.127543036,0.153364632,0.490610329,0.16627543,0.025039124
23-12-2025 18:00,18,0.045383412,0.160015649,0.175665102,0.460093897,0.142018779,0.016431925
23-12-2025 19:00,19,0.0614241,0.200704225,0.216744914,0.405320814,0.10172144,0.014084507
23-12-2025 20:00,20,0.096244131,0.254303599,0.246087637,0.327073552,0.064945227,0.011345853
23-12-2025 21:00,21,0.129890454,0.309859155,0.238654147,0.253912363,0.058685446,0.008607199
23-12-2025 22:00,22,0.143192488,0.329029734,0.223395931,0.231611894,0.064162754,0.008607199
23-12-2025 23:00,23,0.145539906,0.332550861,0.206181534,0.240610329,0.066510172,0.008607199
24-12-2025 00:00,0,0.143192488,0.323552426,0.205790297,0.246087637,0.068075117,0.012910798
24-12-2025 01:00,1,0.140453834,0.299687011,0.196400626,0.258607199,0.088028169,0.016823161
24-12-2025 02:00,2,0.131455399,0.299687011,0.198748044,0.25743349,0.092331768,0.019953052
24-12-2025 03:00,3,0.113067293,0.300469484,0.197965571,0.272300469,0.09428795,0.021517997
24-12-2025 04:00,4,0.106025039,0.291471049,0.207746479,0.274256651,0.099374022,0.021126761
24-12-2025 05:00,5,0.103286385,0.299295775,0.206964006,0.273474178,0.093505477,0.022691706
24-12-2025 06:00,6,0.089593114,0.3114241,0.218701095,0.270344288,0.08685446,0.023082942
24-12-2025 07:00,7,0.09741784,0.330203443,0.216353678,0.258215962,0.078638498,0.019170579
24-12-2025 08:00,8,0.122065728,0.362676056,0.20970266,0.222613459,0.069248826,0.013693271
24-12-2025 09:00,9,0.153364632,0.338028169,0.197574335,0.222222222,0.073552426,0.015258216
24-12-2025 10:00,10,0.156103286,0.297730829,0.207355243,0.249217527,0.075899844,0.012910798
24-12-2025 11:00,11,0.123239437,0.275039124,0.220657277,0.29342723,0.075117371,0.012519562
24-12-2025 12:00,12,0.098200313,0.248043818,0.205399061,0.347809077,0.087245696,0.012519562
24-12-2025 13:00,13,0.063771518,0.209311424,0.213223787,0.399843505,0.104068858,0.009780908
24-12-2025 14:00,14,0.052425665,0.167057903,0.185054773,0.460485133,0.123630673,0.011345853
24-12-2025 15:00,15,0.039906103,0.143192488,0.154147105,0.504303599,0.140062598,0.018388106
24-12-2025 16:00,16,0.041471049,0.121283255,0.148669797,0.511737089,0.157276995,0.019561815
24-12-2025 17:00,17,0.036776213,0.127543036,0.153364632,0.490610329,0.16627543,0.025039124
24-12-2025 18:00,18,0.045383412,0.160015649,0.175665102,0.460093897,0.142018779,0.016431925
24-12-2025 19:00,19,0.0614241,0.200704225,0.216744914,0.405320814,0.10172144,0.014084507
24-12-2025 20:00,20,0.096244131,0.254303599,0.246087637,0.327073552,0.064945227,0.011345853
24-12-2025 21:00,21,0.129890454,0.309859155,0.238654147,0.253912363,0.058685446,0.008607199
24-12-2025 22:00,22,0.143192488,0.329029734,0.223395931,0.231611894,0.064162754,0.008607199
24-12-2025 23:00,23,0.145539906,0.332550861,0.206181534,0.240610329,0.066510172,0.008607199
25-12-2025 00:00,0,0.143192488,0.323552426,0.205790297,0.246087637,0.068075117,0.012910798
25-12-2025 01:00,1,0.140453834,0.299687011,0.196400626,0.258607199,0.088028169,0.016823161
25-12-2025 02:00,2,0.131455399,0.299687011,0.198748044,0.25743349,0.092331768,0.019953052
25-12-2025 03:00,3,0.113067293,0.300469484,0.197965571,0.272300469,0.09428795,0.021517997
25-12-2025 04:00,4,0.106025039,0.291471049,0.207746479,0.274256651,0.099374022,0.021126761
25-12-2025 05:00,5,0.103286385,0.299295775,0.206964006,0.273474178,0.093505477,0.022691706
25-12-2025 06:00,6,0.089593114,0.3114241,0.218701095,0.270344288,0.08685446,0.023082942
25-12-2025 07:00,7,0.09741784,0.330203443,0.216353678,0.258215962,0.078638498,0.019170579
25-12-2025 08:00,8,0.122065728,0.362676056,0.20970266,0.222613459,0.069248826,0.013693271
25-12-2025 09:00,9,0.153364632,0.338028169,0.197574335,0.222222222,0.073552426,0.015258216
25-12-2025 10:00,10,0.156103286,0.297730829,0.207355243,0.249217527,0.075899844,0.012910798
25-12-2025 11:00,11,0.123239437,0.275039124,0.220657277,0.29342723,0.075117371,0.012519562
25-12-2025 12:00,12,0.098200313,0.248043818,0.205399061,0.347809077,0.087245696,0.012519562
25-12-2025 13:00,13,0.063771518,0.209311424,0.213223787,0.399843505,0.104068858,0.009780908
25-12-2025 14:00,14,0.052425665,0.167057903,0.185054773,0.460485133,0.123630673,0.011345853
25-12-2025 15:00,15,0.039906103,0.143192488,0.154147105,0.504303599,0.140062598,0.018388106
25-12-2025 16:00,16,0.041471049,0.121283255,0.148669797,0.511737089,0.157276995,0.019561815
25-12-2025 17:00,17,0.036776213,0.127543036,0.153364632,0.490610329,0.16627543,0.025039124
25-12-2025 18:00,18,0.045383412,0.160015649,0.175665102,0.460093897,0.142018779,0.016431925
25-12-2025 19:00,19,0.0614241,0.200704225,0.216744914,0.405320814,0.10172144,0.014084507
25-12-2025 20:00,20,0.096244131,0.254303599,0.246087637,0.327073552,0.064945227,0.011345853
25-12-2025 21:00,21,0.129890454,0.309859155,0.238654147,0.253912363,0.058685446,0.008607199
25-12-2025 22:00,22,0.143192488,0.329029734,0.223395931,0.231611894,0.064162754,0.008607199
25-12-2025 23:00,23,0.145539906,0.332550861,0.206181534,0.240610329,0.066510172,0.008607199
26-12-2025 00:00,0,0.143192488,0.323552426,0.205790297,0.246087637,0.068075117,0.012910798
26-12-2025 01:00,1,0.140453834,0.299687011,0.196400626,0.258607199,0.088028169,0.016823161
26-12-2025 02:00,2,0.131455399,0.299687011,0.198748044,0.25743349,0.092331768,0.019953052
26-12-2025 03:00,3,0.113067293,0.300469484,0.197965571,0.272300469,0.09428795,0.021517997
26-12-2025 04:00,4,0.106025039,0.291471049,0.207746479,0.274256651,0.099374022,0.021126761
26-12-2025 05:00,5,0.103286385,0.299295775,0.206964006,0.273474178,0.093505477,0.022691706
26-12-2025 06:00,6,0.089593114,0.3114241,0.218701095,0.270344288,0.08685446,0.023082942
26-12-2025 07:00,7,0.09741784,0.330203443,0.216353678,0.258215962,0.078638498,0.019170579
26-12-2025 08:00,8,0.122065728,0.362676056,0.20970266,0.222613459,0.069248826,0.013693271
26-12-2025 09:00,9,0.153364632,0.338028169,0.197574335,0.222222222,0.073552426,0.015258216
26-12-2025 10:00,10,0.156103286,0.297730829,0.207355243,0.249217527,0.075899844,0.012910798
26-12-2025 11:00,11,0.123239437,0.275039124,0.220657277,0.29342723,0.075117371,0.012519562
26-12-2025 12:00,12,0.098200313,0.248043818,0.205399061,0.347809077,0.087245696,0.012519562
26-12-2025 13:00,13,0.063771518,0.209311424,0.213223787,0.399843505,0.104068858,0.009780908
26-12-2025 14:00,14,0.052425665,0.167057903,0.185054773,0.460485133,0.123630673,0.011345853
26-12-2025 15:00,15,0.039906103,0.143192488,0.154147105,0.504303599,0.140062598,0.018388106
26-12-2025 16:00,16,0.041471049,0.121283255,0.148669797,0.511737089,0.157276995,0.019561815
26-12-2025 17:00,17,0.036776213,0.127543036,0.153364632,0.490610329,0.16627543,0.025039124
26-12-2025 18:00,18,0.045383412,0.160015649,0.175665102,0.460093897,0.142018779,0.016431925
26-12-2025 19:00,19,0.0614241,0.200704225,0.216744914,0.405320814,0.10172144,0.014084507
26-12-2025 20:00,20,0.096244131,0.254303599,0.246087637,0.327073552,0.064945227,0.011345853
26-12-2025 21:00,21,0.129890454,0.309859155,0.238654147,0.253912363,0.058685446,0.008607199
26-12-2025 22:00,22,0.143192488,0.329029734,0.223395931,0.231611894,0.064162754,0.008607199
26-12-2025 23:00,23,0.145539906,0.332550861,0.206181534,0.240610329,0.066510172,0.008607199
27-12-2025 00:00,0,0.143192488,0.323552426,0.205790297,0.246087637,0.068075117,0.012910798
27-12-2025 01:00,1,0.140453834,0.299687011,0.196400626,0.258607199,0.088028169,0.016823161
27-12-2025 02:00,2,0.131455399,0.299687011,0.198748044,0.25743349,0.092331768,0.019953052
27-12-2025 03:00,3,0.113067293,0.300469484,0.197965571,0.272300469,0.09428795,0.021517997
27-12-2025 04:00,4,0.106025039,0.291471049,0.207746479,0.274256651,0.099374022,0.021126761
27-12-2025 05:00,5,0.103286385,0.299295775,0.206964006,0.273474178,0.093505477,0.022691706
27-12-2025 06:00,6,0.089593114,0.3114241,0.218701095,0.270344288,0.08685446,0.023082942
27-12-2025 07:00,7,0.09741784,0.330203443,0.216353678,0.258215962,0.078638498,0.019170579
27-12-2025 08:00,8,0.122065728,0.362676056,0.20970266,0.222613459,0.069248826,0.013693271
27-12-2025 09:00,9,0.153364632,0.338028169,0.197574335,0.222222222,0.073552426,0.015258216
27-12-2025 10:00,10,0.156103286,0.297730829,0.207355243,0.249217527,0.075899844,0.012910798
27-12-2025 11:00,11,0.123239437,0.275039124,0.220657277,0.29342723,0.075117371,0.012519562
27-12-2025 12:00,12,0.098200313,0.248043818,0.205399061,0.347809077,0.087245696,0.012519562
27-12-2025 13:00,13,0.063771518,0.209311424,0.213223787,0.399843505,0.104068858,0.009780908
27-12-2025 14:00,14,0.052425665,0.167057903,0.185054773,0.460485133,0.123630673,0.011345853
27-12-2025 15:00,15,0.039906103,0.143192488,0.154147105,0.504303599,0.140062598,0.018388106
27-12-2025 16:00,16,0.041471049,0.121283255,0.148669797,0.511737089,0.157276995,0.019561815
27-12-2025 17:00,17,0.036776213,0.127543036,0.153364632,0.490610329,0.16627543,0.025039124
27-12-2025 18:00,18,0.045383412,0.160015649,0.175665102,0.460093897,0.142018779,0.016431925
27-12-2025 19:00,19,0.0614241,0.200704225,0.216744914,0.405320814,0.10172144,0.014084507
27-12-2025 20:00,20,0.096244131,0.254303599,0.246087637,0.327073552,0.064945227,0.011345853
27-12-2025 21:00,21,0.129890454,0.309859155,0.238654147,0.253912363,0.058685446,0.008607199
27-12-2025 22:00,22,0.143192488,0.329029734,0.223395931,0.231611894,0.064162754,0.008607199
27-12-2025 23:00,23,0.145539906,0.332550861,0.206181534,0.240610329,0.066510172,0.008607199
28-12-2025 00:00,0,0.143192488,0.323552426,0.205790297,0.246087637,0.068075117,0.012910798
28-12-2025 01:00,1,0.140453834,0.299687011,0.196400626,0.258607199,0.088028169,0.016823161
28-12-2025 02:00,2,0.131455399,0.299687011,0.198748044,0.25743349,0.092331768,0.019953052
28-12-2025 03:00,3,0.113067293,0.300469484,0.197965571,0.272300469,0.09428795,0.021517997
28-12-2025 04:00,4,0.106025039,0.291471049,0.207746479,0.274256651,0.099374022,0.021126761
28-12-2025 05:00,5,0.103286385,0.299295775,0.206964006,0.273474178,0.093505477,0.022691706
28-12-2025 06:00,6,0.089593114,0.3114241,0.218701095,0.270344288,0.08685446,0.023082942
28-12-2025 07:00,7,0.09741784,0.330203443,0.216353678,0.258215962,0.078638498,0.019170579
28-12-2025 08:00,8,0.122065728,0.362676056,0.20970266,0.222613459,0.069248826,0.013693271
28-12-2025 09:00,9,0.153364632,0.338028169,0.197574335,0.222222222,0.073552426,0.015258216
28-12-2025 10:00,10,0.156103286,0.297730829,0.207355243,0.249217527,0.075899844,0.012910798
28-12-2025 11:00,11,0.123239437,0.275039124,0.220657277,0.29342723,0.075117371,0.012519562
28-12-2025 12:00,12,0.098200313,0.248043818,0.205399061,0.347809077,0.087245696,0.012519562
28-12-2025 13:00,13,0.063771518,0.209311424,0.213223787,0.399843505,0.104068858,0.009780908
28-12-2025 14:00,14,0.052425665,0.167057903,0.185054773,0.460485133,0.123630673,0.011345853
28-12-2025 15:00,15,0.039906103,0.143192488,0.154147105,0.504303599,0.140062598,0.018388106
28-12-2025 16:00,16,0.041471049,0.121283255,0.148669797,0.511737089,0.157276995,0.019561815
28-12-2025 17:00,17,0.036776213,0.127543036,0.153364632,0.490610329,0.16627543,0.025039124
28-12-2025 18:00,18,0.045383412,0.160015649,0.175665102,0.460093897,0.142018779,0.016431925
28-12-2025 19:00,19,0.0614241,0.200704225,0.216744914,0.405320814,0.10172144,0.014084507
28-12-2025 20:00,20,0.096244131,0.254303599,0.246087637,0.327073552,0.064945227,0.011345853
28-12-2025 21:00,21,0.129890454,0.309859155,0.238654147,0.253912363,0.058685446,0.008607199
28-12-2025 22:00,22,0.143192488,0.329029734,0.223395931,0.231611894,0.064162754,0.008607199
28-12-2025 23:00,23,0.145539906,0.332550861,0.206181534,0.240610329,0.066510172,0.008607199
29-12-2025 00:00,0,0.143192488,0.323552426,0.205790297,0.246087637,0.068075117,0.012910798
29-12-2025 01:00,1,0.140453834,0.299687011,0.196400626,0.258607199,0.088028169,0.016823161
29-12-2025 02:00,2,0.131455399,0.299687011,0.198748044,0.25743349,0.092331768,0.019953052
29-12-2025 03:00,3,0.113067293,0.300469484,0.197965571,0.272300469,0.09428795,0.021517997
29-12-2025 04:00,4,0.106025039,0.291471049,0.207746479,0.274256651,0.099374022,0.021126761
29-12-2025 05:00,5,0.103286385,0.299295775,0.206964006,0.273474178,0.093505477,0.022691706
29-12-2025 06:00,6,0.089593114,0.3114241,0.218701095,0.270344288,0.08685446,0.023082942
29-12-2025 07:00,7,0.09741784,0.330203443,0.216353678,0.258215962,0.078638498,0.019170579
29-12-2025 08:00,8,0.122065728,0.362676056,0.20970266,0.222613459,0.069248826,0.013693271
29-12-2025 09:00,9,0.153364632,0.338028169,0.197574335,0.222222222,0.073552426,0.015258216
29-12-2025 10:00,10,0.156103286,0.297730829,0.207355243,0.249217527,0.075899844,0.012910798
29-12-2025 11:00,11,0.123239437,0.275039124,0.220657277,0.29342723,0.075117371,0.012519562
29-12-2025 12:00,12,0.098200313,0.248043818,0.205399061,0.347809077,0.087245696,0.012519562
29-12-2025 13:00,13,0.063771518,0.209311424,0.213223787,0.399843505,0.104068858,0.009780908
29-12-2025 14:00,14,0.052425665,0.167057903,0.185054773,0.460485133,0.123630673,0.011345853
29-12-2025 15:00,15,0.039906103,0.143192488,0.154147105,0.504303599,0.140062598,0.018388106
29-12-2025 16:00,16,0.041471049,0.121283255,0.148669797,0.511737089,0.157276995,0.019561815
29-12-2025 17:00,17,0.036776213,0.127543036,0.153364632,0.490610329,0.16627543,0.025039124
29-12-2025 18:00,18,0.045383412,0.160015649,0.175665102,0.460093897,0.142018779,0.016431925
29-12-2025 19:00,19,0.0614241,0.200704225,0.216744914,0.405320814,0.10172144,0.014084507
29-12-2025 20:00,20,0.096244131,0.254303599,0.246087637,0.327073552,0.064945227,0.011345853
29-12-2025 21:00,21,0.129890454,0.309859155,0.238654147,0.253912363,0.058685446,0.008607199
29-12-2025 22:00,22,0.143192488,0.329029734,0.223395931,0.231611894,0.064162754,0.008607199
29-12-2025 23:00,23,0.145539906,0.332550861,0.206181534,0.240610329,0.066510172,0.008607199
30-12-2025 00:00,0,0.143192488,0.323552426,0.205790297,0.246087637,0.068075117,0.012910798
30-12-2025 01:00,1,0.140453834,0.299687011,0.196400626,0.258607199,0.088028169,0.016823161
30-12-2025 02:00,2,0.131455399,0.299687011,0.198748044,0.25743349,0.092331768,0.019953052
30-12-2025 03:00,3,0.113067293,0.300469484,0.197965571,0.272300469,0.09428795,0.021517997
30-12-2025 04:00,4,0.106025039,0.291471049,0.207746479,0.274256651,0.099374022,0.021126761
30-12-2025 05:00,5,0.103286385,0.299295775,0.206964006,0.273474178,0.093505477,0.022691706
30-12-2025 06:00,6,0.089593114,0.3114241,0.218701095,0.270344288,0.08685446,0.023082942
30-12-2025 07:00,7,0.09741784,0.330203443,0.216353678,0.258215962,0.078638498,0.019170579
30-12-2025 08:00,8,0.122065728,0.362676056,0.20970266,0.222613459,0.069248826,0.013693271
30-12-2025 09:00,9,0.153364632,0.338028169,0.197574335,0.222222222,0.073552426,0.015258216
30-12-2025 10:00,10,0.156103286,0.297730829,0.207355243,0.249217527,0.075899844,0.012910798
30-12-2025 11:00,11,0.123239437,0.275039124,0.220657277,0.29342723,0.075117371,0.012519562
30-12-2025 12:00,12,0.098200313,0.248043818,0.205399061,0.347809077,0.087245696,0.012519562
30-12-2025 13:00,13,0.063771518,0.209311424,0.213223787,0.399843505,0.104068858,0.009780908
30-12-2025 14:00,14,0.052425665,0.167057903,0.185054773,0.460485133,0.123630673,0.011345853
30-12-2025 15:00,15,0.039906103,0.143192488,0.154147105,0.504303599,0.140062598,0.018388106
30-12-2025 16:00,16,0.041471049,0.121283255,0.148669797,0.511737089,0.157276995,0.019561815
30-12-2025 17:00,17,0.036776213,0.127543036,0.153364632,0.490610329,0.16627543,0.025039124
30-12-2025 18:00,18,0.045383412,0.160015649,0.175665102,0.460093897,0.142018779,0.016431925
30-12-2025 19:00,19,0.0614241,0.200704225,0.216744914,0.405320814,0.10172144,0.014084507
30-12-2025 20:00,20,0.096244131,0.254303599,0.246087637,0.327073552,0.064945227,0.011345853
30-12-2025 21:00,21,0.129890454,0.309859155,0.238654147,0.253912363,0.058685446,0.008607199
30-12-2025 22:00,22,0.143192488,0.329029734,0.223395931,0.231611894,0.064162754,0.008607199
30-12-2025 23:00,23,0.145539906,0.332550861,0.206181534,0.240610329,0.066510172,0.008607199
31-12-2025 00:00,0,0.143192488,0.323552426,0.205790297,0.246087637,0.068075117,0.012910798
31-12-2025 01:00,1,0.140453834,0.299687011,0.196400626,0.258607199,0.088028169,0.016823161
31-12-2025 02:00,2,0.131455399,0.299687011,0.198748044,0.25743349,0.092331768,0.019953052
31-12-2025 03:00,3,0.113067293,0.300469484,0.197965571,0.272300469,0.09428795,0.021517997
31-12-2025 04:00,4,0.106025039,0.291471049,0.207746479,0.274256651,0.099374022,0.021126761
31-12-2025 05:00,5,0.103286385,0.299295775,0.206964006,0.273474178,0.093505477,0.022691706
31-12-2025 06:00,6,0.089593114,0.3114241,0.218701095,0.270344288,0.08685446,0.023082942
31-12-2025 07:00,7,0.09741784,0.330203443,0.216353678,0.258215962,0.078638498,0.019170579
31-12-2025 08:00,8,0.122065728,0.362676056,0.20970266,0.222613459,0.069248826,0.013693271
31-12-2025 09:00,9,0.153364632,0.338028169,0.197574335,0.222222222,0.073552426,0.015258216
31-12-2025 10:00,10,0.156103286,0.297730829,0.207355243,0.249217527,0.075899844,0.012910798
31-12-2025 11:00,11,0.123239437,0.275039124,0.220657277,0.29342723,0.075117371,0.012519562
31-12-2025 12:00,12,0.098200313,0.248043818,0.205399061,0.347809077,0.087245696,0.012519562
31-12-2025 13:00,13,0.063771518,0.209311424,0.213223787,0.399843505,0.104068858,0.009780908
31-12-2025 14:00,14,0.052425665,0.167057903,0.185054773,0.460485133,0.123630673,0.011345853
31-12-2025 15:00,15,0.039906103,0.143192488,0.154147105,0.504303599,0.140062598,0.018388106
31-12-2025 16:00,16,0.041471049,0.121283255,0.148669797,0.511737089,0.157276995,0.019561815
31-12-2025 17:00,17,0.036776213,0.127543036,0.153364632,0.490610329,0.16627543,0.025039124
31-12-2025 18:00,18,0.045383412,0.160015649,0.175665102,0.460093897,0.142018779,0.016431925
31-12-2025 19:00,19,0.0614241,0.200704225,0.216744914,0.405320814,0.10172144,0.014084507
31-12-2025 20:00,20,0.096244131,0.254303599,0.246087637,0.327073552,0.064945227,0.011345853
31-12-2025 21:00,21,0.129890454,0.309859155,0.238654147,0.253912363,0.058685446,0.008607199
31-12-2025 22:00,22,0.143192488,0.329029734,0.223395931,0.231611894,0.064162754,0.008607199
31-12-2025 23:00,23,0.145539906,0.332550861,0.206181534,0.240610329,0.066510172,0.008607199
